year,ncessch,school_name,lea_name,street_location,city_location,zip_location,county_code,latitude,longitude,school_level,school_type,school_status,charter,magnet,virtual,lowest_grade_offered,highest_grade_offered,enrollment,teachers_fte
2018,360003904439,AMBER CHARTER SCHOOL EAST HARLEM,AMBER CHARTER SCHOOL EAST HARLEM,220 E 106TH ST,NEW YORK,10029,36061,40.790947,-73.943891,1,1,1,1,0,0,0,5,526,27
2018,360004204466,BRONX PREPARATORY CHARTER SCHOOL,BRONX PREPARATORY CHARTER SCHOOL,3872 3RD AVE,BRONX,10457,36005,40.838976,-73.900102,3,1,1,1,0,0,6,12,706,53
2018,360004504493,BROOKLYN CHARTER SCHOOL (THE),BROOKLYN CHARTER SCHOOL (THE),545 WILLOUGHBY AVE,BROOKLYN,11206,36047,40.694236,-73.947566,1,1,1,1,0,0,0,5,209,12
2018,360004604487,COMMUNITY PARTNERSHIP CHARTER SCHOOL,COMMUNITY PARTNERSHIP CHARTER SCHOOL,241 EMERSON PL,BROOKLYN,11205,36047,40.691011,-73.961346,1,1,1,1,0,0,-1,8,411,42
2018,360004704413,HARBOR SCIENCE AND ARTS CHARTER SCHOOL,HARBOR SCIENCE AND ARTS CHARTER SCHOOL,132-142 E 111TH ST,NEW YORK,10029,36061,40.79554,-73.944543,1,1,1,1,0,0,0,8,282,20
2018,360004804457,HARRIET TUBMAN CHARTER SCHOOL,HARRIET TUBMAN CHARTER SCHOOL,3565 3RD AVE,BRONX,10456,36005,40.832184,-73.905563,1,1,1,1,0,0,0,8,682,53
2018,360004904470,ICAHN CHARTER SCHOOL 1,ICAHN CHARTER SCHOOL 1,1525 BROOK AVE,BRONX,10457,36005,40.839151,-73.905106,1,1,1,1,0,0,0,8,332,28
2018,360005304411,JOHN V LINDSAY WILDCAT ACADEMY CHARTER SCHOOL,JOHN V LINDSAY WILDCAT ACADEMY CHARTER SCHOOL,17 BATTERY PL,NEW YORK,10004,36061,40.70561,-74.015841,3,4,1,1,0,0,9,12,472,20
2018,360005404452,KIPP ACADEMY CHARTER SCHOOL,KIPP ACADEMY CHARTER SCHOOL,250 E 156TH ST-4TH FL,BRONX,10451,36005,40.822773,-73.921607,4,1,1,1,0,0,0,12,1061,83
2018,360005504777,MERRICK ACADEMY-QUEENS PUBLIC CHARTER SCHOOL,MERRICK ACADEMY-QUEENS PUBLIC CHARTER SCHOOL,136-25 218TH ST,SPRINGFIELD GARDENS,11413,36081,40.676288,-73.75307,1,1,1,1,0,0,0,5,523,26
2018,360005704804,OUR WORLD NEIGHBORHOOD CHARTER SCHOOL,OUR WORLD NEIGHBORHOOD CHARTER SCHOOL,36-12 35TH AVE,ASTORIA,11106,36081,40.755821,-73.924151,1,1,1,1,0,0,0,8,734,43
2018,360005904803,RENAISSANCE CHARTER SCHOOL,RENAISSANCE CHARTER SCHOOL,35-59 81ST ST,JACKSON HEIGHTS,11372,36081,40.749882,-73.885101,4,1,1,1,0,0,-1,12,558,43
2018,360006104438,SISULU-WALKER CHARTER SCHOOL OF HARLEM,SISULU-WALKER CHARTER SCHOOL OF HARLEM,125 W 115TH ST,NEW YORK,10026,36061,40.802065,-73.951362,1,1,1,1,0,0,0,5,220,11
2018,360006304875,BRONX CHARTER SCHOOL FOR THE ARTS,BRONX CHARTER SCHOOL FOR THE ARTS,950 LONGFELLOW AVE,BRONX,10474,36005,40.821821,-73.886466,1,1,1,1,0,0,0,6,431,31
2018,360006604877,FAMILY LIFE ACADEMY CHARTER SCHOOL I,FAMILY LIFE ACADEMY CHARTER SCHOOL I,14 W 170TH ST,BRONX,10452,36005,40.840247,-73.918591,1,1,1,1,0,0,0,5,266,15
2018,360006804870,HARLEM PREP CHARTER SCHOOL,HARLEM PREP CHARTER SCHOOL,240 E 123RD ST-1ST FL,NEW YORK,10035,36061,40.801566,-73.935357,4,1,1,1,0,0,0,11,951,71
2018,360007600624,LOWER EAST SIDE PREPARATORY HIGH SCHOOL,NEW YORK CITY GEOGRAPHIC DISTRICT # 1,145 STANTON ST-4TH FL,NEW YORK,10002,36061,40.720106,-73.986003,3,1,1,0,0,0,9,12,494,35
2018,360007600695,EAST SIDE COMMUNITY SCHOOL,NEW YORK CITY GEOGRAPHIC DISTRICT # 1,420 E 12TH ST,NEW YORK,10009,36061,40.729227,-73.982442,3,1,1,0,0,0,6,12,678,46
2018,360007601275,MARTA VALLE HIGH SCHOOL,NEW YORK CITY GEOGRAPHIC DISTRICT # 1,145 STANTON ST,NEW YORK,10002,36061,40.72012,-73.98599,3,1,1,0,0,0,9,12,126,12
2018,360007602087,PS 15 ROBERTO CLEMENTE,NEW YORK CITY GEOGRAPHIC DISTRICT # 1,333 E 4TH ST,NEW YORK,10009,36061,40.721903,-73.978775,1,1,1,0,0,0,-1,5,171,25
2018,360007602101,PS 19 ASHER LEVY,NEW YORK CITY GEOGRAPHIC DISTRICT # 1,185 1ST AVE,NEW YORK,10003,36061,40.729885,-73.984224,1,1,1,0,0,0,-1,5,247,35
2018,360007602104,PS 20 ANNA SILVER,NEW YORK CITY GEOGRAPHIC DISTRICT # 1,166 ESSEX ST,NEW YORK,10002,36061,40.721263,-73.986337,1,1,1,0,0,0,-1,5,482,34
2018,360007602157,PS 34 FRANKLIN D ROOSEVELT,NEW YORK CITY GEOGRAPHIC DISTRICT # 1,730 E 12TH ST,NEW YORK,10009,36061,40.72624,-73.97498,1,1,1,0,0,0,-1,8,305,33
2018,360007602270,STAR ACADEMY PS 63 (THE),NEW YORK CITY GEOGRAPHIC DISTRICT # 1,121 E 3RD ST,NEW YORK,10009,36061,40.724394,-73.986271,1,1,1,0,0,0,-1,5,231,21
2018,360007602411,PS 110 FLORENCE NIGHTINGALE,NEW YORK CITY GEOGRAPHIC DISTRICT # 1,285 DELANCEY ST,NEW YORK,10002,36061,40.715312,-73.980034,1,1,1,0,0,0,-1,5,374,23
2018,360007602492,PS 134 HENRIETTA SZOLD,NEW YORK CITY GEOGRAPHIC DISTRICT # 1,293 E BROADWAY,NEW YORK,10002,36061,40.714299,-73.98327,1,1,1,0,0,0,-1,5,274,26
2018,360007602511,PS 140 NATHAN STRAUS,NEW YORK CITY GEOGRAPHIC DISTRICT # 1,123 RIDGE ST,NEW YORK,10002,36061,40.719109,-73.983432,1,1,1,0,0,0,-1,8,386,30
2018,360007602515,PS 142 AMALIA CASTRO,NEW YORK CITY GEOGRAPHIC DISTRICT # 1,100 ATTORNEY ST,NEW YORK,10002,36061,40.718333,-73.984033,1,1,1,0,0,0,-1,5,357,40
2018,360007603352,CASCADES HIGH SCHOOL,NEW YORK CITY GEOGRAPHIC DISTRICT # 1,198 FORSYTH ST-3RD FL,NEW YORK,10002,36061,40.722406,-73.990609,3,1,1,0,0,0,9,12,164,12
2018,360007603508,PS 184 SHUANG WEN,NEW YORK CITY GEOGRAPHIC DISTRICT # 1,327 CHERRY ST-2ND FL,NEW YORK,10002,36061,40.711412,-73.985468,1,1,1,0,0,0,-1,8,675,51
2018,360007603680,UNIVERSITY NEIGHBORHOOD HIGH SCHOOL,NEW YORK CITY GEOGRAPHIC DISTRICT # 1,200 MONROE ST,NEW YORK,10002,36061,40.712344,-73.984063,3,1,1,0,0,0,9,12,482,32
2018,360007604868,PS 64 ROBERT SIMON,NEW YORK CITY GEOGRAPHIC DISTRICT # 1,600 E 6TH ST,NEW YORK,10009,36061,40.724207,-73.981582,1,1,1,0,0,0,-1,5,225,21
2018,360007604869,PS 188 ISLAND SCHOOL (THE),NEW YORK CITY GEOGRAPHIC DISTRICT # 1,442 E HOUSTON ST,NEW YORK,10002,36061,40.719714,-73.977508,1,1,1,0,0,0,-1,8,405,34
2018,360007604873,NEW EXPLORATIONS INTO SCIENCETECH AND MATH HIGH SCHOOL,NEW YORK CITY GEOGRAPHIC DISTRICT # 1,111 COLUMBIA ST,NEW YORK,10002,36061,40.719264,-73.979627,4,1,1,0,0,0,0,12,1752,95
2018,360007605614,ORCHARD COLLEGIATE ACADEMY,NEW YORK CITY GEOGRAPHIC DISTRICT # 1,220 HENRY ST,NEW YORK,10002,36061,40.71321,-73.98597,3,1,1,0,0,0,9,12,198,17
2018,360007605615,EAST VILLAGE COMMUNITY SCHOOL (THE),NEW YORK CITY GEOGRAPHIC DISTRICT # 1,610 E 12TH ST,NEW YORK,10009,36061,40.727688,-73.978441,1,1,1,0,0,0,-1,5,333,24
2018,360007605616,UNIVERSITY NEIGHBORHOOD MIDDLE SCHOOL,NEW YORK CITY GEOGRAPHIC DISTRICT # 1,220 HENRY ST,NEW YORK,10002,36061,40.713233,-73.985989,2,1,1,0,0,0,6,8,207,26
2018,360007605617,CHILDRENS WORKSHOP SCHOOL (THE),NEW YORK CITY GEOGRAPHIC DISTRICT # 1,610 E 12TH ST,NEW YORK,10009,36061,40.727703,-73.978458,1,1,1,0,0,0,-1,5,324,27
2018,360007605618,NEIGHBORHOOD SCHOOL,NEW YORK CITY GEOGRAPHIC DISTRICT # 1,121 E 3RD ST,NEW YORK,10009,36061,40.724368,-73.986274,1,1,1,0,0,0,-1,5,307,23
2018,360007605619,EARTH SCHOOL,NEW YORK CITY GEOGRAPHIC DISTRICT # 1,600 E 6TH ST,NEW YORK,10009,36061,40.724196,-73.981597,1,1,1,0,0,0,-1,5,351,31
2018,360007605620,TOMPKINS SQUARE MIDDLE SCHOOL,NEW YORK CITY GEOGRAPHIC DISTRICT # 1,600 E 6TH ST,NEW YORK,10009,36061,40.724196,-73.981583,2,1,1,0,0,0,6,8,362,30
2018,360007605621,BARD HIGH SCHOOL EARLY COLLEGE,NEW YORK CITY GEOGRAPHIC DISTRICT # 1,525 E HOUSTON ST,NEW YORK,10002,36061,40.718322,-73.976081,3,1,1,0,0,0,9,12,614,40
2018,360007605763,TECHNOLOGY ARTS AND SCIENCES STUDIO SCHOOL,NEW YORK CITY GEOGRAPHIC DISTRICT # 1,185 1ST AVE,NEW YORK,10003,36061,40.729887,-73.984215,-1,1,2,0,,,,,,
2018,360007606021,SCHOOL FOR GLOBAL LEADERS,NEW YORK CITY GEOGRAPHIC DISTRICT # 1,145 STANTON ST,NEW YORK,10002,36061,40.72012,-73.98599,2,1,1,0,0,0,6,8,252,33
2018,360007606296,FORSYTHE SATELLITE ACADEMY,NEW YORK CITY GEOGRAPHIC DISTRICT # 1,198 FORSYTH ST,NEW YORK,10002,36061,40.722406,-73.990609,3,1,1,0,0,0,9,12,174,14
2018,360007700116,HIGH SCHOOL FOR ENVIRONMENTAL STUDIES,NEW YORK CITY GEOGRAPHIC DISTRICT # 2,444 W 56TH ST,NEW YORK,10019,36061,40.767847,-73.988758,3,1,1,0,0,0,9,12,1160,71
2018,360007700582,LANDMARK HIGH SCHOOL,NEW YORK CITY GEOGRAPHIC DISTRICT # 2,351 W 18TH ST,NEW YORK,10011,36061,40.743343,-74.002594,3,1,1,0,0,0,9,12,332,26
2018,360007700584,MANHATTAN VILLAGE ACADEMY,NEW YORK CITY GEOGRAPHIC DISTRICT # 2,43 W 22ND ST,NEW YORK,10010,36061,40.741993,-73.992267,3,1,1,0,0,0,9,12,452,29
2018,360007700585,VANGUARD HIGH SCHOOL,NEW YORK CITY GEOGRAPHIC DISTRICT # 2,317 E 67TH ST-RM 401,NEW YORK,10021,36061,40.765457,-73.959748,3,1,1,0,0,0,9,12,422,38
2018,360007700586,MANHATTAN INTERNATIONAL HIGH SCHOOL,NEW YORK CITY GEOGRAPHIC DISTRICT # 2,317 E 67TH ST,NEW YORK,10021,36061,40.765468,-73.959728,3,1,1,0,0,0,9,12,315,21
2018,360007700595,UNITY CENTER FOR URBAN TECHNOLOGIES,NEW YORK CITY GEOGRAPHIC DISTRICT # 2,111 E 33RD ST,NEW YORK,10016,36061,40.746459,-73.9811,3,1,1,0,0,0,9,12,278,17
2018,360007700637,LIBERTY HIGH SCHOOL ACADEMY FOR NEWCOMERS,NEW YORK CITY GEOGRAPHIC DISTRICT # 2,250 W 18TH ST,NEW YORK,10011,36061,40.741842,-74.000248,3,1,1,0,0,0,9,12,411,26
2018,360007700649,HIGH SCHOOL 560 CITY-AS-SCHOOL,NEW YORK CITY GEOGRAPHIC DISTRICT # 2,16 CLARKSON ST,NEW YORK,10014,36061,40.729132,-74.006203,3,1,1,0,0,0,10,12,529,35
2018,360007700668,SATELLITE ACADEMY HIGH SCHOOL,NEW YORK CITY GEOGRAPHIC DISTRICT # 2,120 W 30TH ST,NEW YORK,10001,36061,40.747533,-73.990621,7,1,1,0,0,0,9,9,270,15
2018,360007700691,HIGH SCHOOL FOR HEALTH PROFESSIONS & HUMAN SERVICES,NEW YORK CITY GEOGRAPHIC DISTRICT # 2,345 E 15TH ST,NEW YORK,10003,36061,40.732593,-73.9826,3,1,1,0,0,0,9,12,1840,100
2018,360007700692,LEADERSHIP & PUBLIC SERVICE HIGH SCHOOL,NEW YORK CITY GEOGRAPHIC DISTRICT # 2,90 TRINITY PL,NEW YORK,10006,36061,40.70896,-74.012527,3,1,1,0,0,0,9,12,474,29
2018,360007700700,HIGH SCHOOL OF ECONOMICS & FINANCE,NEW YORK CITY GEOGRAPHIC DISTRICT # 2,100 TRINITY PL,NEW YORK,10006,36061,40.709264,-74.012352,3,1,1,0,0,0,9,12,743,43
2018,360007701219,PS 290 MANHATTAN NEW SCHOOL,NEW YORK CITY GEOGRAPHIC DISTRICT # 2,311 E 82ND ST,NEW YORK,10028,36061,40.77515,-73.952833,1,1,1,0,0,0,-1,5,596,38
2018,360007701297,TALENT UNLIMITED HIGH SCHOOL,NEW YORK CITY GEOGRAPHIC DISTRICT # 2,317 E 67TH ST,NEW YORK,10021,36061,40.765461,-73.95975,3,1,1,0,0,0,9,12,519,35
2018,360007701299,JACQUELINE KENNEDY-ONASSIS HIGH SCHOOL,NEW YORK CITY GEOGRAPHIC DISTRICT # 2,120 W 46TH ST,NEW YORK,10036,36061,40.757722,-73.983326,3,1,1,0,0,0,9,12,453,31
2018,360007701713,REPERTORY COMPANY HIGH SCHOOL FOR THEATRE ARTS,NEW YORK CITY GEOGRAPHIC DISTRICT # 2,123 W 43RD ST,NEW YORK,10036,36061,40.756051,-73.984398,3,1,1,0,0,0,9,12,236,14
2018,360007701720,INSTITUTE FOR COLLABORATIVE EDUCATION,NEW YORK CITY GEOGRAPHIC DISTRICT # 2,345 E 15TH ST,NEW YORK,10003,36061,40.732585,-73.98263,3,1,1,0,0,0,6,12,484,28
2018,360007701723,PROFESSIONAL PERFORMING ARTS HIGH SCHOOL,NEW YORK CITY GEOGRAPHIC DISTRICT # 2,328 W 48TH ST,NEW YORK,10036,36061,40.761443,-73.988578,3,1,1,0,0,0,6,12,562,30
2018,360007701911,ART AND DESIGN HIGH SCHOOL,NEW YORK CITY GEOGRAPHIC DISTRICT # 2,231-249 E 56TH ST,NEW YORK,10019,36061,40.759105,-73.965913,3,3,1,0,0,0,9,12,1485,93
2018,360007701934,CHELSEA CAREER AND TECHNICAL EDUCATION HIGH SCHOOL,NEW YORK CITY GEOGRAPHIC DISTRICT # 2,131 AVE OF THE AMERICAS,NEW YORK,10013,36061,40.724605,-74.005008,3,3,1,0,0,0,9,12,453,38
2018,360007701949,HIGH SCHOOL OF FASHION INDUSTRIES (THE),NEW YORK CITY GEOGRAPHIC DISTRICT # 2,225 W 24TH ST,NEW YORK,10011,36061,40.74557,-73.996456,3,3,1,0,0,0,9,12,1591,105
2018,360007702034,MURRY BERGTRAUM HIGH SCHOOL FOR BUSINESS CAREERS,NEW YORK CITY GEOGRAPHIC DISTRICT # 2,411 PEARL ST,NEW YORK,10038,36061,40.711205,-74.001485,3,1,1,0,0,0,9,12,184,19
2018,360007702042,PS 1 ALFRED E SMITH,NEW YORK CITY GEOGRAPHIC DISTRICT # 2,8 HENRY ST,NEW YORK,10038,36061,40.712613,-73.997523,1,1,1,0,0,0,-1,5,293,25
2018,360007702047,PS 2 MEYER LONDON,NEW YORK CITY GEOGRAPHIC DISTRICT # 2,122 HENRY ST,NEW YORK,10002,36061,40.713079,-73.991494,1,1,1,0,0,0,-1,5,476,44
2018,360007702049,PS 3 CHARRETTE SCHOOL,NEW YORK CITY GEOGRAPHIC DISTRICT # 2,490 HUDSON ST,NEW YORK,10014,36061,40.73253,-74.006031,1,1,1,0,0,0,-1,5,731,44
2018,360007702058,PS 6 LILLIE D BLAKE,NEW YORK CITY GEOGRAPHIC DISTRICT # 2,45 E 81ST ST,NEW YORK,10028,36061,40.777579,-73.960474,1,1,1,0,0,0,-1,5,669,41
2018,360007702076,PS 11 WILLIAM T HARRIS,NEW YORK CITY GEOGRAPHIC DISTRICT # 2,320 W 21ST ST,NEW YORK,10011,36061,40.744227,-74.000706,1,1,1,0,0,0,-1,5,879,51
2018,360007702152,PS 33 CHELSEA PREP,NEW YORK CITY GEOGRAPHIC DISTRICT # 2,281 9TH AVE,NEW YORK,10001,36061,40.749004,-74.000106,1,1,1,0,0,0,-1,5,638,42
2018,360007702177,PS 40 AUGUSTUS SAINT-GAUDENS,NEW YORK CITY GEOGRAPHIC DISTRICT # 2,320 E 20TH ST,NEW YORK,10003,36061,40.735498,-73.981509,1,1,1,0,0,0,-1,5,709,42
2018,360007702184,PS 41 GREENWICH VILLAGE,NEW YORK CITY GEOGRAPHIC DISTRICT # 2,116 W 11TH ST,NEW YORK,10011,36061,40.735494,-73.999137,1,1,1,0,0,0,-1,5,688,40
2018,360007702187,PS 42 BENJAMIN ALTMAN,NEW YORK CITY GEOGRAPHIC DISTRICT # 2,71 HESTER ST,NEW YORK,10002,36061,40.716058,-73.990879,1,1,1,0,0,0,-1,5,575,46
2018,360007702225,PS 51 ELIAS HOWE,NEW YORK CITY GEOGRAPHIC DISTRICT # 2,525 W 44TH ST,NEW YORK,10036,36061,40.76158,-73.995811,1,1,1,0,0,0,-1,5,482,30
2018,360007702253,PS 59 BEEKMAN HILL INTERNATIONAL,NEW YORK CITY GEOGRAPHIC DISTRICT # 2,231-249 E 56TH ST,NEW YORK,10019,36061,40.759105,-73.965913,1,1,1,0,0,0,-1,5,599,41
2018,360007702414,PS 111 ADOLPH S OCHS,NEW YORK CITY GEOGRAPHIC DISTRICT # 2,440 W 53RD ST,NEW YORK,10019,36061,40.765924,-73.989844,1,1,1,0,0,0,-1,5,408,33
2018,360007702433,PS 116 MARY LINDLEY MURRAY,NEW YORK CITY GEOGRAPHIC DISTRICT # 2,210 E 33RD ST,NEW YORK,10016,36061,40.744487,-73.977708,1,1,1,0,0,0,-1,5,502,36
2018,360007702458,PS 124 YUNG WING,NEW YORK CITY GEOGRAPHIC DISTRICT # 2,40 DIVISION ST,NEW YORK,10002,36061,40.714446,-73.995278,1,1,1,0,0,0,-1,5,674,47
2018,360007702468,PS 126 JACOB AUGUST RIIS,NEW YORK CITY GEOGRAPHIC DISTRICT # 2,80 CATHERINE ST,NEW YORK,10038,36061,40.710525,-73.997016,1,1,1,0,0,0,-1,8,711,56
2018,360007702480,PS 130 HERNANDO DE SOTO,NEW YORK CITY GEOGRAPHIC DISTRICT # 2,143 BAXTER ST,NEW YORK,10013,36061,40.718756,-73.998362,1,1,1,0,0,0,-1,5,856,54
2018,360007702540,PS 150,NEW YORK CITY GEOGRAPHIC DISTRICT # 2,334 GREENWICH ST,NEW YORK,10013,36061,40.717924,-74.010858,1,1,1,0,0,0,-1,5,190,12
2018,360007702569,PS 158 BAYARD TAYLOR,NEW YORK CITY GEOGRAPHIC DISTRICT # 2,1458 YORK AVE,NEW YORK,10021,36061,40.770249,-73.950814,1,1,1,0,0,0,-1,5,796,47
2018,360007702597,JHS 167 ROBERT F WAGNER,NEW YORK CITY GEOGRAPHIC DISTRICT # 2,220 E 76TH ST,NEW YORK,10021,36061,40.771904,-73.958243,2,1,1,0,0,0,6,8,1378,85
2018,360007702635,PS 183 ROBERT L STEVENSON,NEW YORK CITY GEOGRAPHIC DISTRICT # 2,419 E 66TH ST,NEW YORK,10021,36061,40.76375,-73.95774,1,1,1,0,0,0,-1,5,558,36
2018,360007702675,PS 198 ISADOR E IDA STRAUS,NEW YORK CITY GEOGRAPHIC DISTRICT # 2,1700 3RD AVE,NEW YORK,10128,36061,40.785013,-73.949998,1,1,1,0,0,0,-1,5,484,35
2018,360007702856,BARUCH COLLEGE CAMPUS HIGH SCHOOL,NEW YORK CITY GEOGRAPHIC DISTRICT # 2,55 E 25TH ST,NEW YORK,10010,36061,40.739092,-73.98455,3,1,1,0,0,0,9,12,476,28
2018,360007702857,NYC LAB HIGH SCHOOL FOR COLLABORATIVE STUDIES,NEW YORK CITY GEOGRAPHIC DISTRICT # 2,333 W 17TH ST,NEW YORK,10011,36061,40.742486,-74.002544,3,1,1,0,0,0,9,12,471,41
2018,360007702862,SCHOOL OF THE FUTURE HIGH SCHOOL,NEW YORK CITY GEOGRAPHIC DISTRICT # 2,127 E 22ND ST,NEW YORK,10010,36061,40.739093,-73.98536,3,1,1,0,0,0,6,12,748,49
2018,360007702871,NYC MUSEUM SCHOOL,NEW YORK CITY GEOGRAPHIC DISTRICT # 2,333 W 17TH ST,NEW YORK,10011,36061,40.742464,-74.002528,3,1,1,0,0,0,9,12,451,27
2018,360007702877,STUYVESANT HIGH SCHOOL,NEW YORK CITY GEOGRAPHIC DISTRICT # 2,345 CHAMBERS ST,NEW YORK,10282,36061,40.717819,-74.013814,3,1,1,0,0,0,9,12,3319,158
2018,360007702914,HUMANITIES PREPARATORY ACADEMY,NEW YORK CITY GEOGRAPHIC DISTRICT # 2,351 W 18TH ST,NEW YORK,10011,36061,40.743343,-74.002594,3,1,1,0,0,0,9,12,233,19
2018,360007703328,PS 89,NEW YORK CITY GEOGRAPHIC DISTRICT # 2,201 WARREN ST,NEW YORK,10282,36061,40.71699,-74.01389,1,1,1,0,0,0,-1,5,456,33
2018,360007703331,IS 289,NEW YORK CITY GEOGRAPHIC DISTRICT # 2,201 WARREN ST,NEW YORK,10282,36061,40.717,-74.013892,2,1,1,0,0,0,6,8,283,20
2018,360007703348,ELLA BAKER SCHOOL,NEW YORK CITY GEOGRAPHIC DISTRICT # 2,317 E 67TH ST,NEW YORK,10021,36061,40.765463,-73.95975,1,1,1,0,0,0,-1,8,324,24
2018,360007703548,PS 77 LOWER LAB SCHOOL,NEW YORK CITY GEOGRAPHIC DISTRICT # 2,1700 3RD AVE,NEW YORK,10128,36061,40.785004,-73.949992,1,1,1,0,0,0,0,5,360,18
2018,360007703646,URBAN ACADEMY LABORATORY HIGH SCHOOL,NEW YORK CITY GEOGRAPHIC DISTRICT # 2,317 E 67TH ST,NEW YORK,10021,36061,40.765462,-73.959749,3,1,1,0,0,0,9,12,137,15
2018,360007703705,LIFE SCIENCES SECONDARY SCHOOL,NEW YORK CITY GEOGRAPHIC DISTRICT # 2,320 E 96TH ST,NEW YORK,10128,36061,40.78333,-73.945882,3,1,1,0,0,0,9,12,427,31
2018,360007704356,PS 234 INDEPENDENCE SCHOOL,NEW YORK CITY GEOGRAPHIC DISTRICT # 2,292 GREENWICH ST,NEW YORK,10007,36061,40.716125,-74.011478,1,1,1,0,0,0,0,5,639,45
2018,360007704402,MS 131,NEW YORK CITY GEOGRAPHIC DISTRICT # 2,100 HESTER ST,NEW YORK,10002,36061,40.716403,-73.993396,2,1,1,0,0,0,6,8,401,36
2018,360007704405,EAST SIDE MIDDLE SCHOOL,NEW YORK CITY GEOGRAPHIC DISTRICT # 2,331 E 91ST ST,NEW YORK,10028,36061,40.780508,-73.947564,2,1,1,0,0,0,6,8,450,30
2018,360007704406,PS/IS 217 ROOSEVELT ISLAND,NEW YORK CITY GEOGRAPHIC DISTRICT # 2,645 MAIN ST,ROOSEVELT ISLAND,10044,36061,40.763846,-73.948173,1,1,1,0,0,0,-1,8,615,39
2018,360007704407,PS 212 MIDTOWN WEST,NEW YORK CITY GEOGRAPHIC DISTRICT # 2,328 W 48TH ST,NEW YORK,10036,36061,40.761427,-73.988575,1,1,1,0,0,0,-1,5,362,22
2018,360007704408,MS 255 SALK SCHOOL OF SCIENCE,NEW YORK CITY GEOGRAPHIC DISTRICT # 2,320 E 20TH ST,NEW YORK,10003,36061,40.735498,-73.981509,2,1,1,0,0,0,6,8,395,25
2018,360007704410,CLINTON SCHOOL (THE),NEW YORK CITY GEOGRAPHIC DISTRICT # 2,10 E 15TH ST,NEW YORK,10003,36061,40.736154,-73.992315,3,1,1,0,0,0,6,12,721,51
2018,360007704447,JHS 104 SIMON BARUCH,NEW YORK CITY GEOGRAPHIC DISTRICT # 2,330 E 21ST ST,NEW YORK,10010,36061,40.735648,-73.980833,2,1,1,0,0,0,6,8,1117,71
2018,360007704454,AMERICAN SIGN LANGUAGE & ENGLISH SECONDARY SCHOOL,NEW YORK CITY GEOGRAPHIC DISTRICT # 2,223 E 23RD ST,NEW YORK,10010,36061,40.738315,-73.981365,3,2,1,0,0,0,9,12,198,21
2018,360007704729,RICHARD R GREEN HIGH SCHOOL OF TEACHING,NEW YORK CITY GEOGRAPHIC DISTRICT # 2,7 BEAVER ST,NEW YORK,10004,36061,40.705433,-74.012941,3,1,1,0,0,0,9,12,428,30
2018,360007704778,MANHATTAN COMPREHENSIVE NIGHT AND DAY HIGH SCHOOL,NEW YORK CITY GEOGRAPHIC DISTRICT # 2,240 2ND AVE,NEW YORK,10003,36061,40.73269,-73.984302,3,1,1,0,0,0,10,12,548,37
2018,360007705084,ELEANOR ROOSEVELT HIGH SCHOOL,NEW YORK CITY GEOGRAPHIC DISTRICT # 2,411 E 76TH ST,NEW YORK,10021,36061,40.770251,-73.953318,3,1,1,0,0,0,9,12,528,34
2018,360007705085,MILLENNIUM HIGH SCHOOL,NEW YORK CITY GEOGRAPHIC DISTRICT # 2,75 BROAD ST,NEW YORK,10004,36061,40.704663,-74.011271,3,1,1,0,0,0,9,12,683,40
2018,360007705112,BALLET TECH/NYC PUBLIC SCHOOL FOR DANCE,NEW YORK CITY GEOGRAPHIC DISTRICT # 2,890 BROADWAY,NEW YORK,10003,36061,40.738527,-73.98956,2,1,1,0,0,0,4,8,141,13
2018,360007705499,NEW DESIGN HIGH SCHOOL,NEW YORK CITY GEOGRAPHIC DISTRICT # 2,350 GRAND ST,NEW YORK,10002,36061,40.717367,-73.989429,3,1,1,0,0,0,9,12,425,40
2018,360007705500,MANHATTAN BRIDGES HIGH SCHOOL,NEW YORK CITY GEOGRAPHIC DISTRICT # 2,525 W 50TH ST,NEW YORK,10019,36061,40.765537,-73.992941,3,1,1,0,0,0,9,12,531,27
2018,360007705522,HARVEY MILK HIGH SCHOOL,NEW YORK CITY GEOGRAPHIC DISTRICT # 2,2-10 ASTOR PL,NEW YORK,10003,36061,40.72984,-73.992407,3,1,1,0,0,0,9,12,66,9
2018,360007705532,HIGH SCHOOL FOR DUAL LANGUAGE AND ASIAN STUDIES,NEW YORK CITY GEOGRAPHIC DISTRICT # 2,350 GRAND ST,NEW YORK,10002,36061,40.717374,-73.989432,3,1,1,0,0,0,9,12,403,25
2018,360007705539,NYC LAB MS FOR COLLABORATIVE STUDIES,NEW YORK CITY GEOGRAPHIC DISTRICT # 2,333 W 17TH ST,NEW YORK,10011,36061,40.742483,-74.002528,2,1,1,0,0,0,6,8,563,36
2018,360007705560,URBAN ASSEMBLY NEW YORK HARBOR SCHOOL,NEW YORK CITY GEOGRAPHIC DISTRICT # 2,10 SOUTH ST-SLIP 7,NEW YORK,10004,36061,40.690838,-74.02047,3,3,1,0,0,0,9,12,532,31
2018,360007705566,INDEPENDENCE HIGH SCHOOL,NEW YORK CITY GEOGRAPHIC DISTRICT # 2,850 10TH AVE,NEW YORK,10019,36061,40.767973,-73.98893,3,1,1,0,0,0,9,12,262,20
2018,360007705622,FOOD AND FINANCE HIGH SCHOOL,NEW YORK CITY GEOGRAPHIC DISTRICT # 2,525 W 50TH ST,NEW YORK,10019,36061,40.765558,-73.992934,3,3,1,0,0,0,9,12,387,28
2018,360007705623,ESSEX STREET ACADEMY,NEW YORK CITY GEOGRAPHIC DISTRICT # 2,350 GRAND ST,NEW YORK,10002,36061,40.717375,-73.989419,3,1,1,0,0,0,9,12,337,26
2018,360007705624,HIGH SCHOOL OF HOSPITALITY MANAGEMENT,NEW YORK CITY GEOGRAPHIC DISTRICT # 2,525 W 50TH ST,NEW YORK,10019,36061,40.765573,-73.992941,3,1,1,0,0,0,9,12,381,29
2018,360007705625,PACE HIGH SCHOOL,NEW YORK CITY GEOGRAPHIC DISTRICT # 2,100 HESTER ST,NEW YORK,10002,36061,40.716413,-73.993417,3,1,1,0,0,0,9,12,578,38
2018,360007705626,URBAN ASSEMBLY SCHOOL OF DESIGN AND CONSTRUCTION,NEW YORK CITY GEOGRAPHIC DISTRICT # 2,525 W 50TH ST,NEW YORK,10019,36061,40.765543,-73.992934,3,1,1,0,0,0,9,12,310,23
2018,360007705764,URBAN ASSEMBLY SCHOOL OF BUSINESS FOR YOUNG WOMEN,NEW YORK CITY GEOGRAPHIC DISTRICT # 2,26 BROADWAY,NEW YORK,10004,36061,40.70566,-74.013151,3,1,1,0,0,0,9,12,179,15
2018,360007705767,47 AMERICAN SIGN LANGUAGE AND ENGLISH LOWER SCHOOL (THE),NEW YORK CITY GEOGRAPHIC DISTRICT # 2,223 E 23RD ST,NEW YORK,10010,36061,40.738327,-73.981383,1,1,1,0,0,0,-1,8,196,42
2018,360007705768,LOWER MANHATTAN COMMUNITY MIDDLE SCHOOL,NEW YORK CITY GEOGRAPHIC DISTRICT # 2,26 BROADWAY,NEW YORK,10004,36061,40.705433,-74.012941,2,1,1,0,0,0,6,8,385,32
2018,360007705769,FACING HISTORY SCHOOL (THE),NEW YORK CITY GEOGRAPHIC DISTRICT # 2,525 W 50TH ST,NEW YORK,10019,36061,40.76557,-73.992943,3,1,1,0,0,0,9,12,359,29
2018,360007705770,URBAN ASSEMBLY ACADEMY OF GOVERNMENT AND LAW,NEW YORK CITY GEOGRAPHIC DISTRICT # 2,350 GRAND ST,NEW YORK,10002,36061,40.717383,-73.989427,3,1,1,0,0,0,9,12,331,22
2018,360007705771,LOWER MANHATTAN ARTS ACADEMY,NEW YORK CITY GEOGRAPHIC DISTRICT # 2,350 GRAND ST,NEW YORK,10002,36061,40.717368,-73.989425,3,1,1,0,0,0,9,12,291,27
2018,360007705772,JAMES BALDWIN SCHOOL-A SCHOOL FOR EXPEDITIONARY LRNING,NEW YORK CITY GEOGRAPHIC DISTRICT # 2,351 W 18TH ST,NEW YORK,10011,36061,40.743343,-74.002594,3,1,1,0,0,0,9,12,234,21
2018,360007706065,NYC ISCHOOL,NEW YORK CITY GEOGRAPHIC DISTRICT # 2,131 AVE OF THE AMERICAS,NEW YORK,10013,36061,40.724605,-74.005008,3,1,1,0,0,0,9,12,464,32
2018,360007706077,GRAMERCY ARTS HIGH SCHOOL,NEW YORK CITY GEOGRAPHIC DISTRICT # 2,40 IRVING PL,NEW YORK,10003,36061,40.735504,-73.987439,3,1,1,0,0,0,9,12,467,34
2018,360007706105,HIGH SCHOOL FOR LANGUAGE AND DIPLOMACY (THE),NEW YORK CITY GEOGRAPHIC DISTRICT # 2,40 IRVING PL,NEW YORK,10003,36061,40.735504,-73.987439,3,1,1,0,0,0,9,12,301,20
2018,360007706108,MANHATTAN BUSINESS ACADEMY,NEW YORK CITY GEOGRAPHIC DISTRICT # 2,351 W 18TH ST,NEW YORK,10011,36061,40.743343,-74.002594,3,1,1,0,0,0,9,12,421,30
2018,360007706125,QUEST TO LEARN,NEW YORK CITY GEOGRAPHIC DISTRICT # 2,351 W 18TH ST,NEW YORK,10011,36061,40.743343,-74.002594,3,1,1,0,0,0,6,12,543,44
2018,360007706126,BUSINESS OF SPORTS SCHOOL,NEW YORK CITY GEOGRAPHIC DISTRICT # 2,439 W 49TH ST,NEW YORK,10019,36061,40.763703,-73.990752,3,3,1,0,0,0,9,12,433,35
2018,360007706130,SPRUCE STREET SCHOOL,NEW YORK CITY GEOGRAPHIC DISTRICT # 2,12 SPRUCE ST,NEW YORK,10018,36061,40.710942,-74.00566,1,1,1,0,0,0,-1,8,559,38
2018,360007706158,BATTERY PARK CITY SCHOOL,NEW YORK CITY GEOGRAPHIC DISTRICT # 2,55 BATTERY PL,NEW YORK,10011,36061,40.706482,-74.017513,1,1,1,0,0,0,-1,8,850,62
2018,360007706166,YORKVILLE COMMUNITY SCHOOL,NEW YORK CITY GEOGRAPHIC DISTRICT # 2,421 E 88TH ST,NEW YORK,10128,36061,40.777977,-73.94728,1,1,1,0,0,0,-1,5,486,38
2018,360007706169,EMMA LAZARUS HIGH SCHOOL,NEW YORK CITY GEOGRAPHIC DISTRICT # 2,100 HESTER ST,NEW YORK,10002,36061,40.71649,-73.993724,3,1,1,0,0,0,9,12,308,19
2018,360007706178,MANHATTAN ACADEMY FOR ARTS AND LANGUAGES,NEW YORK CITY GEOGRAPHIC DISTRICT # 2,111 E 33RD ST,NEW YORK,10016,36061,40.74651,-73.981051,3,1,1,0,0,0,9,12,238,20
2018,360007706191,INTERNATIONAL HIGH SCHOOL AT UNION SQUARE,NEW YORK CITY GEOGRAPHIC DISTRICT # 2,40 IRVING PL,NEW YORK,10003,36061,40.735504,-73.987439,3,1,1,0,0,0,9,12,343,27
2018,360007706193,HUDSON HIGH SCHOOL OF LEARNING TECHNOLOGIES,NEW YORK CITY GEOGRAPHIC DISTRICT # 2,351 W 18TH ST,NEW YORK,10011,36061,40.743343,-74.002594,3,1,1,0,0,0,9,12,475,32
2018,360007706207,MURRAY HILL ACADEMY,NEW YORK CITY GEOGRAPHIC DISTRICT # 2,111 E 33RD ST,NEW YORK,10016,36061,40.74651,-73.981051,3,1,1,0,0,0,9,12,307,24
2018,360007706210,EAST SIDE ELEMENTRAY SCHOOL-PS 267,NEW YORK CITY GEOGRAPHIC DISTRICT # 2,213 E 63RD ST,NEW YORK,10065,36061,40.76383,-73.963941,1,1,1,0,0,0,0,5,413,26
2018,360007706251,URBAN ASSEMBLY GATEWAY SCHOOL FOR TECHNOLOGY,NEW YORK CITY GEOGRAPHIC DISTRICT # 2,439 W 49TH ST,NEW YORK,10019,36061,40.763881,-73.990659,3,3,1,0,0,0,9,12,456,31
2018,360007706304,PS 527 EAST SIDE SCHOOL FOR SOCIAL ACTION,NEW YORK CITY GEOGRAPHIC DISTRICT # 2,323 E 91ST ST,NEW YORK,10128,36061,40.78065,-73.947851,1,1,1,0,0,0,0,5,429,29
2018,360007706309,UNION SQUARE ACADEMY FOR HEALTH SCIENCES,NEW YORK CITY GEOGRAPHIC DISTRICT # 2,40 IRVING PL,NEW YORK,10003,36061,40.735504,-73.987439,3,3,1,0,0,0,9,12,423,30
2018,360007706334,PECK SLIP SCHOOL (THE),NEW YORK CITY GEOGRAPHIC DISTRICT # 2,1 PECK SLIP,NEW YORK,10038,36061,40.7088,-74.002281,1,1,1,0,0,0,-1,5,470,34
2018,360007706361,HARVEST COLLEGIATE HIGH SCHOOL,NEW YORK CITY GEOGRAPHIC DISTRICT # 2,34 W 14TH ST,NEW YORK,10011,36061,40.735913,-73.995896,3,1,1,0,0,0,9,12,463,38
2018,360007706363,ACADEMY FOR SOFTWARE ENGINEERING,NEW YORK CITY GEOGRAPHIC DISTRICT # 2,40 IRVING PL,NEW YORK,10003,36061,40.735504,-73.987439,3,3,1,0,0,0,9,12,456,34
2018,360007706371,RIVER SCHOOL (THE),NEW YORK CITY GEOGRAPHIC DISTRICT # 2,425 E 35TH ST,NEW YORK,10016,36061,40.744562,-73.972455,1,1,1,0,0,0,-1,5,340,26
2018,360007706372,URBAN ASSEMBLY SCHOOL FOR EMERGENCY MANAGEMENT (THE),NEW YORK CITY GEOGRAPHIC DISTRICT # 2,411 PEARL ST,NEW YORK,10038,36061,40.71125,-74.001651,3,3,1,0,0,0,9,12,264,23
2018,360007706373,STEPHEN T MATHER BUILDING ARTS AND CRAFTMANSHIP HIGH SCHOOL,NEW YORK CITY GEOGRAPHIC DISTRICT # 2,439 W 49TH ST,NEW YORK,10019,36061,40.763876,-73.990402,3,3,1,0,0,0,9,12,403,37
2018,360007706461,YORKVILLE EAST MIDDLE SCHOOL,NEW YORK CITY GEOGRAPHIC DISTRICT # 2,1458 YORK AVE,NEW YORK,10075,36061,40.77042,-73.950911,2,1,1,0,0,0,6,8,230,18
2018,360007706462,CITY KNOLL MIDDLE SCHOOL,NEW YORK CITY GEOGRAPHIC DISTRICT # 2,425 W 33RD ST,NEW YORK,10001,36061,40.75327,-73.997841,2,1,1,0,0,0,6,8,180,19
2018,360007706463,URBAN ASSEMBLY MAKER ACADEMY,NEW YORK CITY GEOGRAPHIC DISTRICT # 2,411 PEARL ST,NEW YORK,10038,36061,40.71125,-74.001651,3,3,1,0,0,0,9,12,390,28
2018,360007706466,MANHATTAN EARLY COLLEGE SCHOOL FOR ADVERTISING,NEW YORK CITY GEOGRAPHIC DISTRICT # 2,411 PEARL ST,NEW YORK,10038,36061,40.71125,-74.001651,3,3,1,0,0,0,9,12,414,31
2018,360007706523,SIXTH AVENUE ELEMENTARY SCHOOL,NEW YORK CITY GEOGRAPHIC DISTRICT # 2,64 W 17TH ST,NEW YORK,10011,36061,40.738945,-73.995107,1,1,1,0,0,0,-1,4,340,28
2018,360007706602,MS 297,NEW YORK CITY GEOGRAPHIC DISTRICT # 2,75 MORTON ST,NEW YORK,10014,36061,40.73115,-74.007771,2,1,1,0,0,0,6,7,559,38
2018,360007706603,JUDITH S KAYE HIGH SCHOOL,NEW YORK CITY GEOGRAPHIC DISTRICT # 2,321 E 96TH ST,NEW YORK,10128,36061,40.783944,-73.945137,3,1,1,0,0,0,9,12,91,9
2018,360007800592,BEACON HIGH SCHOOL,NEW YORK CITY GEOGRAPHIC DISTRICT # 3,522 W 44TH ST,NEW YORK,10036,36061,40.761334,-73.995988,3,1,1,0,0,0,9,12,1424,66
2018,360007800619,EDWARD A REYNOLDS WEST SIDE HIGH SCHOOL,NEW YORK CITY GEOGRAPHIC DISTRICT # 3,140 W 102ND ST,NEW YORK,10025,36061,40.797176,-73.966755,3,1,1,0,0,0,9,12,338,33
2018,360007800687,WADLEIGH PERF AND VISUAL ARTS,NEW YORK CITY GEOGRAPHIC DISTRICT # 3,215 W 114TH ST,NEW YORK,10026,36061,40.802573,-73.9541,3,1,1,0,0,0,6,12,310,30
2018,360007802068,PS 9 SARAH ANDERSON,NEW YORK CITY GEOGRAPHIC DISTRICT # 3,100 W 84TH ST,NEW YORK,10024,36061,40.785122,-73.973889,1,1,1,0,0,0,-1,5,613,41
2018,360007802235,JHS 54 BOOKER T WASHINGTON,NEW YORK CITY GEOGRAPHIC DISTRICT # 3,103 W 107TH ST,NEW YORK,10025,36061,40.800521,-73.962778,2,1,1,0,0,0,6,8,869,52
2018,360007802303,PS 75 EMILY DICKINSON,NEW YORK CITY GEOGRAPHIC DISTRICT # 3,735 WEST END AVE,NEW YORK,10025,36061,40.795175,-73.973913,1,1,1,0,0,0,0,5,552,70
2018,360007802308,PS 76 A PHILLIP RANDOLPH,NEW YORK CITY GEOGRAPHIC DISTRICT # 3,220 W 121ST ST,NEW YORK,10027,36061,40.806544,-73.951424,1,1,1,0,0,0,-1,8,443,32
2018,360007802327,PS 84 LILLIAN WEBER,NEW YORK CITY GEOGRAPHIC DISTRICT # 3,32 W 92ND ST,NEW YORK,10025,36061,40.789415,-73.968065,1,1,1,0,0,0,-1,5,664,49
2018,360007802335,PS 87 WILLIAM SHERMAN,NEW YORK CITY GEOGRAPHIC DISTRICT # 3,160 W 78TH ST,NEW YORK,10024,36061,40.781913,-73.978035,1,1,1,0,0,0,-1,5,895,62
2018,360007802525,PS 145 BLOOMINGDALE SCHOOL (THE),NEW YORK CITY GEOGRAPHIC DISTRICT # 3,150 W 105TH ST,NEW YORK,10025,36061,40.799225,-73.965462,1,1,1,0,0,0,-1,5,395,38
2018,360007802539,PS 149 SOJOURNER TRUTH,NEW YORK CITY GEOGRAPHIC DISTRICT # 3,41 W 117TH ST,NEW YORK,10026,36061,40.802398,-73.948011,1,1,1,0,0,0,-1,8,240,19
2018,360007802584,PS 163 ALFRED E SMITH,NEW YORK CITY GEOGRAPHIC DISTRICT # 3,163 W 97TH ST,NEW YORK,10025,36061,40.794736,-73.968686,1,1,1,0,0,0,-1,5,547,41
2018,360007802591,PS 165 ROBERT E SIMON,NEW YORK CITY GEOGRAPHIC DISTRICT # 3,234 W 109TH ST,NEW YORK,10025,36061,40.802596,-73.96594,1,1,1,0,0,0,-1,5,428,38
2018,360007802593,PS 166 RICHARD ROGERS SCHOOL OF THE ARTS & SCIENCE (THE),NEW YORK CITY GEOGRAPHIC DISTRICT # 3,132 W 89TH ST,NEW YORK,10024,36061,40.788947,-73.972554,1,1,1,0,0,0,0,5,638,37
2018,360007802640,LOCKE SCHOOL OF ARTS AND ENGINEERING (THE),NEW YORK CITY GEOGRAPHIC DISTRICT # 3,20 W 112TH ST,NEW YORK,10026,36061,40.798378,-73.949433,1,1,1,0,0,0,-1,5,362,32
2018,360007802655,RIVERSIDE SCHOOL FOR MAKERS AND ARTISTS (THE),NEW YORK CITY GEOGRAPHIC DISTRICT # 3,300 W 61ST ST,NEW YORK,10023,36061,40.772988,-73.990165,1,1,1,0,0,0,-1,8,562,55
2018,360007802677,PS 199 JESSIE ISADOR STRAUS,NEW YORK CITY GEOGRAPHIC DISTRICT # 3,270 W 70TH ST,NEW YORK,10023,36061,40.777823,-73.984727,1,1,1,0,0,0,0,5,821,53
2018,360007802700,PS 208 ALAIN L LOCKE,NEW YORK CITY GEOGRAPHIC DISTRICT # 3,21 W 111TH ST,NEW YORK,10026,36061,40.798551,-73.950243,-1,1,2,0,,,,,,
2018,360007803550,STEM INSTITUTE OF MANHATTAN,NEW YORK CITY GEOGRAPHIC DISTRICT # 3,240 W 113TH ST,NEW YORK,10026,36061,40.801766,-73.955592,1,1,1,0,0,0,0,5,131,16
2018,360007803551,PS 242 YOUNG DIPLOMATS MAGNET ACADEMY (THE),NEW YORK CITY GEOGRAPHIC DISTRICT # 3,134 W 122ND ST,NEW YORK,10027,36061,40.806138,-73.948568,1,1,1,0,0,0,-1,5,140,19
2018,360007803552,MS 243 CENTER SCHOOL,NEW YORK CITY GEOGRAPHIC DISTRICT # 3,100 W 84TH ST,NEW YORK,10024,36061,40.784925,-73.973752,2,1,1,0,0,0,5,8,240,16
2018,360007803572,MS 245 COMPUTER SCHOOL (THE),NEW YORK CITY GEOGRAPHIC DISTRICT # 3,100 W 77TH ST,NEW YORK,10024,36061,40.780961,-73.978189,2,1,1,0,0,0,6,8,403,27
2018,360007803579,MS 247 DUAL LANGUAGE MIDDLE SCHOOL,NEW YORK CITY GEOGRAPHIC DISTRICT # 3,100 W 77TH ST,NEW YORK,10024,36061,40.78113,-73.977941,2,1,1,0,0,0,6,8,224,21
2018,360007803603,MS 250 WEST SIDE COLLABORATIVE MIDDLE SCHOOL,NEW YORK CITY GEOGRAPHIC DISTRICT # 3,735 W END AVE,NEW YORK,10025,36061,40.79518,-73.973923,2,1,1,0,0,0,6,8,159,17
2018,360007803607,LAFAYETTE ACADEMY,NEW YORK CITY GEOGRAPHIC DISTRICT # 3,154 W 93RD ST,NEW YORK,10025,36061,40.791542,-73.970912,2,1,1,0,0,0,6,8,154,15
2018,360007803616,COMMUNITY ACTION SCHOOL-MS 258,NEW YORK CITY GEOGRAPHIC DISTRICT # 3,154 W 93RD ST,NEW YORK,10025,36061,40.79154,-73.970912,2,1,1,0,0,0,6,8,240,23
2018,360007803622,PS 333 MANHATTAN SCHOOL FOR CHILDREN,NEW YORK CITY GEOGRAPHIC DISTRICT # 3,154 W 93RD ST,NEW YORK,10025,36061,40.791528,-73.970894,1,1,1,0,0,0,0,8,755,43
2018,360007804458,FIORELLO H LAGUARDIA HIGH SCHOOL,NEW YORK CITY GEOGRAPHIC DISTRICT # 3,100 AMSTERDAM AVE,NEW YORK,10023,36061,40.77418,-73.985888,3,1,1,0,0,0,9,12,2762,138
2018,360007805113,HIGH SCHOOL FOR LAW ADVOCACY AND COMMUNITY JUSTICE,NEW YORK CITY GEOGRAPHIC DISTRICT # 3,122 AMSTERDAM AVE,NEW YORK,10023,36061,40.774926,-73.985608,3,1,1,0,0,0,9,12,430,31
2018,360007805114,HIGH SCHOOL OF ARTS AND TECHNOLOGY,NEW YORK CITY GEOGRAPHIC DISTRICT # 3,122 AMSTERDAM AVE,NEW YORK,10023,36061,40.774925,-73.9856,3,1,1,0,0,0,9,12,496,36
2018,360007805505,MANHATTAN/HUNTER SCIENCE HIGH SCHOOL,NEW YORK CITY GEOGRAPHIC DISTRICT # 3,122 AMSTERDAM AVE,NEW YORK,10023,36061,40.774937,-73.985578,3,1,1,0,0,0,9,12,441,26
2018,360007805524,PS 180 HUGO NEWMAN,NEW YORK CITY GEOGRAPHIC DISTRICT # 3,370 W 120TH ST,NEW YORK,10027,36061,40.807539,-73.955839,1,1,1,0,0,0,-1,8,518,42
2018,360007805627,FREDERICK DOUGLASS ACADEMY II SECONDARY SCHOOL,NEW YORK CITY GEOGRAPHIC DISTRICT # 3,215 W 114TH ST,NEW YORK,10026,36061,40.802578,-73.954099,3,1,1,0,0,0,6,12,359,33
2018,360007805629,MOTT HALL II,NEW YORK CITY GEOGRAPHIC DISTRICT # 3,234 W 109TH ST,NEW YORK,10025,36061,40.802604,-73.965943,2,1,1,0,0,0,6,8,429,20
2018,360007805630,URBAN ASSEMBLY SCHOOL FOR MEDIA STUDIES,NEW YORK CITY GEOGRAPHIC DISTRICT # 3,122 AMSTERDAM AVE,NEW YORK,10023,36061,40.774922,-73.985612,3,1,1,0,0,0,9,12,411,26
2018,360007805773,ANDERSON SCHOOL (THE),NEW YORK CITY GEOGRAPHIC DISTRICT # 3,100 W 77TH ST,NEW YORK,10024,36061,40.780961,-73.978189,1,1,1,0,0,0,0,8,521,26
2018,360007805774,MAXINE GREENE HIGH SCHOOL FOR IMAGINATIVE INQUIRY (THE),NEW YORK CITY GEOGRAPHIC DISTRICT # 3,122 AMSTERDAM AVE,NEW YORK,10023,36061,40.774936,-73.985589,3,1,1,0,0,0,9,12,332,26
2018,360007806115,SPECIAL MUSIC SCHOOL,NEW YORK CITY GEOGRAPHIC DISTRICT # 3,129 W 67TH ST,NEW YORK,10023,36061,40.775254,-73.983055,4,1,1,0,0,0,0,12,313,24
2018,360007806135,WEST PREP ACADEMY,NEW YORK CITY GEOGRAPHIC DISTRICT # 3,150 W 105TH ST,NEW YORK,10025,36061,40.799225,-73.965462,2,1,1,0,0,0,6,8,198,17
2018,360007806145,INNOVATION DIPLOMA PLUS,NEW YORK CITY GEOGRAPHIC DISTRICT # 3,145 W 84TH ST,NEW YORK,10024,36061,40.785902,-73.974322,3,1,1,0,0,0,10,12,171,15
2018,360007806146,GLOBAL LEARNING COLLABORATIVE (THE),NEW YORK CITY GEOGRAPHIC DISTRICT # 3,145 W 84TH ST,NEW YORK,10024,36061,40.785804,-73.974204,3,1,1,0,0,0,9,12,421,26
2018,360007806148,URBAN ASSEMBLY SCHOOL FOR GREEN CAREERS (THE),NEW YORK CITY GEOGRAPHIC DISTRICT # 3,145 W 84TH ST,NEW YORK,10024,36061,40.785976,-73.974462,3,3,1,0,0,0,9,12,304,27
2018,360007806185,FRANK MCCOURT HIGH SCHOOL,NEW YORK CITY GEOGRAPHIC DISTRICT # 3,145 W 84TH ST,NEW YORK,10024,36061,40.786082,-73.974392,3,1,1,0,0,0,9,12,414,28
2018,360007806187,PS 452,NEW YORK CITY GEOGRAPHIC DISTRICT # 3,210 W 61ST ST,NEW YORK,10023,36061,40.771911,-73.987654,1,1,1,0,0,0,-1,5,378,28
2018,360007806547,WEST END SECONDARY SCHOOL,NEW YORK CITY GEOGRAPHIC DISTRICT # 3,227-243 W 61ST ST,NEW YORK,10023,36061,40.772572,-73.988334,2,1,1,0,0,0,6,9,431,20
2018,360007900579,COALITION SCHOOL FOR SOCIAL CHANGE,NEW YORK CITY GEOGRAPHIC DISTRICT # 4,2351 1ST AVE,NEW YORK,10035,36061,40.799172,-73.933593,-1,1,2,0,,,,,,
2018,360007900593,PARK EAST HIGH SCHOOL,NEW YORK CITY GEOGRAPHIC DISTRICT # 4,230 E 105TH ST,NEW YORK,10029,36061,40.790239,-73.944073,3,1,1,0,0,0,9,12,389,34
2018,360007900638,CENTRAL PARK EAST HIGH SCHOOL,NEW YORK CITY GEOGRAPHIC DISTRICT # 4,1573 MADISON AVE-RM 321,NEW YORK,10029,36061,40.793703,-73.948683,3,1,1,0,0,0,9,12,512,29
2018,360007902061,PS 7 SAMUEL STERN,NEW YORK CITY GEOGRAPHIC DISTRICT # 4,160 E 120TH ST,NEW YORK,10035,36061,40.800776,-73.939352,1,1,1,0,0,0,-1,8,412,38
2018,360007902083,PS 38 ROBERTO CLEMENTE,NEW YORK CITY GEOGRAPHIC DISTRICT # 4,232 E 103RD ST,NEW YORK,10029,36061,40.788685,-73.944758,1,1,1,0,0,0,-1,5,234,25
2018,360007902223,PS 50 VITO MARCANTONIO,NEW YORK CITY GEOGRAPHIC DISTRICT # 4,433 E 100TH ST,NEW YORK,10029,36061,40.785627,-73.941007,-1,1,2,0,,,,,,
2018,360007902246,JAMES WELDON JOHNSON SCHOOL,NEW YORK CITY GEOGRAPHIC DISTRICT # 4,176 E 115TH ST,NEW YORK,10029,36061,40.797406,-73.941518,1,1,1,0,0,0,-1,8,814,67
2018,360007902294,LEXINGTON ACADEMY (THE),NEW YORK CITY GEOGRAPHIC DISTRICT # 4,131 E 104TH ST,NEW YORK,10029,36061,40.79142,-73.947398,1,1,1,0,0,0,-1,8,644,59
2018,360007902324,BILINGUAL BICULTURAL SCHOOL (THE),NEW YORK CITY GEOGRAPHIC DISTRICT # 4,219 E 109TH ST,NEW YORK,10029,36061,40.793183,-73.942017,1,1,1,0,0,0,-1,5,316,27
2018,360007902366,PS 96 JOSEPH LANZETTA,NEW YORK CITY GEOGRAPHIC DISTRICT # 4,216 E 120TH ST,NEW YORK,10035,36061,40.799923,-73.937223,1,1,1,0,0,0,-1,8,388,37
2018,360007902387,PS 102 JACQUES CARTIER,NEW YORK CITY GEOGRAPHIC DISTRICT # 4,315 E 113TH ST,NEW YORK,10029,36061,40.794899,-73.938313,1,1,1,0,0,0,-1,5,264,31
2018,360007902407,PS 108 ASSEMBLYMAN ANGELO DEL TORO EDUCATIONAL COMPLEX,NEW YORK CITY GEOGRAPHIC DISTRICT # 4,1615 MADISON AVE,NEW YORK,10029,36061,40.795104,-73.94811,1,1,1,0,0,0,-1,8,467,43
2018,360007902418,PS 112 JOSE CELSO BARBOSA,NEW YORK CITY GEOGRAPHIC DISTRICT # 4,535 E 119TH ST,NEW YORK,10035,36061,40.796499,-73.930126,1,1,1,0,0,0,-1,2,318,54
2018,360007902529,PS 146 ANN M SHORT,NEW YORK CITY GEOGRAPHIC DISTRICT # 4,421 E 106TH ST,NEW YORK,10029,36061,40.789456,-73.938873,1,1,1,0,0,0,-1,5,379,36
2018,360007902560,PS 155 WILLIAM PACA,NEW YORK CITY GEOGRAPHIC DISTRICT # 4,319 E 117TH ST,NEW YORK,10035,36061,40.797412,-73.936002,1,1,1,0,0,0,-1,5,247,21
2018,360007902605,PS 171 PATRICK HENRY,NEW YORK CITY GEOGRAPHIC DISTRICT # 4,19 E 103RD ST,NEW YORK,10029,36061,40.79234,-73.951428,1,1,1,0,0,0,-1,8,772,48
2018,360007902694,PS 206 JOSE CELSO BARBOSA,NEW YORK CITY GEOGRAPHIC DISTRICT # 4,508 E 120TH ST,NEW YORK,10035,36061,40.796995,-73.930297,2,1,1,0,0,0,3,8,476,81
2018,360007902919,YOUNG WOMENS LEADERSHIP SCHOOL,NEW YORK CITY GEOGRAPHIC DISTRICT # 4,105 E 106TH ST,NEW YORK,10029,36061,40.792917,-73.947165,3,1,1,0,0,0,6,12,479,31
2018,360007902929,HERITAGE SCHOOL (THE),NEW YORK CITY GEOGRAPHIC DISTRICT # 4,1680 LEXINGTON AVE,NEW YORK,10029,36061,40.791976,-73.946775,3,1,1,0,0,0,9,12,318,21
2018,360007904412,MS 224 MANHATTAN EAST SCHOOL FOR ARTS & ACADEMICS,NEW YORK CITY GEOGRAPHIC DISTRICT # 4,410 E 100TH ST,NEW YORK,10029,36061,40.785327,-73.942373,2,1,1,0,0,0,6,8,186,17
2018,360007904518,MANHATTAN CENTER FOR SCIENCE & MATHEMATICS,NEW YORK CITY GEOGRAPHIC DISTRICT # 4,260 PLEASANT AVE,NEW YORK,10029,36061,40.794113,-73.933067,3,1,1,0,0,0,9,12,1657,90
2018,360007905530,PS 83 LUIS MUNOZ RIVERA,NEW YORK CITY GEOGRAPHIC DISTRICT # 4,219 E 109TH ST,NEW YORK,10029,36061,40.79319,-73.942003,1,1,1,0,0,0,-1,5,418,27
2018,360007905631,TAG YOUNG SCHOLARS,NEW YORK CITY GEOGRAPHIC DISTRICT # 4,240 E 109TH ST,NEW YORK,10029,36061,40.792828,-73.942281,1,1,1,0,0,0,0,8,594,24
2018,360007905632,RIVER EAST ELEMENTARY,NEW YORK CITY GEOGRAPHIC DISTRICT # 4,2351 1ST AVE,NEW YORK,10035,36061,40.79918,-73.933401,1,1,1,0,0,0,-1,5,257,18
2018,360007905633,CENTRAL PARK EAST I,NEW YORK CITY GEOGRAPHIC DISTRICT # 4,1573 MADISON AVE,NEW YORK,10029,36061,40.79375,-73.948791,1,1,1,0,0,0,-1,5,184,17
2018,360007905634,ISAAC NEWTON MIDDLE SSCHOOL FOR MATH AND SCIENCE,NEW YORK CITY GEOGRAPHIC DISTRICT # 4,260 PLEASANT AVE,NEW YORK,10029,36061,40.794123,-73.93305,2,1,1,0,0,0,6,8,239,18
2018,360007905635,CENTRAL PARK EAST II,NEW YORK CITY GEOGRAPHIC DISTRICT # 4,433 E 100TH ST,NEW YORK,10029,36061,40.785627,-73.941007,1,1,1,0,0,0,-1,8,479,40
2018,360007905998,MOSAIC PREPARATORY ACADEMY,NEW YORK CITY GEOGRAPHIC DISTRICT # 4,141 E 111TH ST,NEW YORK,10029,36061,40.79587,-73.94458,1,1,1,0,0,0,-1,5,310,25
2018,360007906003,ESPERANZA PREPARATORY ACADEMY,NEW YORK CITY GEOGRAPHIC DISTRICT # 4,240 E 109TH ST,NEW YORK,10029,36061,40.792828,-73.942281,3,1,1,0,0,0,6,12,571,54
2018,360007906016,RENAISSANCE SCHOOL OF THE ARTS,NEW YORK CITY GEOGRAPHIC DISTRICT # 4,319 E 117TH ST,NEW YORK,10035,36061,40.785232,-73.942161,2,1,1,0,0,0,6,8,170,17
2018,360007906096,GLOBAL TECHNOLOGY PREPARATORY,NEW YORK CITY GEOGRAPHIC DISTRICT # 4,160 E 120TH ST,NEW YORK,10035,36061,40.80082,-73.939369,-1,1,2,0,,,,,,
2018,360008005528,HARLEM VILLAGE ACADEMY WEST CHARTER SCHOOL,HARLEM VILLAGE ACADEMY WEST CHARTER SCHOOL,244 W 144 ST-4TH FL,NEW YORK,10030,36061,40.821407,-73.941061,4,1,1,1,0,0,0,12,878,76
2018,360008100701,FREDERICK DOUGLASS ACADEMY,NEW YORK CITY GEOGRAPHIC DISTRICT # 5,2581 7TH AVE,NEW YORK,10039,36061,40.823966,-73.935757,3,1,1,0,0,0,6,12,1270,78
2018,360008102141,PS 30 HERNANDEZ/HUGHES,NEW YORK CITY GEOGRAPHIC DISTRICT # 5,144-176 E 128TH ST,NEW YORK,10035,36061,40.805647,-73.935433,1,1,1,0,0,0,-1,5,251,34
2018,360008102164,PS 36 MARGARET DOUGLAS,NEW YORK CITY GEOGRAPHIC DISTRICT # 5,123 MORNINGSIDE DR,NEW YORK,10027,36061,40.810718,-73.957547,1,1,1,0,0,0,-1,5,358,38
2018,360008102176,PS 154 HARRIET TUBMAN,NEW YORK CITY GEOGRAPHIC DISTRICT # 5,250 W 127TH ST,NEW YORK,10027,36061,40.810713,-73.94896,1,1,1,0,0,0,-1,5,285,25
2018,360008102207,PS 46 ARTHUR TAPPAN,NEW YORK CITY GEOGRAPHIC DISTRICT # 5,2987 FREDERICK DOUGLAS BLVD,NEW YORK,10039,36061,40.831722,-73.936167,1,1,1,0,0,0,-1,8,633,52
2018,360008102455,PS 123 MAHALIA JACKSON,NEW YORK CITY GEOGRAPHIC DISTRICT # 5,301 W 140TH ST,NEW YORK,10030,36061,40.820124,-73.944467,1,1,1,0,0,0,-1,8,463,45
2018,360008102462,PS 125 RALPH BUNCHE,NEW YORK CITY GEOGRAPHIC DISTRICT # 5,425 W 123RD ST,NEW YORK,10027,36061,40.810747,-73.956101,1,1,1,0,0,0,-1,5,280,19
2018,360008102475,PS 129 JOHN H FINLEY,NEW YORK CITY GEOGRAPHIC DISTRICT # 5,425 W 130TH ST,NEW YORK,10027,36061,40.814958,-73.952125,1,1,1,0,0,0,-1,8,414,39
2018,360008102489,PS 133 FRED R MOORE,NEW YORK CITY GEOGRAPHIC DISTRICT # 5,2121 5TH AVE,NEW YORK,10037,36061,40.809782,-73.939129,1,1,1,0,0,0,-1,5,223,27
2018,360008102577,PS 161 PEDRO ALBIZU CAMPOS,NEW YORK CITY GEOGRAPHIC DISTRICT # 5,499 W 133RD ST,NEW YORK,10027,36061,40.817695,-73.952505,1,1,1,0,0,0,0,8,805,66
2018,360008102663,PS 194 COUNTEE CULLEN,NEW YORK CITY GEOGRAPHIC DISTRICT # 5,244 W 144TH ST,NEW YORK,10030,36061,40.821407,-73.941065,1,1,1,0,0,0,-1,5,198,21
2018,360008102670,PS 197 JOHN B RUSSWURM,NEW YORK CITY GEOGRAPHIC DISTRICT # 5,2230 5TH AVE,NEW YORK,10037,36061,40.813289,-73.937774,1,1,1,0,0,0,-1,5,303,30
2018,360008102680,PS 200 JAMES MCCUNE SMITH SCHOOL (THE),NEW YORK CITY GEOGRAPHIC DISTRICT # 5,2589 7TH AVE,NEW YORK,10039,36061,40.824378,-73.936571,1,1,1,0,0,0,-1,5,375,36
2018,360008104436,URBAN ASSEMBLY ACADEMY FOR FUTURE LEADERS,NEW YORK CITY GEOGRAPHIC DISTRICT # 5,509 W 129TH ST,NEW YORK,10027,36061,40.815605,-73.95569,2,1,1,0,0,0,6,8,126,12
2018,360008104690,PS 175 HENRY H GARNET,NEW YORK CITY GEOGRAPHIC DISTRICT # 5,175 W 134TH ST,NEW YORK,10030,36061,40.814557,-73.943237,1,1,1,0,0,0,-1,5,344,25
2018,360008105115,THURGOOD MARSHALL ACADEMY FOR LEARNING & SOCIAL CHANGE,NEW YORK CITY GEOGRAPHIC DISTRICT # 5,200-214 W 135TH ST,NEW YORK,10030,36061,40.81529,-73.944264,3,1,1,0,0,0,6,12,561,40
2018,360008105116,HIGH SCHOOL MATHEMATICS SCIENCE AND ENGINEERING AT CCNY,NEW YORK CITY GEOGRAPHIC DISTRICT # 5,240 CONVENT AVE,NEW YORK,10031,36061,40.82148,-73.949017,3,1,1,0,0,0,9,12,490,30
2018,360008105117,PS 92 MARY MCLEOD BETHUNE,NEW YORK CITY GEOGRAPHIC DISTRICT # 5,222 W 134TH ST,NEW YORK,10030,36061,40.81508,-73.946181,1,1,1,0,0,0,-1,5,260,24
2018,360008105636,KNOWLEDGE AND POWER PREP ACADEMY IV,NEW YORK CITY GEOGRAPHIC DISTRICT # 5,6 EDGECOMBE AVE,NEW YORK,10030,36061,40.817258,-73.947498,-1,1,2,0,,,,,,
2018,360008105639,MOTT HALL HIGH SCHOOL,NEW YORK CITY GEOGRAPHIC DISTRICT # 5,6 EDGECOMBE AVE,NEW YORK,10030,36061,40.817258,-73.947498,3,1,1,0,0,0,9,12,286,15
2018,360008105758,HARLEM RENAISSANCE HIGH SCHOOL,NEW YORK CITY GEOGRAPHIC DISTRICT # 5,22 E 128TH ST,NEW YORK,10035,36061,40.807773,-73.939977,3,1,1,0,0,0,9,12,202,16
2018,360008105780,THURGOOD MARSHALL ACADEMY LOWER SCHOOL,NEW YORK CITY GEOGRAPHIC DISTRICT # 5,276 W 151ST ST,NEW YORK,10027,36061,40.825899,-73.937769,1,1,1,0,0,0,0,5,211,17
2018,360008105934,URBAN ASSEMBLY SCHOOL FOR THE PERFORMING ARTS,NEW YORK CITY GEOGRAPHIC DISTRICT # 5,509 W 129TH ST,NEW YORK,10027,36061,40.815449,-73.955337,3,1,1,0,0,0,9,12,387,26
2018,360008105944,COLUMBIA SECONDARY SCHOOL,NEW YORK CITY GEOGRAPHIC DISTRICT # 5,425 W 123RD ST,NEW YORK,10027,36061,40.810754,-73.956121,3,1,1,0,0,0,6,12,716,47
2018,360008105945,ACADEMY FOR SOCIAL ACTION-A COLLEGE BOARD SCHOOL,NEW YORK CITY GEOGRAPHIC DISTRICT # 5,509 W 129TH ST,NEW YORK,10027,36061,40.815602,-73.955689,-1,1,2,0,,,,,,
2018,360008106256,TEACHERS COLLEGE COMMUNITY SCHOOL,NEW YORK CITY GEOGRAPHIC DISTRICT # 5,223 W 132ND ST,NEW YORK,10027,36061,40.81394,-73.946101,1,1,1,0,0,0,-1,7,311,21
2018,360008106257,NEW DESIGN MIDDLE SCHOOL,NEW YORK CITY GEOGRAPHIC DISTRICT # 5,625 W 133RD ST,NEW YORK,10031,36061,40.819554,-73.956355,2,1,1,0,0,0,6,8,145,13
2018,360008106379,EAGLE ACADEMY FOR YOUNG MEN OF HARLEM,NEW YORK CITY GEOGRAPHIC DISTRICT # 5,6 EDGECOMBE AVE,NEW YORK,10030,36061,40.817299,-73.9473,7,1,1,0,0,0,6,11,377,35
2018,360008106380,URBAN ASSEMBLY SCHOOL FOR GLOBAL COMMERCE (THE),NEW YORK CITY GEOGRAPHIC DISTRICT # 5,2005 MADISON AVE,NEW YORK,10035,36061,40.807,-73.9387,3,3,1,0,0,0,9,12,249,24
2018,360008205526,KIPP STAR COLLEGE PREP CHARTER,KIPP STAR COLLEGE PREP CHARTER,433 W 123RD ST-4TH FL,NEW YORK,10027,36061,40.810752,-73.956087,4,1,1,1,0,0,0,12,1001,66
2018,360008300152,IS 218 SALOME URENA,NEW YORK CITY GEOGRAPHIC DISTRICT # 6,4600 BROADWAY,NEW YORK,10040,36061,40.861006,-73.930031,-1,1,2,0,,,,,,
2018,360008300519,PS 5 ELLEN LURIE,NEW YORK CITY GEOGRAPHIC DISTRICT # 6,3703 10TH AVE,NEW YORK,10034,36061,40.858165,-73.922348,1,1,1,0,0,0,-1,5,556,48
2018,360008300523,PS 18 PARK TERRACE,NEW YORK CITY GEOGRAPHIC DISTRICT # 6,4124 9TH AVE,NEW YORK,10034,36061,40.871337,-73.911785,1,1,1,0,0,0,0,8,350,29
2018,360008300528,PS 48 PO MICHAEL J BUCZEK,NEW YORK CITY GEOGRAPHIC DISTRICT # 6,4360-78 BROADWAY,NEW YORK,10033,36061,40.853392,-73.933503,1,1,1,0,0,0,-1,5,477,49
2018,360008300551,IS 528 BEA FULLER RODGERS SCHOOL,NEW YORK CITY GEOGRAPHIC DISTRICT # 6,180 WADSWORTH AVE,NEW YORK,10033,36061,40.850645,-73.934702,2,1,1,0,0,0,6,8,230,13
2018,360008301265,GREGORIO LUPERON HIGH SCHOOL FOR SCIENCE AND MATHEMATICS,NEW YORK CITY GEOGRAPHIC DISTRICT # 6,501 W 165TH ST,NEW YORK,10032,36061,40.838357,-73.938552,3,1,1,0,0,0,9,12,512,31
2018,360008301675,PS 4 DUKE ELLINGTON,NEW YORK CITY GEOGRAPHIC DISTRICT # 6,500 W 160TH ST,NEW YORK,10032,36061,40.834936,-73.941732,1,1,1,0,0,0,-1,5,502,43
2018,360008301676,PS 8 LUIS BELLIARD,NEW YORK CITY GEOGRAPHIC DISTRICT # 6,465 W 167TH ST,NEW YORK,10032,36061,40.839215,-73.936622,1,1,1,0,0,0,-1,5,495,41
2018,360008302135,PS 28 WRIGHT BROTHERS,NEW YORK CITY GEOGRAPHIC DISTRICT # 6,475 W 155TH ST,NEW YORK,10032,36061,40.831502,-73.942064,1,1,1,0,0,0,-1,5,593,57
2018,360008302374,PS 98 SHORAC KAPPOCK,NEW YORK CITY GEOGRAPHIC DISTRICT # 6,512 W 212TH ST,NEW YORK,10034,36061,40.867904,-73.917777,1,1,1,0,1,0,-1,5,413,32
2018,360008302431,PS 115 ALEXANDER HUMBOLDT,NEW YORK CITY GEOGRAPHIC DISTRICT # 6,586 W 177TH ST,NEW YORK,10033,36061,40.846297,-73.935043,1,1,1,0,1,0,-1,5,445,34
2018,360008302472,PS 128 AUDUBON,NEW YORK CITY GEOGRAPHIC DISTRICT # 6,560 W 169TH ST,NEW YORK,10032,36061,40.841138,-73.938873,1,1,1,0,0,0,-1,5,591,49
2018,360008302485,PS 132 JUAN PABLO DUARTE,NEW YORK CITY GEOGRAPHIC DISTRICT # 6,185 WADSWORTH AVE,NEW YORK,10033,36061,40.850595,-73.934057,1,1,1,0,0,0,0,5,241,26
2018,360008302519,JHS 143 ELEANOR ROOSEVELT,NEW YORK CITY GEOGRAPHIC DISTRICT # 6,511 W 182ND ST,NEW YORK,10033,36061,40.849209,-73.931112,2,1,1,0,0,0,6,8,247,24
2018,360008302546,PS 152 DYCKMAN VALLEY,NEW YORK CITY GEOGRAPHIC DISTRICT # 6,93 NAGLE AVE,NEW YORK,10040,36061,40.860121,-73.928019,1,1,1,0,1,0,-1,5,559,41
2018,360008302550,PS 153 ADAM CLAYTON POWELL,NEW YORK CITY GEOGRAPHIC DISTRICT # 6,1750 AMSTERDAM AVE,NEW YORK,10031,36061,40.826364,-73.947212,1,1,1,0,0,0,-1,5,534,37
2018,360008302609,PS 173,NEW YORK CITY GEOGRAPHIC DISTRICT # 6,306 FT WASHINGTON AVE,NEW YORK,10033,36061,40.845561,-73.940013,1,1,1,0,0,0,-1,5,479,35
2018,360008302643,PS/IS 187 HUDSON CLIFFS,NEW YORK CITY GEOGRAPHIC DISTRICT # 6,349 CABRINI BLVD,NEW YORK,10040,36061,40.85614,-73.937189,1,1,1,0,0,0,-1,8,774,51
2018,360008302648,PS 189,NEW YORK CITY GEOGRAPHIC DISTRICT # 6,2580 AMSTERDAM AVE,NEW YORK,10040,36061,40.852924,-73.927756,1,1,1,0,1,0,-1,5,736,57
2018,360008302658,PS 192 JACOB H SCHIFF,NEW YORK CITY GEOGRAPHIC DISTRICT # 6,500 W 138TH ST,NEW YORK,10031,36061,40.820972,-73.953035,1,1,1,0,0,0,-1,5,392,32
2018,360008302872,PS/IS 210 21ST CENTURY ACADEMY,NEW YORK CITY GEOGRAPHIC DISTRICT # 6,501-503 W 152ND ST,NEW YORK,10031,36061,40.829977,-73.944655,1,1,1,0,0,0,-1,8,414,33
2018,360008303681,COLLEGE ACADEMY (THE),NEW YORK CITY GEOGRAPHIC DISTRICT # 6,549 AUDUBON AVE,NEW YORK,10040,36061,40.855661,-73.926207,3,1,1,0,0,0,9,12,421,
2018,360008303685,HIGH SCHOOL FOR MEDIA & COMMUNICATIONS,NEW YORK CITY GEOGRAPHIC DISTRICT # 6,549 AUDUBON AVE,NEW YORK,10040,36061,40.855661,-73.926189,3,1,1,0,0,0,9,12,384,26
2018,360008303691,HIGH SCHOOL FOR LAW & PUBLIC SERVICE,NEW YORK CITY GEOGRAPHIC DISTRICT # 6,549 AUDUBON AVE,NEW YORK,10040,36061,40.855664,-73.92618,3,1,1,0,0,0,9,12,476,34
2018,360008303692,HIGH SCHOOL FOR HEALTH CAREERS & SCIENCES,NEW YORK CITY GEOGRAPHIC DISTRICT # 6,549 AUDUBON AVE,NEW YORK,10040,36061,40.855675,-73.926188,3,1,1,0,0,0,9,12,402,35
2018,360008304305,A PHILIP RANDOLPH CAMPUS HIGH SCHOOL,NEW YORK CITY GEOGRAPHIC DISTRICT # 6,433 W 135TH ST,NEW YORK,10031,36061,40.818291,-73.950111,3,1,1,0,0,0,9,12,1525,82
2018,360008304451,HAROLD O LEVY SCHOOL,NEW YORK CITY GEOGRAPHIC DISTRICT # 6,650 ACADEMY ST,NEW YORK,10034,36061,40.865594,-73.924883,2,1,1,0,0,0,6,8,255,21
2018,360008304517,MOTT HALL SCHOOL (THE),NEW YORK CITY GEOGRAPHIC DISTRICT # 6,71-111 CONVENT AVE,NEW YORK,10027,36061,40.815727,-73.952609,2,1,1,0,0,0,6,8,301,20
2018,360008304872,PROFESSOR JUAN BOSCH PUBLIC SCHOOL,NEW YORK CITY GEOGRAPHIC DISTRICT # 6,12-18 ELLWOOD ST,NEW YORK,10040,36061,40.859338,-73.928047,1,1,1,0,0,0,0,5,285,29
2018,360008305642,PAULA HEDBAVNY SCHOOL,NEW YORK CITY GEOGRAPHIC DISTRICT # 6,421 W 219TH ST,NEW YORK,10034,36061,40.871667,-73.912495,1,1,1,0,0,0,0,8,554,34
2018,360008305643,AMISTAD DUAL LANGUAGE SCHOOL,NEW YORK CITY GEOGRAPHIC DISTRICT # 6,4862 BROADWAY,NEW YORK,10034,36061,40.866475,-73.92388,1,1,1,0,0,0,0,8,406,30
2018,360008305644,MUSCOTA,NEW YORK CITY GEOGRAPHIC DISTRICT # 6,4862 BROADWAY,NEW YORK,10034,36061,40.866465,-73.923881,1,1,1,0,0,0,0,5,293,20
2018,360008305645,MS 319 MARIE TERESA,NEW YORK CITY GEOGRAPHIC DISTRICT # 6,21 JUMEL PL,NEW YORK,10032,36061,40.839379,-73.935739,2,1,1,0,0,0,6,8,387,27
2018,360008305647,MS 324 PATRIA MIRABAL,NEW YORK CITY GEOGRAPHIC DISTRICT # 6,21 JUMEL PL,NEW YORK,10032,36061,40.839363,-73.93574,2,1,1,0,0,0,6,8,339,33
2018,360008305649,COMMUNITY MATH AND SCIENCE PREP,NEW YORK CITY GEOGRAPHIC DISTRICT # 6,401 W 164TH ST,NEW YORK,10032,36061,40.836934,-73.93713,2,1,1,0,0,0,6,8,207,23
2018,360008305782,MIDDLE SCHOOL 322,NEW YORK CITY GEOGRAPHIC DISTRICT # 6,4600 BROADWAY,NEW YORK,10040,36061,40.861003,-73.930053,2,1,1,0,0,0,6,8,388,39
2018,360008305784,CITY COLLEGE ACADEMY OF THE ARTS,NEW YORK CITY GEOGRAPHIC DISTRICT # 6,4600 BROADWAY,NEW YORK,10040,36061,40.861007,-73.930055,3,1,1,0,0,0,6,12,611,42
2018,360008305871,HARBOR HEIGHTS,NEW YORK CITY GEOGRAPHIC DISTRICT # 6,306 FORT WASHINGTON AVE,NEW YORK,10033,36061,40.845561,-73.940013,2,1,1,0,0,0,6,8,120,10
2018,360008305878,COMMUNITY HEALTH ACADEMY OF THE HEIGHTS,NEW YORK CITY GEOGRAPHIC DISTRICT # 6,504 W 158TH ST,NEW YORK,10033,36061,40.83346,-73.942338,3,1,1,0,0,0,6,12,700,56
2018,360008305909,WASHINGTON HEIGHTS EXPEDITIONARY LEARNING SCHOOL,NEW YORK CITY GEOGRAPHIC DISTRICT # 6,511 W 182ND ST,NEW YORK,10033,36061,40.8492,-73.931105,4,1,1,0,0,0,-1,12,870,68
2018,360008305989,HAMILTON HEIGHTS SCHOOL,NEW YORK CITY GEOGRAPHIC DISTRICT # 6,1750 AMSTERDAM AVE,NEW YORK,10031,36061,40.830466,-73.944797,1,1,1,0,0,0,0,5,148,15
2018,360008305990,WASHINGTON HEIGHTS ACADEMY,NEW YORK CITY GEOGRAPHIC DISTRICT # 6,202 SHERMAN AVE,NEW YORK,10034,36061,40.86546,-73.921595,1,1,1,0,0,0,-1,8,592,35
2018,360008306099,HIGH SCHOOL FOR EXCELLENCE AND INNOVATION,NEW YORK CITY GEOGRAPHIC DISTRICT # 6,650 ACADEMY ST,NEW YORK,10034,36061,40.865594,-73.924883,3,1,1,0,0,0,9,12,177,20
2018,360008306330,CASTLE BRIDGE SCHOOL,NEW YORK CITY GEOGRAPHIC DISTRICT # 6,560 W 169TH ST,NEW YORK,10032,36061,40.841138,-73.938873,1,1,1,0,0,0,-1,5,214,25
2018,360008306381,DOS PUENTES ELEMENTARY SCHOOL,NEW YORK CITY GEOGRAPHIC DISTRICT # 6,185 WADSWORTH AVE,NEW YORK,10033,36061,40.850519,-73.933822,1,1,1,0,0,0,0,5,412,33
2018,360008306490,INWOOD EARLY COLLEGE FOR HEALTH AND INFORMATION TECHNOLOGIES,NEW YORK CITY GEOGRAPHIC DISTRICT # 6,650 ACADEMY ST,NEW YORK,10034,36061,40.865594,-73.924883,3,3,1,0,0,0,9,12,403,32
2018,360008306530,HAMILTON GRANGE MIDDLE SCHOOL,NEW YORK CITY GEOGRAPHIC DISTRICT # 6,500 W 138TH ST,NEW YORK,10031,36061,40.82142,-73.952521,2,1,1,0,0,0,6,8,294,26
2018,360008400749,UNIVERSITY HEIGHTS SECONDARY SCHOOL-BRONX COMMUNITY COLLEGE,NEW YORK CITY GEOGRAPHIC DISTRICT # 7,701 ST ANNS AVE,BRONX,10455,36005,40.818057,-73.911544,3,1,1,0,0,0,9,12,519,26
2018,360008400757,HOSTOS-LINCOLN ACADEMY OF SCIENCE,NEW YORK CITY GEOGRAPHIC DISTRICT # 7,600 ST ANNS AVE,BRONX,10455,36005,40.814824,-73.912089,3,1,1,0,0,0,6,12,556,34
2018,360008401338,HEALTH OPPORTUNITIES HIGH SCHOOL,NEW YORK CITY GEOGRAPHIC DISTRICT # 7,350 GERARD AVE,BRONX,10451,36005,40.815856,-73.930079,3,1,1,0,0,0,9,12,500,32
2018,360008401909,ALFRED E SMITH CAREER AND TECHNICAL EDUCATION HIGH SCHOOL,NEW YORK CITY GEOGRAPHIC DISTRICT # 7,333 E 151ST ST,BRONX,10451,36005,40.818651,-73.919939,3,3,1,0,0,0,9,12,460,37
2018,360008401983,JHS 151 LOU GEHRIG,NEW YORK CITY GEOGRAPHIC DISTRICT # 7,250 E 156TH ST,BRONX,10451,36005,40.822796,-73.921588,2,1,1,0,0,0,6,8,234,22
2018,360008402043,PS 1 COURTLANDT SCHOOL,NEW YORK CITY GEOGRAPHIC DISTRICT # 7,335 E 152ND ST,BRONX,10451,36005,40.819272,-73.919195,1,1,1,0,0,0,-1,5,645,51
2018,360008402056,PS 5 PORT MORRIS,NEW YORK CITY GEOGRAPHIC DISTRICT # 7,564 JACKSON AVE,BRONX,10455,36005,40.813561,-73.90848,1,1,1,0,0,0,-1,8,729,58
2018,360008402098,PS 18 JOHN PETER ZENGER,NEW YORK CITY GEOGRAPHIC DISTRICT # 7,502 MORRIS AVE,BRONX,10451,36005,40.816285,-73.922951,1,1,1,0,0,0,-1,5,564,48
2018,360008402122,PS 25 BILINGUAL SCHOOL,NEW YORK CITY GEOGRAPHIC DISTRICT # 7,811 E 149TH ST,BRONX,10455,36005,40.812772,-73.905825,1,1,1,0,0,0,-1,5,546,46
2018,360008402138,PS/MS 29 MELROSE SCHOOL,NEW YORK CITY GEOGRAPHIC DISTRICT # 7,758 COURTLANDT AVE,BRONX,10451,36005,40.821674,-73.916871,1,1,1,0,0,0,-1,8,792,60
2018,360008402143,PS 30 WILTON,NEW YORK CITY GEOGRAPHIC DISTRICT # 7,510 E 141ST ST,BRONX,10454,36005,40.809155,-73.917454,1,1,1,0,0,0,-1,5,544,41
2018,360008402147,PS/MS 31 WILLIAM LLOYD GARRISON (THE),NEW YORK CITY GEOGRAPHIC DISTRICT # 7,250 E 156TH ST,BRONX,10451,36005,40.822783,-73.921626,1,1,1,0,0,0,-1,8,712,51
2018,360008402191,PS 43 JONAS BRONCK,NEW YORK CITY GEOGRAPHIC DISTRICT # 7,165 BROWN PL,BRONX,10454,36005,40.806386,-73.921444,1,1,1,0,0,0,-1,5,447,31
2018,360008402218,PS 49 WILLIS AVENUE,NEW YORK CITY GEOGRAPHIC DISTRICT # 7,383 E 139TH ST,BRONX,10454,36005,40.81033,-73.922707,1,1,1,0,0,0,-1,5,643,56
2018,360008402269,PS 65 MOTHER HALE ACADEMY,NEW YORK CITY GEOGRAPHIC DISTRICT # 7,677 E 141ST ST,BRONX,10454,36005,40.807725,-73.912805,1,1,1,0,0,0,-1,5,360,32
2018,360008402556,PS 154 JONATHAN D HYATT,NEW YORK CITY GEOGRAPHIC DISTRICT # 7,333 E 135TH ST,BRONX,10454,36005,40.808248,-73.925768,1,1,1,0,0,0,-1,5,333,29
2018,360008402578,PS 161 JUAN PONCE DE LEON SCHOOL,NEW YORK CITY GEOGRAPHIC DISTRICT # 7,628 TINTON AVE,BRONX,10455,36005,40.814496,-73.90544,1,1,1,0,0,0,-1,5,483,41
2018,360008403738,PS 277,NEW YORK CITY GEOGRAPHIC DISTRICT # 7,519 ST ANNS AVE,BRONX,10454,36005,40.813398,-73.91379,1,1,1,0,0,0,-1,5,476,33
2018,360008405118,PS 179,NEW YORK CITY GEOGRAPHIC DISTRICT # 7,468 E 140TH ST,BRONX,10454,36005,40.809399,-73.919985,1,1,1,0,0,0,-1,5,312,22
2018,360008405180,COMMUNITY SCHOOL FOR SOCIAL JUSTICE,NEW YORK CITY GEOGRAPHIC DISTRICT # 7,350 GERARD AVE,BRONX,10451,36005,40.815874,-73.930106,3,1,1,0,0,0,9,12,313,24
2018,360008405187,MOTT HAVEN VILLAGE PREPARATORY HIGH SCHOOL,NEW YORK CITY GEOGRAPHIC DISTRICT # 7,701 ST ANNS AVE,BRONX,10455,36005,40.818036,-73.911489,3,1,1,0,0,0,9,12,324,29
2018,360008405189,BRONX LEADERSHIP ACADEMY II HIGH SCHOOL,NEW YORK CITY GEOGRAPHIC DISTRICT # 7,730 CONCOURSE VILLAGE W,BRONX,10451,36005,40.822116,-73.923517,3,1,1,0,0,0,9,12,511,42
2018,360008405504,URBAN ASSEMBLY BRONX ACADEMY OF LETTERS (THE),NEW YORK CITY GEOGRAPHIC DISTRICT # 7,339 MORRIS AVE,BRONX,10451,36005,40.813671,-73.925948,3,1,1,0,0,0,6,12,587,58
2018,360008405512,CAREERS IN SPORTS HIGH SCHOOL,NEW YORK CITY GEOGRAPHIC DISTRICT # 7,730 CONCOURSE VILLAGE W,BRONX,10451,36005,40.818047,-73.911495,3,1,1,0,0,0,9,12,523,34
2018,360008405517,NEW EXPLORERS HIGH SCHOOL,NEW YORK CITY GEOGRAPHIC DISTRICT # 7,730 CONCOURSE VILLAGE W,BRONX,10451,36005,40.81804,-73.911486,-1,1,2,0,,,,,,
2018,360008405520,PS/IS 224,NEW YORK CITY GEOGRAPHIC DISTRICT # 7,345 BROOK AVE,BRONX,10454,36005,40.810107,-73.918208,2,1,1,0,0,0,6,8,328,28
2018,360008405521,LABORATORY SCHOOL OF FINANCE AND TECHNOLOGY (THE):  X223,NEW YORK CITY GEOGRAPHIC DISTRICT # 7,360 E 145TH ST,BRONX,10454,36005,40.813584,-73.920285,3,1,1,0,0,0,6,12,661,53
2018,360008405533,PS 157 GROVE HILL,NEW YORK CITY GEOGRAPHIC DISTRICT # 7,757 CAULDWELL AVE,BRONX,10456,36005,40.819224,-73.90886,1,1,1,0,0,0,-1,5,632,46
2018,360008405650,SOUTH BRONX PREPARATORY - A COLLEGE BOARD SCHOOL,NEW YORK CITY GEOGRAPHIC DISTRICT # 7,360 E 145TH ST,BRONX,10454,36005,40.813555,-73.920349,3,1,1,0,0,0,6,12,655,46
2018,360008405761,CROTONA ACADEMY HIGH SCHOOL,NEW YORK CITY GEOGRAPHIC DISTRICT # 7,1211 SOUTHERN BLVD,BRONX,10459,36005,40.82931,-73.892241,-1,1,2,0,,,,,,
2018,360008405785,SOUTH BRONX ACADEMY FOR APPLIED MEDIA,NEW YORK CITY GEOGRAPHIC DISTRICT # 7,778 FOREST AVE,BRONX,10456,36005,40.818951,-73.905494,2,1,1,0,0,0,6,8,226,24
2018,360008405786,ACADEMY OF PUBLIC RELATIONS,NEW YORK CITY GEOGRAPHIC DISTRICT # 7,778 FOREST AVE,BRONX,10456,36005,40.81895,-73.905523,2,1,1,0,0,0,6,8,262,24
2018,360008405873,INTERNATIONAL COMMUNITY HIGH SCHOOL,NEW YORK CITY GEOGRAPHIC DISTRICT # 7,345 BROOK AVE,BRONX,10454,36005,40.810107,-73.918208,3,1,1,0,0,0,9,12,404,28
2018,360008405920,ACADEMY OF APPLIED MATHEMATICS AND TECHNOLOGY,NEW YORK CITY GEOGRAPHIC DISTRICT # 7,345 BROOK AVE,BRONX,10454,36005,40.810107,-73.918208,2,1,1,0,0,0,6,8,310,20
2018,360008405988,JILL CHAIFETZ TRANSFER HIGH SCHOOL,NEW YORK CITY GEOGRAPHIC DISTRICT # 7,778 FOREST AVE,BRONX,10456,36005,40.818969,-73.90548,3,1,1,0,0,0,9,12,203,18
2018,360008406041,YOUNG LEADERS ELEMENTARY SCHOOL,NEW YORK CITY GEOGRAPHIC DISTRICT # 7,468 E 140TH ST,BRONX,10454,36005,40.809331,-73.919978,1,1,1,0,0,0,-1,5,248,27
2018,360008406056,BRONX HAVEN HIGH SCHOOL,NEW YORK CITY GEOGRAPHIC DISTRICT # 7,333 E 151ST ST,BRONX,10451,36005,40.823333,-73.907648,3,1,1,0,0,0,9,12,162,15
2018,360008406253,BRONX DESIGN AND CONSTRUCTION ACADEMY,NEW YORK CITY GEOGRAPHIC DISTRICT # 7,333 E 151ST ST,BRONX,10451,36005,40.81848,-73.919709,3,3,1,0,0,0,9,12,456,40
2018,360008406352,MOTT HAVEN COMMUNITY HIGH SCHOOL,NEW YORK CITY GEOGRAPHIC DISTRICT # 7,455 SOUTHERN BLVD,BRONX,10455,36005,40.810427,-73.9074,3,1,1,0,0,0,10,12,227,24
2018,360008406382,CONCOURSE VILLAGE ELEMENTARY SCHOOL,NEW YORK CITY GEOGRAPHIC DISTRICT # 7,750 CONCOURSE VILLAGE W,BRONX,10451,36005,40.823113,-73.922771,1,1,1,0,0,0,-1,5,344,27
2018,360008406383,HERO HIGH SCHOOL,NEW YORK CITY GEOGRAPHIC DISTRICT # 7,455 SOUTHERN BLVD,BRONX,10455,36005,40.810427,-73.9074,3,3,1,0,0,0,9,12,529,35
2018,360008406613,IS 584,NEW YORK CITY GEOGRAPHIC DISTRICT # 7,600 ST ANNS AVE,BRONX,10455,36005,40.81497,-73.912291,2,1,1,0,0,0,6,8,250,26
2018,360008501964,HERBERT H LEHMAN HIGH SCHOOL,NEW YORK CITY GEOGRAPHIC DISTRICT # 8,3000 E TREMONT AVE,BRONX,10461,36005,40.840131,-73.839246,3,1,1,0,0,0,9,12,782,56
2018,360008501979,JHS 131 ALBERT EINSTEIN,NEW YORK CITY GEOGRAPHIC DISTRICT # 8,885 BOLTON AVE,BRONX,10473,36005,40.823296,-73.859866,2,1,1,0,0,0,6,8,477,35
2018,360008502085,PS 14 SENATOR JOHN CALANDRA,NEW YORK CITY GEOGRAPHIC DISTRICT # 8,3041 BRUCKNER BLVD,BRONX,10461,36005,40.835345,-73.825876,1,1,1,0,0,0,0,5,579,37
2018,360008502168,PS 36 UNIONPORT,NEW YORK CITY GEOGRAPHIC DISTRICT # 8,1070 CASTLE HILL AVE,BRONX,10472,36005,40.829441,-73.850169,1,1,1,0,0,0,-1,5,759,55
2018,360008502211,PS 48 JOSEPH R DRAKE,NEW YORK CITY GEOGRAPHIC DISTRICT # 8,1290 SPOFFORD AVE,BRONX,10474,36005,40.814195,-73.886861,1,1,1,0,0,0,-1,5,662,50
2018,360008502264,PS 62 INOCENSIO CASANOVA,NEW YORK CITY GEOGRAPHIC DISTRICT # 8,660 FOX ST,BRONX,10455,36005,40.813892,-73.900189,1,1,1,0,0,0,-1,5,668,54
2018,360008502285,PS 69 JOURNEY PREP SCHOOL,NEW YORK CITY GEOGRAPHIC DISTRICT # 8,560 THERIOT AVE,BRONX,10473,36005,40.816878,-73.860635,1,1,1,0,0,0,-1,5,635,45
2018,360008502293,PS 71 ROSE E SCALA,NEW YORK CITY GEOGRAPHIC DISTRICT # 8,3040 ROBERTS AVE,BRONX,10461,36005,40.8456,-73.829695,1,1,1,0,0,0,0,8,1572,107
2018,360008502295,PS 72 DR WILLIAM DORNEY,NEW YORK CITY GEOGRAPHIC DISTRICT # 8,2951 DEWEY AVE,BRONX,10465,36005,40.822978,-73.818074,1,1,1,0,0,0,-1,5,745,62
2018,360008502302,PS 75 SCHOOL OF RESEARCH AND DISCOVERY,NEW YORK CITY GEOGRAPHIC DISTRICT # 8,984 FAILE ST,BRONX,10459,36005,40.82233,-73.889175,1,1,1,0,0,0,-1,5,591,45
2018,360008502354,PS 93 ALBERT G OLIVER,NEW YORK CITY GEOGRAPHIC DISTRICT # 8,1535 STORY AVE,BRONX,10473,36005,40.822122,-73.876969,1,1,1,0,0,0,-1,5,327,31
2018,360008502380,PS 100 ISAAC CLASON,NEW YORK CITY GEOGRAPHIC DISTRICT # 8,800 TAYLOR AVE,BRONX,10473,36005,40.8219,-73.862654,1,1,1,0,0,0,-1,5,549,43
2018,360008502401,PS 107,NEW YORK CITY GEOGRAPHIC DISTRICT # 8,1695 SEWARD AVE,BRONX,10473,36005,40.818712,-73.868601,1,1,1,0,0,0,-1,5,551,37
2018,360008502441,DR EMMETT W BASSETT SCHOOL (THE),NEW YORK CITY GEOGRAPHIC DISTRICT # 8,1075 PUGSLEY AVE,BRONX,10472,36005,40.828549,-73.856931,1,1,1,0,0,0,-1,5,809,53
2018,360008502456,JHS 123 JAMES M KIERNAN,NEW YORK CITY GEOGRAPHIC DISTRICT # 8,1025 MORRISON AVE,BRONX,10472,36005,40.825005,-73.873846,2,1,1,0,1,0,6,8,419,35
2018,360008502463,JHS 125 HENRY HUDSON,NEW YORK CITY GEOGRAPHIC DISTRICT # 8,1111 PUGSLEY AVE,BRONX,10472,36005,40.829152,-73.857563,-1,1,2,0,,,,,,
2018,360008502479,PS 130 ABRAM STEVENS HEWITT,NEW YORK CITY GEOGRAPHIC DISTRICT # 8,750 PROSPECT AVE,BRONX,10455,36005,40.817846,-73.901999,1,1,1,0,0,0,-1,5,432,38
2018,360008502505,PS 138 SAMUEL RANDALL,NEW YORK CITY GEOGRAPHIC DISTRICT # 8,2060 LAFAYETTE AVE,BRONX,10473,36005,40.822432,-73.852378,1,1,1,0,0,0,-1,5,657,45
2018,360008502509,PS 140 EAGLE SCHOOL (THE),NEW YORK CITY GEOGRAPHIC DISTRICT # 8,916 EAGLE AVE,BRONX,10456,36005,40.823451,-73.907611,1,1,1,0,0,0,-1,5,605,43
2018,360008502530,PS 146 EDWARD COLLINS,NEW YORK CITY GEOGRAPHIC DISTRICT # 8,968 CAULDWELL AVE,BRONX,10456,36005,40.8246,-73.905997,1,1,1,0,0,0,-1,5,369,31
2018,360008502547,PS 152 EVERGREEN,NEW YORK CITY GEOGRAPHIC DISTRICT # 8,1007 EVERGREEN AVE,BRONX,10472,36005,40.824037,-73.880319,1,1,1,0,0,0,0,5,815,64
2018,360008502632,PS 182,NEW YORK CITY GEOGRAPHIC DISTRICT # 8,601 STICKBALL BLVD,BRONX,10473,36005,40.81855,-73.856798,1,1,1,0,0,0,-1,5,768,50
2018,360008502968,LONGWOOD PREPARATORY ACADEMY,NEW YORK CITY GEOGRAPHIC DISTRICT # 8,965 LONGWOOD AVE,BRONX,10459,36005,40.817721,-73.897899,3,1,1,0,0,0,9,12,345,31
2018,360008503740,MS 101 EDWARD R BYRNE,NEW YORK CITY GEOGRAPHIC DISTRICT # 8,2750 LAFAYETTE AVE,BRONX,10465,36005,40.827268,-73.829194,2,1,1,0,0,0,6,8,543,41
2018,360008505121,MS 301 PAUL L DUNBAR,NEW YORK CITY GEOGRAPHIC DISTRICT # 8,890 CAULDWELL AVE,BRONX,10456,36005,40.822259,-73.906796,2,1,1,0,0,0,6,8,246,22
2018,360008505122,MS 302 LUISA DESSUS CRUZ,NEW YORK CITY GEOGRAPHIC DISTRICT # 8,681 KELLY ST,BRONX,10455,36005,40.815787,-73.90165,2,1,1,0,0,0,6,8,473,42
2018,360008505123,PS 304 EARLY CHILDHOOD SCHOOL,NEW YORK CITY GEOGRAPHIC DISTRICT # 8,2750 LAFAYETTE AVE,BRONX,10465,36005,40.827271,-73.829197,1,1,1,0,0,0,-1,5,514,36
2018,360008505186,GOTHAM COLLABORATIVE HIGH SCHOOL,NEW YORK CITY GEOGRAPHIC DISTRICT # 8,1980 LAFAYETTE AVE,BRONX,10473,36005,40.821968,-73.855834,3,1,1,0,0,0,9,12,499,47
2018,360008505652,BRONX STUDIO SCHOOL FOR WRITERS AND ARTISTS,NEW YORK CITY GEOGRAPHIC DISTRICT # 8,928 SIMPSON ST,BRONX,10459,36005,40.820422,-73.892931,3,1,1,0,0,0,6,12,628,51
2018,360008505653,WOMENS ACADEMY OF EXCELLENCE,NEW YORK CITY GEOGRAPHIC DISTRICT # 8,456 WHITE PLAINS RD,BRONX,10473,36005,40.815047,-73.856096,3,1,1,0,0,0,9,12,246,21
2018,360008505654,MILLENIUM ART ACADEMY,NEW YORK CITY GEOGRAPHIC DISTRICT # 8,1980 LAFAYETTE AVE,BRONX,10473,36005,40.821918,-73.855791,3,1,1,0,0,0,9,12,428,31
2018,360008505655,LONGWOOD ACADEMY FOR DISCOVERY (THE),NEW YORK CITY GEOGRAPHIC DISTRICT # 8,888 REV J A POLITE AVE,BRONX,10459,36005,40.820162,-73.898644,1,1,1,0,0,0,-1,5,621,50
2018,360008505657,SCHOOL FOR INQUIRY AND SOCIAL JUSTICE (THE),NEW YORK CITY GEOGRAPHIC DISTRICT # 8,1025 MORRISON AVE,BRONX,10472,36005,40.825003,-73.873845,2,1,1,0,0,0,6,8,507,36
2018,360008505659,RENAISSANCE HIGH SCHOOL FOR MUSICAL THEATER AND THE ARTS,NEW YORK CITY GEOGRAPHIC DISTRICT # 8,3000 E TREMONT AVE,BRONX,10461,36005,40.84012,-73.839262,3,1,1,0,0,0,9,12,470,29
2018,360008505789,FELISA RINCON DE GAUTIER INSTITUTE FOR LAW AND PUBLIC POLICY,NEW YORK CITY GEOGRAPHIC DISTRICT # 8,1440 STORY AVE,BRONX,10473,36005,40.820919,-73.88068,-1,1,2,0,,,,,,
2018,360008505876,HOLCOMBE L RUCKER SCHOOL OF COMMUNITY RESEARCH,NEW YORK CITY GEOGRAPHIC DISTRICT # 8,965 LONGWOOD AVE,BRONX,10459,36005,40.817634,-73.897862,-1,1,2,0,,,,,,
2018,360008505982,URBAN INSTITUTE OF MATHEMATICS,NEW YORK CITY GEOGRAPHIC DISTRICT # 8,650 HOLLYWOOD AVE,BRONX,10465,36005,40.827141,-73.81831,2,1,1,0,0,0,6,8,377,25
2018,360008505983,BRONX COMMUNITY HIGH SCHOOL,NEW YORK CITY GEOGRAPHIC DISTRICT # 8,1980 LAFAYETTE AVE,BRONX,10473,36005,40.822,-73.855821,3,1,1,0,0,0,9,12,151,15
2018,360008505984,ANTONIA PANTOJA PREPARATORY ACADEMY - A COLLEGE BOARD SCHOOL,NEW YORK CITY GEOGRAPHIC DISTRICT # 8,1980 LAFAYETTE AVE,BRONX,10473,36005,40.821967,-73.855844,3,1,1,0,0,0,6,12,436,38
2018,360008505985,ARCHIMEDES ACAD-MATH SCI TECH,NEW YORK CITY GEOGRAPHIC DISTRICT # 8,456 WHITE PLAINS RD,BRONX,10473,36005,40.81513,-73.856158,3,1,1,0,0,0,6,12,642,48
2018,360008505986,BRONX MATHEMATICS PREPARATORY SCHOOL (THE),NEW YORK CITY GEOGRAPHIC DISTRICT # 8,456 WHITE PLAINS RD,BRONX,10473,36005,40.815198,-73.856118,2,1,1,0,0,0,6,8,230,26
2018,360008506081,HUNTS POINT SCHOOL (THE),NEW YORK CITY GEOGRAPHIC DISTRICT # 8,730 BRYANT AVE,BRONX,10474,36005,40.815654,-73.885413,2,1,1,0,0,0,6,8,300,25
2018,360008506156,SOUNDVIEW ACADEMY FOR CULTURE AND SCHOLARSHIP,NEW YORK CITY GEOGRAPHIC DISTRICT # 8,885 BOLTON AVE,BRONX,10473,36005,40.823602,-73.859957,2,1,1,0,0,0,6,8,392,28
2018,360008506162,MOTT HALL COMMUNITY SCHOOL,NEW YORK CITY GEOGRAPHIC DISTRICT # 8,650 HOLLYWOOD AVE,BRONX,10465,36005,40.826796,-73.818142,2,1,1,0,0,0,6,8,339,25
2018,360008506221,BRONX BRIDGES HIGH SCHOOL,NEW YORK CITY GEOGRAPHIC DISTRICT # 8,1980 LAFAYETTE AVE,BRONX,10473,36005,40.821989,-73.855731,3,1,1,0,0,0,9,12,320,30
2018,360008506258,BRONX ARENA HIGH SCHOOL,NEW YORK CITY GEOGRAPHIC DISTRICT # 8,1440 STORY AVE,BRONX,10473,36005,40.820919,-73.88068,3,1,1,0,0,0,9,12,144,14
2018,360008506302,BLUEPRINT MIDDLE SCHOOL,NEW YORK CITY GEOGRAPHIC DISTRICT # 8,1111 PUGLSEY AVE,BRONX,10472,36005,40.829152,-73.857563,2,1,1,0,0,0,6,8,669,50
2018,360008506326,WESTCHESTER SQUARE ACADEMY,NEW YORK CITY GEOGRAPHIC DISTRICT # 8,3000 E TREMONT AVE,BRONX,10461,36005,40.83993,-73.838061,3,1,1,0,0,0,9,12,547,39
2018,360008506348,SCHOOL FOR TOURISM AND HOSPITALITY,NEW YORK CITY GEOGRAPHIC DISTRICT # 8,900 TINTON AVE,BRONX,10456,36005,40.821708,-73.902799,3,3,1,0,0,0,9,12,298,28
2018,360008506357,BRONX COMPASS HIGH SCHOOL,NEW YORK CITY GEOGRAPHIC DISTRICT # 8,1980 LAFAYETTE AVE,BRONX,10473,36005,40.821968,-73.855834,3,1,1,0,0,0,9,12,387,31
2018,360008506386,PELHAM LAB HIGH SCHOOL,NEW YORK CITY GEOGRAPHIC DISTRICT # 8,3000 E TREMONT AVE,BRONX,10461,36005,40.839911,-73.837965,3,1,1,0,0,0,9,12,461,41
2018,360008506387,SCHUYLERVILLE PREPARATORY HIGH SCHOOL,NEW YORK CITY GEOGRAPHIC DISTRICT # 8,3000 E TREMONT AVE,BRONX,10461,36005,40.839997,-73.837965,3,1,1,0,0,0,9,12,341,29
2018,360008506388,BRONX RIVER HIGH SCHOOL,NEW YORK CITY GEOGRAPHIC DISTRICT # 8,3000 E TREMONT AVE,BRONX,10461,36005,40.840062,-73.839191,3,1,1,0,0,0,9,12,424,33
2018,360008506506,BRONX DELTA SCHOOL,NEW YORK CITY GEOGRAPHIC DISTRICT # 8,650 HOLLYWOOD AVE,BRONX,10465,36005,40.82705,-73.818651,1,1,1,0,0,0,-1,4,340,32
2018,360008506614,PS 583,NEW YORK CITY GEOGRAPHIC DISTRICT # 8,1028 WHITE PLAINS RD,BRONX,10472,36005,40.827041,-73.859703,1,1,1,0,0,0,-1,1,190,10
2018,360008600728,PS 170,NEW YORK CITY GEOGRAPHIC DISTRICT # 9,1598 TOWNSEND AVE,BRONX,10452,36005,40.844401,-73.913332,1,1,1,0,0,0,0,2,233,21
2018,360008600795,BRONX LEADERSHIP ACADEMY HIGH SCHOOL,NEW YORK CITY GEOGRAPHIC DISTRICT # 9,1710 WEBSTER AVE,BRONX,10457,36005,40.843402,-73.903071,3,1,1,0,0,0,9,12,541,44
2018,360008602073,PS 11 HIGHBRIDGE,NEW YORK CITY GEOGRAPHIC DISTRICT # 9,1257 OGDEN AVE,BRONX,10452,36005,40.839586,-73.925854,1,1,1,0,0,0,0,5,553,47
2018,360008602133,PS 28 MOUNT HOPE,NEW YORK CITY GEOGRAPHIC DISTRICT # 9,1861 ANTHONY AVE,BRONX,10457,36005,40.848355,-73.903661,1,1,1,0,0,0,-1,5,718,60
2018,360008602160,PS 35 FRANZ SIEGEL,NEW YORK CITY GEOGRAPHIC DISTRICT # 9,261 E 163RD ST,BRONX,10451,36005,40.827581,-73.917945,1,1,1,0,0,0,0,5,618,52
2018,360008602188,PS 42 CLAREMONT,NEW YORK CITY GEOGRAPHIC DISTRICT # 9,1537 WASHINGTON AVE,BRONX,10456,36005,40.838612,-73.903105,1,1,1,0,0,0,-1,5,403,35
2018,360008602232,PS 53 BASHEER QUISIM,NEW YORK CITY GEOGRAPHIC DISTRICT # 9,360 E 168TH ST,BRONX,10456,36005,40.832788,-73.911872,1,1,1,0,0,0,-1,5,1044,86
2018,360008602238,PS 55 BENJAMIN FRANKLIN,NEW YORK CITY GEOGRAPHIC DISTRICT # 9,450 ST PAULS PL,BRONX,10456,36005,40.836153,-73.904915,1,1,1,0,0,0,-1,5,594,47
2018,360008602250,PS 58,NEW YORK CITY GEOGRAPHIC DISTRICT # 9,459 E 176TH ST,BRONX,10457,36005,40.846266,-73.898919,1,1,1,0,0,0,-1,5,424,34
2018,360008602276,PS 114 LUIS LLORENS TORRES SCHOOL,NEW YORK CITY GEOGRAPHIC DISTRICT # 9,1155 CROMWELL AVE,BRONX,10452,36005,40.834826,-73.923359,1,1,1,0,0,0,0,5,717,48
2018,360008602288,PS 70 MAX SCHOENFELD,NEW YORK CITY GEOGRAPHIC DISTRICT # 9,1691 WEEKS AVE,BRONX,10457,36005,40.844373,-73.907833,1,1,1,0,0,0,0,5,1118,80
2018,360008602298,PS 73 BRONX,NEW YORK CITY GEOGRAPHIC DISTRICT # 9,1020 ANDERSON AVE,BRONX,10452,36005,40.832693,-73.926586,1,1,1,0,0,0,-1,5,573,45
2018,360008602338,PS 88 S SILVERSTEIN LITTLE SPARROW SCHOOL,NEW YORK CITY GEOGRAPHIC DISTRICT # 9,1340 SHERIDAN AVE,BRONX,10456,36005,40.837054,-73.913531,1,1,1,0,0,0,0,3,152,12
2018,360008602410,PS 109 SEDGWICK,NEW YORK CITY GEOGRAPHIC DISTRICT # 9,1771 POPHAM AVE,BRONX,10453,36005,40.851487,-73.918821,1,1,1,0,0,0,-1,5,613,52
2018,360008602413,PS 110 THEODORE SCHOENFELD,NEW YORK CITY GEOGRAPHIC DISTRICT # 9,580 CROTONA PARK S,BRONX,10456,36005,40.835054,-73.900359,1,1,1,0,0,0,-1,5,410,33
2018,360008602465,PS 126 DR MARJORIE H DUNBAR,NEW YORK CITY GEOGRAPHIC DISTRICT # 9,175 W 166TH ST,BRONX,10452,36005,40.836161,-73.928278,1,1,1,0,0,0,-1,5,578,48
2018,360008602486,PS 132 GARRETT A MORGAN,NEW YORK CITY GEOGRAPHIC DISTRICT # 9,1245 WASHINGTON AVE,BRONX,10456,36005,40.831956,-73.907033,1,1,1,0,0,0,-1,5,369,32
2018,360008602583,PS 163 ARTHUR A SCHOMBERG,NEW YORK CITY GEOGRAPHIC DISTRICT # 9,2075 WEBSTER AVE,BRONX,10457,36005,40.851738,-73.898832,1,1,1,0,0,0,-1,5,471,44
2018,360008602737,IS 229 ROLAND PATTERSON,NEW YORK CITY GEOGRAPHIC DISTRICT # 9,275 HARLEM RIVER PARK BRIDGE,BRONX,10453,36005,40.853123,-73.920725,2,1,1,0,0,0,6,8,239,29
2018,360008602751,PS 236 LANGSTON HUGHES,NEW YORK CITY GEOGRAPHIC DISTRICT # 9,1871 WALTON AVE,BRONX,10453,36005,40.848914,-73.909814,1,1,1,0,0,0,-1,5,332,23
2018,360008602961,BRONX SCHOOL FOR LAW GOVERNMENT AND JUSTICE,NEW YORK CITY GEOGRAPHIC DISTRICT # 9,244 E 163RD ST,BRONX,10451,36005,40.827559,-73.918988,3,1,1,0,0,0,6,12,756,56
2018,360008603742,PS/IS 218 RAFAEL HERNANDEZ DUAL LANGUAGE MAGNET SCHOOL,NEW YORK CITY GEOGRAPHIC DISTRICT # 9,1220 GERARD AVE,BRONX,10452,36005,40.835766,-73.919825,1,1,1,0,0,0,0,8,1035,77
2018,360008603747,IS 219 NEW VENTURE SCHOOL,NEW YORK CITY GEOGRAPHIC DISTRICT # 9,3630 3RD AVE,BRONX,10456,36005,40.833704,-73.904024,2,1,1,0,0,0,6,8,352,34
2018,360008603764,IS 303 LEADERSHIP & COMMUNITY SERVICE,NEW YORK CITY GEOGRAPHIC DISTRICT # 9,1700 MACOMBS RD,BRONX,10453,36005,40.849452,-73.915704,2,1,1,0,0,0,6,8,322,31
2018,360008603767,IS 313 SCHOOL OF LEADERSHIP DEVELOPMENT,NEW YORK CITY GEOGRAPHIC DISTRICT # 9,1600 WEBSTER AVE,BRONX,10457,36005,40.840524,-73.904198,2,1,1,0,0,0,6,8,299,34
2018,360008603780,IS 339,NEW YORK CITY GEOGRAPHIC DISTRICT # 9,1600 WEBSTER AVE,BRONX,10457,36005,40.840544,-73.904216,2,1,1,0,0,0,6,8,481,48
2018,360008604459,PS 199 SHAKESPEARE SCHOOL (THE),NEW YORK CITY GEOGRAPHIC DISTRICT # 9,1449 SHAKESPEARE AVE,BRONX,10452,36005,40.843428,-73.920501,1,1,1,0,0,0,-1,5,717,52
2018,360008604461,JHS 22 JORDAN L MOTT,NEW YORK CITY GEOGRAPHIC DISTRICT # 9,270 E 167TH ST,BRONX,10456,36005,40.832336,-73.914212,2,1,1,0,0,0,6,8,423,44
2018,360008604808,PS 204 MORRIS HEIGHTS,NEW YORK CITY GEOGRAPHIC DISTRICT # 9,1780 DR M L KING JR BLVD,BRONX,10453,36005,40.850127,-73.915379,1,1,1,0,0,0,-1,5,634,41
2018,360008604876,IS 232,NEW YORK CITY GEOGRAPHIC DISTRICT # 9,1700 MACOMBS RD,BRONX,10453,36005,40.849478,-73.915719,2,1,1,0,0,0,6,8,505,37
2018,360008604879,BRONX INTERNATIONAL HIGH SCHOOL,NEW YORK CITY GEOGRAPHIC DISTRICT # 9,1110 BOSTON RD,BRONX,10456,36005,40.827165,-73.904051,3,1,1,0,0,0,9,12,408,31
2018,360008605175,SCHOOL FOR EXCELLENCE,NEW YORK CITY GEOGRAPHIC DISTRICT # 9,1100 BOSTON RD,BRONX,10456,36005,40.827148,-73.904012,3,1,1,0,0,0,9,12,300,23
2018,360008605176,BRONX HIGH SCHOOL OF BUSINESS,NEW YORK CITY GEOGRAPHIC DISTRICT # 9,240 E 172ND ST,BRONX,10457,36005,40.83984,-73.911288,3,1,1,0,0,0,9,12,276,24
2018,360008605177,BRONX HIGH SCHOOL FOR MEDICAL SCIENCE,NEW YORK CITY GEOGRAPHIC DISTRICT # 9,240 E 172ND ST,BRONX,10457,36005,40.839853,-73.911282,3,1,1,0,0,0,6,12,422,34
2018,360008605191,PS/MS 4 CROTONA PARK WEST,NEW YORK CITY GEOGRAPHIC DISTRICT # 9,1701 FULTON AVE,BRONX,10457,36005,40.841711,-73.897901,1,1,1,0,0,0,-1,8,547,47
2018,360008605192,IS 117 JOSEPH H WADE,NEW YORK CITY GEOGRAPHIC DISTRICT # 9,1865 MORRIS AVE,BRONX,10453,36005,40.848581,-73.90867,2,1,1,0,0,0,6,8,487,40
2018,360008605547,HIGH SCHOOL FOR VIOLIN AND DANCE,NEW YORK CITY GEOGRAPHIC DISTRICT # 9,1100 BOSTON RD,BRONX,10467,36005,40.827162,-73.904049,3,1,1,0,0,0,9,12,238,15
2018,360008605561,PS 63 AUTHORS ACADEMY,NEW YORK CITY GEOGRAPHIC DISTRICT # 9,1260 FRANKLIN AVE,BRONX,10456,36005,40.831057,-73.902158,1,1,1,0,0,0,-1,5,529,38
2018,360008605663,MOTT HALL III,NEW YORK CITY GEOGRAPHIC DISTRICT # 9,580 CROTONA PARK S,BRONX,10456,36005,40.836155,-73.90491,2,1,1,0,0,0,6,8,355,22
2018,360008605664,BRONX WRITING ACADEMY,NEW YORK CITY GEOGRAPHIC DISTRICT # 9,270 E 167TH ST,BRONX,10456,36005,40.832365,-73.914221,2,1,1,0,0,0,6,8,399,39
2018,360008605665,URBAN SCIENCE ACADEMY,NEW YORK CITY GEOGRAPHIC DISTRICT # 9,1000 TELLER AVE,BRONX,10456,36005,40.827965,-73.913719,-1,1,2,0,,,,,,
2018,360008605666,COMPREHENSIVE MODEL SCHOOL PROJECT MS 327,NEW YORK CITY GEOGRAPHIC DISTRICT # 9,1501 JEROME AVE,BRONX,10452,36005,40.843027,-73.916055,3,1,1,0,0,0,6,12,733,52
2018,360008605667,NEW MILLENNIUM BUSINESS ACADEMY MIDDLE SCHOOL,NEW YORK CITY GEOGRAPHIC DISTRICT # 9,1000 TELLER AVE,BRONX,10456,36005,40.827942,-73.913677,2,1,1,0,0,0,6,8,321,19
2018,360008605668,FREDERICK DOUGLASS ACADEMY III SECONDARY SCHOOL,NEW YORK CITY GEOGRAPHIC DISTRICT # 9,3630 3RD AVE,BRONX,10456,36005,40.833686,-73.903937,3,1,1,0,0,0,9,12,411,31
2018,360008605669,BRONX COLLEGIATE ACADEMY,NEW YORK CITY GEOGRAPHIC DISTRICT # 9,240 E 172ND ST,BRONX,10457,36005,40.839813,-73.911302,3,1,1,0,0,0,9,12,391,25
2018,360008605670,EAGLE ACADEMY FOR YOUNG MEN,NEW YORK CITY GEOGRAPHIC DISTRICT # 9,4143 3RD AVE,BRONX,10457,36005,40.845289,-73.897246,3,1,1,0,0,0,6,12,532,33
2018,360008605673,URBAN ASSEMBLY SCHOOL FOR APPLIED MATH AND SCIENCE (THE),NEW YORK CITY GEOGRAPHIC DISTRICT # 9,1595 BATHGATE AVE,BRONX,10457,36005,40.839621,-73.901906,3,1,1,0,0,0,6,12,601,54
2018,360008605693,MORRIS ACADEMY FOR COLLABORATIVE STUDIES,NEW YORK CITY GEOGRAPHIC DISTRICT # 9,1110 BOSTON RD,BRONX,10456,36005,40.827161,-73.904047,3,1,1,0,0,0,9,12,406,34
2018,360008605790,KAPPA,NEW YORK CITY GEOGRAPHIC DISTRICT # 9,3630 3RD AVE,BRONX,10456,36005,40.833715,-73.903963,2,1,1,0,0,0,6,8,333,29
2018,360008605791,EXIMIUS COLLEGE PREPARATORY ACADEMY:  A COLLEGE BOARD SCHOOL,NEW YORK CITY GEOGRAPHIC DISTRICT # 9,1363 FULTON AVE,BRONX,10456,36005,40.833923,-73.902713,3,1,1,0,0,0,9,12,429,30
2018,360008605793,MOTT HALL BRONX HIGH SCHOOL,NEW YORK CITY GEOGRAPHIC DISTRICT # 9,1595 BATHGATE AVE,BRONX,10457,36005,40.83961,-73.901935,3,1,1,0,0,0,9,12,380,26
2018,360008605794,BRONX CENTER FOR SCIENCE AND MATHEMATICS,NEW YORK CITY GEOGRAPHIC DISTRICT # 9,1363 FULTON AVE,BRONX,10456,36005,40.833923,-73.902722,3,1,1,0,0,0,9,12,448,33
2018,360008605861,VALIDUS PREPARATORY ACADEMY,NEW YORK CITY GEOGRAPHIC DISTRICT # 9,1595 BATHGATE AVE,BRONX,10457,36005,40.83962,-73.901943,3,1,1,0,0,0,9,12,353,24
2018,360008605865,BRONX EARLY COLLEGE ACADEMY FOR TEACHING AND LEARNING,NEW YORK CITY GEOGRAPHIC DISTRICT # 9,250 E 164TH ST,BRONX,10456,36005,40.828212,-73.91758,3,1,1,0,0,0,6,12,514,33
2018,360008605882,DREAMYARD PREPARATORY SCHOOL,NEW YORK CITY GEOGRAPHIC DISTRICT # 9,240 E 172ND ST,BRONX,10457,36005,40.839847,-73.911302,3,1,1,0,0,0,9,12,277,21
2018,360008605981,ACADEMY FOR LANGUAGE AND TECHNOLOGY,NEW YORK CITY GEOGRAPHIC DISTRICT # 9,1700 MACOMBS RD,BRONX,10453,36005,40.849503,-73.915702,3,1,1,0,0,0,9,12,319,22
2018,360008606113,SCIENCE AND TECHNOLOGY ACADEMY:  A MOTT HALL SCHOOL,NEW YORK CITY GEOGRAPHIC DISTRICT # 9,250 E 164TH ST,BRONX,10456,36005,40.828212,-73.91758,2,1,1,0,0,0,6,8,448,36
2018,360008606121,GRANT AVENUE ELEMENTARY SCHOOL,NEW YORK CITY GEOGRAPHIC DISTRICT # 9,250 E 164TH ST,BRONX,10456,36005,40.828212,-73.91758,1,1,1,0,0,0,-1,5,449,40
2018,360008606132,FAMILY SCHOOL (THE),NEW YORK CITY GEOGRAPHIC DISTRICT # 9,1116 SHERIDAN AVE,BRONX,10456,36005,40.832056,-73.917687,1,1,1,0,0,0,-1,5,552,44
2018,360008606150,SHERIDAN ACADEMY FOR YOUNG LEADERS,NEW YORK CITY GEOGRAPHIC DISTRICT # 9,1116 SHERIDAN AVE,BRONX,10456,36005,40.832056,-73.917687,1,1,1,0,0,0,-1,5,497,33
2018,360008606312,MOUNT EDEN CHILDRENS ACADEMY,NEW YORK CITY GEOGRAPHIC DISTRICT # 9,1501 JEROME AVE,BRONX,10452,36005,40.843027,-73.916055,1,1,1,0,0,0,-1,5,428,28
2018,360008606329,CLAREMONT INTERNATIONAL HIGH SCHOOL,NEW YORK CITY GEOGRAPHIC DISTRICT # 9,240 E 172ND ST,BRONX,10457,36005,40.83975,-73.911376,3,1,1,0,0,0,9,12,338,26
2018,360008606345,YOUNG WOMENS LEADERSHIP SCHOOL OF THE BRONX,NEW YORK CITY GEOGRAPHIC DISTRICT # 9,1865 MORRIS AVE,BRONX,10453,36005,40.848581,-73.90867,3,1,1,0,0,0,6,12,543,38
2018,360008606391,NEW AMERICAN ACADEMY AT ROBERTO CLEMENTE STATE PARK (THE),NEW YORK CITY GEOGRAPHIC DISTRICT # 9,275 HARLEM RIVER PARK BRIDGE,BRONX,10453,36005,40.853123,-73.920725,1,1,1,0,0,0,-1,5,713,67
2018,360008606392,WALTON AVENUE SCHOOL (THE),NEW YORK CITY GEOGRAPHIC DISTRICT # 9,1425 WALTON AVE,BRONX,10452,36005,40.840316,-73.915691,1,1,1,0,0,0,0,5,494,41
2018,360008606393,LUCERO ELEMENTARY SCHOOL,NEW YORK CITY GEOGRAPHIC DISTRICT # 9,1425 WALTON AVE,BRONX,10452,36005,40.840316,-73.915691,1,1,1,0,0,0,0,5,416,34
2018,360008606394,HIGHBRIDGE GREEN SCHOOL (THE),NEW YORK CITY GEOGRAPHIC DISTRICT # 9,200 W 167TH ST,BRONX,10452,36005,40.838016,-73.928021,2,1,1,0,0,0,6,8,379,38
2018,360008606395,NEW DIRECTIONS SECONDARY SCHOOL,NEW YORK CITY GEOGRAPHIC DISTRICT # 9,240 E 172ND ST,BRONX,10457,36005,40.839386,-73.91125,3,1,1,0,0,0,6,12,217,24
2018,360008606629,SOUTH BRONX INTERNATIONAL MIDDLE SCHOOL,NEW YORK CITY GEOGRAPHIC DISTRICT # 9,1000 TELLER AVE,BRONX,10456,36005,40.8279,-73.914181,2,1,3,0,0,0,6,6,43,5
2018,360008606642,MS 594,NEW YORK CITY GEOGRAPHIC DISTRICT # 9,1000 TELLER AVE,BRONX,10456,36005,40.8279,-73.914181,2,1,3,0,0,0,6,8,190,17
2018,360008700127,PS 51 BRONX NEW SCHOOL,NEW YORK CITY GEOGRAPHIC DISTRICT #10,695 E 182ND ST,BRONX,10457,36005,40.850649,-73.886516,1,1,1,0,0,0,-1,5,208,14
2018,360008700130,PS 23 NEW CHILDRENS SCHOOL (THE),NEW YORK CITY GEOGRAPHIC DISTRICT #10,2151 WASHINGTON AVE,BRONX,10457,36005,40.853246,-73.894821,1,1,1,0,0,0,-1,5,439,35
2018,360008700183,PS 279 CAPT MANUEL RIVERA JR,NEW YORK CITY GEOGRAPHIC DISTRICT #10,2100 WALTON AVE,BRONX,10453,36005,40.854796,-73.90499,1,1,1,0,0,0,0,8,1040,78
2018,360008700739,PS 209,NEW YORK CITY GEOGRAPHIC DISTRICT #10,313 E 183RD ST,BRONX,10458,36005,40.856825,-73.897669,1,1,1,0,0,0,-1,2,279,22
2018,360008701304,PS 37 MULTIPLE INTELLIGENCE SCHOOL,NEW YORK CITY GEOGRAPHIC DISTRICT #10,360 W 230TH ST,BRONX,10463,36005,40.879814,-73.910794,1,1,1,0,0,0,0,8,624,44
2018,360008701306,PS 291,NEW YORK CITY GEOGRAPHIC DISTRICT #10,2195 ANDREWS AVE,BRONX,10453,36005,40.859184,-73.909746,1,1,1,0,0,0,0,5,598,47
2018,360008701307,PS 306,NEW YORK CITY GEOGRAPHIC DISTRICT #10,40 W TREMONT AVE,BRONX,10453,36005,40.851426,-73.910961,1,1,1,0,0,0,0,5,660,50
2018,360008701748,PS 15 INSTITUTE FOR ENVIRONMENTAL LEARNING,NEW YORK CITY GEOGRAPHIC DISTRICT #10,2195 ANDREWS AVE,BRONX,10453,36005,40.859177,-73.909744,1,1,1,0,0,0,0,8,475,32
2018,360008701922,BRONX HIGH SCHOOL OF SCIENCE (THE),NEW YORK CITY GEOGRAPHIC DISTRICT #10,75 W 205TH ST,BRONX,10468,36005,40.878356,-73.890788,3,1,1,0,0,0,9,12,3020,141
2018,360008701940,DEWITT CLINTON HIGH SCHOOL,NEW YORK CITY GEOGRAPHIC DISTRICT #10,100 W MOSHOLU PKWY S,BRONX,10468,36005,40.88129,-73.887454,3,1,1,0,0,0,9,12,1112,76
2018,360008702060,MILTON FEIN SCHOOL,NEW YORK CITY GEOGRAPHIC DISTRICT #10,3201 KINGSBRIDGE AVE,BRONX,10463,36005,40.881515,-73.905641,1,1,1,0,0,0,0,5,692,45
2018,360008702063,PS 8 ISSAC VARIAN,NEW YORK CITY GEOGRAPHIC DISTRICT #10,3010 BRIGGS AVE,BRONX,10458,36005,40.872392,-73.883585,1,1,1,0,0,0,0,5,938,76
2018,360008702067,PS 9 RYER AVENUE ELEMENTARY SCHOOL,NEW YORK CITY GEOGRAPHIC DISTRICT #10,230 E 183RD ST,BRONX,10458,36005,40.856737,-73.898749,1,1,1,0,0,0,-1,5,830,63
2018,360008702121,PS 24 SPUYTEN DUYVIL,NEW YORK CITY GEOGRAPHIC DISTRICT #10,660 W 236TH ST,BRONX,10463,36005,40.887017,-73.914399,1,1,1,0,0,0,0,5,840,52
2018,360008702150,PS 32 BELMONT,NEW YORK CITY GEOGRAPHIC DISTRICT #10,690 E 183RD ST,BRONX,10458,36005,40.851949,-73.886064,1,1,1,0,0,0,-1,5,762,64
2018,360008702155,PS 33 TIMOTHY DWIGHT,NEW YORK CITY GEOGRAPHIC DISTRICT #10,2424 JEROME AVE,BRONX,10468,36005,40.861692,-73.901201,1,1,1,0,0,0,-1,5,892,58
2018,360008702179,PS/MS 20 PO GEORGE J WERDAN III,NEW YORK CITY GEOGRAPHIC DISTRICT #10,3050 WEBSTER AVE,BRONX,10458,36005,40.869627,-73.87905,1,1,1,0,0,0,-1,8,986,73
2018,360008702202,THOMAS C GIORDANO MIDDLE SCHOOL 45,NEW YORK CITY GEOGRAPHIC DISTRICT #10,2502 LORILLARD PL,BRONX,10458,36005,40.858393,-73.887157,2,1,1,0,0,0,6,8,713,50
2018,360008702204,PS 46 EDGAR ALLAN POE,NEW YORK CITY GEOGRAPHIC DISTRICT #10,279 E 196TH ST,BRONX,10458,36005,40.86696,-73.890631,1,1,1,0,0,0,0,5,860,60
2018,360008702210,PS 310 MARBLE HILL,NEW YORK CITY GEOGRAPHIC DISTRICT #10,260 W KINGSBRIDGE RD,BRONX,10463,36005,40.872634,-73.905343,1,1,1,0,0,0,-1,5,675,51
2018,360008702244,PS 56 NORWOOD HEIGHTS,NEW YORK CITY GEOGRAPHIC DISTRICT #10,341 E 207TH ST,BRONX,10467,36005,40.875327,-73.875028,1,1,1,0,0,0,0,5,666,47
2018,360008702316,JHS 80 MOSHOLU PARKWAY (THE),NEW YORK CITY GEOGRAPHIC DISTRICT #10,149 E MOSHOLU PKWY NORTH,BRONX,10467,36005,40.876748,-73.88142,2,1,1,0,0,0,6,8,657,48
2018,360008702318,PS 81 ROBERT J CHRISTEN,NEW YORK CITY GEOGRAPHIC DISTRICT #10,5550 RIVERDALE AVE,BRONX,10471,36005,40.903554,-73.904872,1,1,1,0,0,0,0,5,742,51
2018,360008702332,PS 86 KINGSBRIDGE HEIGHTS,NEW YORK CITY GEOGRAPHIC DISTRICT #10,2756 RESERVOIR AVE,BRONX,10468,36005,40.86986,-73.898228,1,1,1,0,0,0,-1,6,1622,117
2018,360008702357,PS 94 KINGS COLLEGE SCHOOL,NEW YORK CITY GEOGRAPHIC DISTRICT #10,3530 KINGS COLLEGE PL,BRONX,10467,36005,40.880575,-73.875461,1,1,1,0,0,0,0,5,1226,91
2018,360008702361,PS 95 SHEILA MENCHER,NEW YORK CITY GEOGRAPHIC DISTRICT #10,3961 HILLMAN AVE,BRONX,10463,36005,40.88298,-73.891554,1,1,1,0,0,0,0,8,1237,79
2018,360008702440,JHS 118 WILLIAM W NILES,NEW YORK CITY GEOGRAPHIC DISTRICT #10,577 E 179TH ST,BRONX,10457,36005,40.84844,-73.892694,2,1,1,0,0,0,6,8,1107,85
2018,360008702513,RIVERDALE/KINGSBRIDGE ACADEMY (MS/HS 141),NEW YORK CITY GEOGRAPHIC DISTRICT #10,660 W 237TH ST,BRONX,10463,36005,40.888119,-73.914421,3,1,1,0,0,0,6,12,1526,91
2018,360008702691,PS 205 FIORELLO LAGUARDIA,NEW YORK CITY GEOGRAPHIC DISTRICT #10,2475 SOUTHERN BLVD,BRONX,10458,36005,40.856201,-73.881799,1,1,1,0,0,0,0,5,936,73
2018,360008702939,PS 315 LAB SCHOOL,NEW YORK CITY GEOGRAPHIC DISTRICT #10,2865 CLAFLIN AVE,BRONX,10468,36005,40.873644,-73.89985,1,1,1,0,0,0,0,8,225,15
2018,360008703783,PS/IS 54,NEW YORK CITY GEOGRAPHIC DISTRICT #10,2703 WEBSTER AVE,BRONX,10458,36005,40.864893,-73.887842,1,1,1,0,0,0,-1,5,472,34
2018,360008703794,IS 254,NEW YORK CITY GEOGRAPHIC DISTRICT #10,2452 WASHINGTON AVE,BRONX,10458,36005,40.858797,-73.889975,2,1,1,0,0,0,6,8,490,37
2018,360008703795,PS 340,NEW YORK CITY GEOGRAPHIC DISTRICT #10,25 W 195TH ST,BRONX,10468,36005,40.869378,-73.89714,1,1,1,0,0,0,-1,5,596,49
2018,360008703805,PS 360,NEW YORK CITY GEOGRAPHIC DISTRICT #10,2880 KINGSBRIDGE TER,BRONX,10463,36005,40.874757,-73.902228,1,1,1,0,0,0,-1,5,437,34
2018,360008703811,MS 390,NEW YORK CITY GEOGRAPHIC DISTRICT #10,1930 ANDREWS AVE,BRONX,10453,36005,40.854551,-73.913036,2,1,1,0,0,0,6,8,536,40
2018,360008703812,ANGELO PATRI MIDDLE SCHOOL (THE),NEW YORK CITY GEOGRAPHIC DISTRICT #10,2225 WEBSTER AVE,BRONX,10457,36005,40.854391,-73.897229,2,1,1,0,0,0,6,8,470,47
2018,360008703820,PS 396,NEW YORK CITY GEOGRAPHIC DISTRICT #10,1930 ANDREWS AVE,BRONX,10453,36005,40.854545,-73.913027,1,1,1,0,0,0,-1,5,288,53
2018,360008704310,IS 206 ANN MERSEREAU,NEW YORK CITY GEOGRAPHIC DISTRICT #10,2280 AQUEDUCT AVE,BRONX,10468,36005,40.859604,-73.906242,2,1,1,0,0,0,6,8,228,16
2018,360008704353,PS 159 LUIS MUMOZ MARIN BILING,NEW YORK CITY GEOGRAPHIC DISTRICT #10,2315 WASHINGTON AVE,BRONX,10457,36005,40.855501,-73.893218,1,1,1,0,0,0,0,5,195,14
2018,360008704464,PS 246 POE CENTER,NEW YORK CITY GEOGRAPHIC DISTRICT #10,2641 GRAND CONCOURSE,BRONX,10468,36005,40.865903,-73.89513,1,1,1,0,0,0,0,5,679,56
2018,360008704473,IN-TECH ACADEMY (MS/HS 368),NEW YORK CITY GEOGRAPHIC DISTRICT #10,2975 TIBBETTS AVE,BRONX,10463,36005,40.878968,-73.91188,3,1,1,0,0,0,6,12,1012,60
2018,360008704693,PS 207,NEW YORK CITY GEOGRAPHIC DISTRICT #10,3030 GODWIN TER,BRONX,10463,36005,40.878328,-73.906336,1,1,1,0,0,0,-1,3,337,23
2018,360008704695,PS/MS 280 MOSHOLU PARKWAY,NEW YORK CITY GEOGRAPHIC DISTRICT #10,3202 STEUBEN AVE,BRONX,10467,36005,40.87718,-73.881572,1,1,1,0,0,0,0,8,810,64
2018,360008704731,PS 226,NEW YORK CITY GEOGRAPHIC DISTRICT #10,1950 SEDGWICK AVE,BRONX,10453,36005,40.855731,-73.916116,1,1,1,0,0,0,-1,5,450,32
2018,360008705137,PS 3 RAUL JULIA MICRO SOCIETY,NEW YORK CITY GEOGRAPHIC DISTRICT #10,2100 LAFONTAINE AVE,BRONX,10457,36005,40.850225,-73.891842,1,1,1,0,0,0,-1,8,322,26
2018,360008705138,PS 59 COMMUNITY SCHOOL OF TECHNOLOGY (THE),NEW YORK CITY GEOGRAPHIC DISTRICT #10,2185 BATHGATE AVE,BRONX,10457,36005,40.853089,-73.89354,1,1,1,0,0,0,-1,5,511,47
2018,360008705139,PS 85 GREAT EXPECTATIONS,NEW YORK CITY GEOGRAPHIC DISTRICT #10,2400 MARION AVE,BRONX,10458,36005,40.858917,-73.894814,1,1,1,0,0,0,-1,5,916,82
2018,360008705140,PS 91,NEW YORK CITY GEOGRAPHIC DISTRICT #10,2220 AQUEDUCT AVE,BRONX,10453,36005,40.858314,-73.907617,1,1,1,0,0,0,0,5,646,54
2018,360008705181,HIGH SCHOOL FOR TEACHING AND THE PROFESSIONS,NEW YORK CITY GEOGRAPHIC DISTRICT #10,2780 RESEVOIR AVE,BRONX,10468,36005,40.870299,-73.897076,3,1,1,0,0,0,9,12,411,31
2018,360008705182,BELMONT PREPARATORY HIGH SCHOOL,NEW YORK CITY GEOGRAPHIC DISTRICT #10,500 E FORDHAM RD,BRONX,10458,36005,40.859691,-73.888436,3,1,1,0,0,0,9,12,392,28
2018,360008705183,FORDHAM HIGH SCHOOL FOR THE ARTS,NEW YORK CITY GEOGRAPHIC DISTRICT #10,500 E FORDHAM RD,BRONX,10458,36005,40.859696,-73.888428,3,1,1,0,0,0,9,12,320,31
2018,360008705184,FORDHAM LEADERSHIP ACADEMY,NEW YORK CITY GEOGRAPHIC DISTRICT #10,500 E FORDHAM RD,BRONX,10458,36005,40.859693,-73.888457,3,1,1,0,0,0,9,12,357,31
2018,360008705185,BRONX HIGH SCHOOL FOR LAW AND COMMUNITY SERVICE,NEW YORK CITY GEOGRAPHIC DISTRICT #10,500 E FORDHAM RD,BRONX,10458,36005,40.859666,-73.888438,3,1,1,0,0,0,9,12,406,31
2018,360008705188,MARBLE HILL HIGH SCHOOL OF INTERNATIONAL STUDIES,NEW YORK CITY GEOGRAPHIC DISTRICT #10,99 TERRACE VIEW AVE,BRONX,10463,36005,40.877807,-73.913615,3,1,1,0,0,0,9,12,448,31
2018,360008705190,HIGH SCHOOL OF AMERICAN STUDIES AT LEHMAN COLLEGE,NEW YORK CITY GEOGRAPHIC DISTRICT #10,2925 GOULDEN AVE,BRONX,10468,36005,40.8748,-73.895118,3,1,1,0,0,0,9,12,412,25
2018,360008705496,BRONX THEATRE HIGH SCHOOL,NEW YORK CITY GEOGRAPHIC DISTRICT #10,99 TERRACE VIEW AVE,BRONX,10463,36005,40.877807,-73.913615,3,1,1,0,0,0,9,12,353,27
2018,360008705550,LUISA PINEIRO FUENTES SCHOOL OF SCIENCE AND DISCOVERY,NEW YORK CITY GEOGRAPHIC DISTRICT #10,124 EAMES PL,BRONX,10468,36005,40.869172,-73.901811,1,1,1,0,0,0,0,5,345,28
2018,360008705556,CELIA CRUZ BRONX HIGH SCHOOL OF MUSIC (THE),NEW YORK CITY GEOGRAPHIC DISTRICT #10,2780 RESERVOIR AVE,BRONX,10468,36005,40.870329,-73.897048,3,1,1,0,0,0,9,12,423,30
2018,360008705557,DISCOVERY HIGH SCHOOL,NEW YORK CITY GEOGRAPHIC DISTRICT #10,2780 RESERVOIR AVE,BRONX,10468,36005,40.870324,-73.897083,3,1,1,0,0,0,8,12,489,33
2018,360008705569,BRONX DANCE ACADEMY SCHOOL,NEW YORK CITY GEOGRAPHIC DISTRICT #10,3617 BAINBRIDGE AVE,BRONX,10467,36005,40.885417,-73.877921,2,1,1,0,0,0,6,8,273,20
2018,360008705674,WEST BRONX ACADEMY FOR THE FUTURE,NEW YORK CITY GEOGRAPHIC DISTRICT #10,500 E FORDHAM RD,BRONX,10458,36005,40.859669,-73.888434,3,1,1,0,0,0,6,12,613,47
2018,360008705675,BRONX SCHOOL OF YOUNG LEADERS (THE),NEW YORK CITY GEOGRAPHIC DISTRICT #10,40 W TREMONT ST,BRONX,10453,36005,40.851433,-73.910964,2,1,1,0,0,0,6,8,437,33
2018,360008705676,BRONX ENGINEERING AND TECHNOLOGY ACADEMY,NEW YORK CITY GEOGRAPHIC DISTRICT #10,99 TERRACE VIEW AVE,BRONX,10458,36005,40.877807,-73.913615,3,1,1,0,0,0,9,12,370,26
2018,360008705677,MARIE CURIE HIGH SCHOOL-NURSING,NEW YORK CITY GEOGRAPHIC DISTRICT #10,120 W 231ST ST,BRONX,10463,36005,40.875636,-73.901174,3,1,1,0,0,0,9,12,427,33
2018,360008705678,BRONX SCHOOL OF LAW AND FINANCE,NEW YORK CITY GEOGRAPHIC DISTRICT #10,99 TERRACE VIEW AVE,BRONX,10463,36005,40.877807,-73.913615,3,1,1,0,0,0,9,12,360,27
2018,360008705760,PROVIDING URBAN LEARNERS SUCCESS IN EDUCATION HIGH SCHOOL,NEW YORK CITY GEOGRAPHIC DISTRICT #10,560 E 179TH ST,BRONX,10455,36005,40.848322,-73.893561,3,1,1,0,0,0,9,12,207,14
2018,360008705796,THEATRE ARTS PRODUCTION COMPANY SCHOOL,NEW YORK CITY GEOGRAPHIC DISTRICT #10,2225 WEBSTER AVE,BRONX,10457,36005,40.854403,-73.897233,3,1,1,0,0,0,6,12,549,47
2018,360008705797,JONAS BRONCK ACADEMY,NEW YORK CITY GEOGRAPHIC DISTRICT #10,400 E FORDHAM RD,BRONX,10458,36005,40.860904,-73.891646,2,1,1,0,0,0,6,8,267,20
2018,360008705798,NEW SCHOOL FOR LEADERSHIP AND JOURNALISM (THE),NEW YORK CITY GEOGRAPHIC DISTRICT #10,120 W 231ST ST,BRONX,10463,36005,40.875648,-73.901198,2,1,1,0,0,0,6,8,749,56
2018,360008705799,KINGSBRIDGE INTERNATIONAL HIGH SCHOOL,NEW YORK CITY GEOGRAPHIC DISTRICT #10,2780 RESERVOIR AVE,BRONX,10468,36005,40.870319,-73.897058,3,1,1,0,0,0,9,12,481,32
2018,360008705938,INTERNATIONAL SCHOOL FOR LIBERAL ARTS,NEW YORK CITY GEOGRAPHIC DISTRICT #10,2780 RESERVOIR AVE,BRONX,10468,36005,40.870325,-73.897068,3,1,1,0,0,0,6,12,517,40
2018,360008705943,KNOWLEDGE AND POWER PREP ACADEMY INTERNATIONAL HIGH SCHOOL,NEW YORK CITY GEOGRAPHIC DISTRICT #10,500 E FORDHAM RD,BRONX,10458,36005,40.859673,-73.888447,3,1,1,0,0,0,9,12,468,37
2018,360008705993,AMPARK NEIGHBORHOOD,NEW YORK CITY GEOGRAPHIC DISTRICT #10,3961 HILLMAN AVE,BRONX,10463,36005,40.883596,-73.890444,1,1,1,0,0,0,-1,5,370,25
2018,360008706010,ENGLISH LANGUAGE LEARNERS-INTER SUPP,NEW YORK CITY GEOGRAPHIC DISTRICT #10,99 TERRACE VIEW AVE,BRONX,10463,36005,40.877807,-73.913615,3,1,1,0,0,0,9,12,293,23
2018,360008706015,SCHOOL FOR ENVIRONMENTAL CITIZENSHIP,NEW YORK CITY GEOGRAPHIC DISTRICT #10,125 E 181ST ST,BRONX,10453,36005,40.855088,-73.90334,1,1,1,0,0,0,-1,5,599,48
2018,360008706057,ELEMENTARY SCHOOL FOR MATH SCIENCE AND TECHNOLOGY,NEW YORK CITY GEOGRAPHIC DISTRICT #10,125 E 181ST ST,BRONX,10453,36005,40.855088,-73.90334,1,1,1,0,0,0,0,5,281,20
2018,360008706141,CRESTON ACADEMY,NEW YORK CITY GEOGRAPHIC DISTRICT #10,125 E 181ST ST,BRONX,10453,36005,40.855088,-73.90334,2,1,1,0,0,0,6,8,457,35
2018,360008706142,EAST FORDHAM ACADEMY FOR THE ARTS,NEW YORK CITY GEOGRAPHIC DISTRICT #10,120 E 184TH ST,BRONX,10468,36005,40.859556,-73.900461,2,1,1,0,0,0,6,8,297,25
2018,360008706247,CROTONA INTERNATIONAL HIGH SCHOOL,NEW YORK CITY GEOGRAPHIC DISTRICT #10,2474 CROTONA AVE,BRONX,10458,36005,40.855457,-73.88252,3,3,1,0,0,0,9,12,327,24
2018,360008706297,ACADEMY FOR PERSONAL LEADERSHIP AND EXCELLENCE,NEW YORK CITY GEOGRAPHIC DISTRICT #10,120 E 184TH ST,BRONX,10468,36005,40.85958,-73.900443,2,1,1,0,0,0,6,8,586,44
2018,360008706364,HIGH SCHOOL FOR ENERGY AND TECHNOLOGY,NEW YORK CITY GEOGRAPHIC DISTRICT #10,2474 CROTONA AVE,BRONX,10458,36005,40.855457,-73.88252,3,3,1,0,0,0,9,12,413,31
2018,360008706396,BRONX ACADEMY FOR SOFTWARE ENGINEERING (BASE),NEW YORK CITY GEOGRAPHIC DISTRICT #10,2474 CROTONA AVE,BRONX,10458,36005,40.855457,-73.88252,3,3,1,0,0,0,9,12,414,37
2018,360008706397,BRONX COLLABORATIVE HIGH SCHOOL,NEW YORK CITY GEOGRAPHIC DISTRICT #10,100 W MOSHOLU PKWY S,BRONX,10468,36005,40.88129,-73.887457,3,1,1,0,0,0,9,12,561,47
2018,360008706398,WORLD VIEW HIGH SCHOOL,NEW YORK CITY GEOGRAPHIC DISTRICT #10,100 W MOSHOLU PKWY S,BRONX,10468,36005,40.88129,-73.887457,3,1,1,0,0,0,9,12,551,46
2018,360008706507,BEDFORD PARK ELEMENTARY SCHOOL,NEW YORK CITY GEOGRAPHIC DISTRICT #10,3177 WEBSTER AVE,BRONX,10467,36005,40.87227,-73.875891,1,1,1,0,0,0,-1,4,421,31
2018,360008800158,PS 178 DR SELMAN WAKSMAN,NEW YORK CITY GEOGRAPHIC DISTRICT #11,850 BAYCHESTER AVE,BRONX,10475,36005,40.87793,-73.833002,1,1,1,0,1,0,0,5,414,31
2018,360008801963,HARRY S TRUMAN HIGH SCHOOL,NEW YORK CITY GEOGRAPHIC DISTRICT #11,750 BAYCHESTER AVE,BRONX,10475,36005,40.874177,-73.832692,3,1,1,0,0,0,9,12,2066,114
2018,360008801989,IS 181 PABLO CASALS,NEW YORK CITY GEOGRAPHIC DISTRICT #11,800 BAYCHESTER AVE,BRONX,10475,36005,40.875177,-73.833079,2,1,1,0,0,0,6,8,895,62
2018,360008802092,PS 16 WAKEFIELD,NEW YORK CITY GEOGRAPHIC DISTRICT #11,4550 CARPENTER AVE,BRONX,10470,36005,40.902338,-73.854499,1,1,1,0,0,0,-1,5,330,24
2018,360008802100,PS 19 JUDITH K WEISS,NEW YORK CITY GEOGRAPHIC DISTRICT #11,4318 KATONAH AVE,BRONX,10470,36005,40.899346,-73.867226,1,1,1,0,0,0,0,8,528,33
2018,360008802111,PS 21 PHILIP H SHERIDAN,NEW YORK CITY GEOGRAPHIC DISTRICT #11,715 E 225TH ST,BRONX,10466,36005,40.887823,-73.859719,1,1,1,0,0,0,0,5,644,43
2018,360008802185,PS 41 GUN HILL ROAD,NEW YORK CITY GEOGRAPHIC DISTRICT #11,3352 OLINVILLE AVE,BRONX,10467,36005,40.874618,-73.867927,1,1,1,0,0,0,0,5,860,61
2018,360008802282,PS 68,NEW YORK CITY GEOGRAPHIC DISTRICT #11,4011 MONTICELLO AVE,BRONX,10466,36005,40.891475,-73.838637,1,1,1,0,0,0,-1,5,644,69
2018,360008802306,PS 76 BENNINGTON SCHOOL (THE),NEW YORK CITY GEOGRAPHIC DISTRICT #11,900 ADEE AVE,BRONX,10469,36005,40.869368,-73.860914,1,1,1,0,0,0,0,5,890,61
2018,360008802312,PS 78 ANNE HUTCHINSON,NEW YORK CITY GEOGRAPHIC DISTRICT #11,1400 NEEDHAM AVE,BRONX,10469,36005,40.87864,-73.850681,1,1,1,0,0,0,-1,5,816,53
2018,360008802323,PS 83 DONALD HERTZ,NEW YORK CITY GEOGRAPHIC DISTRICT #11,950 RHINELANDER AVE,BRONX,10462,36005,40.849293,-73.858867,1,1,1,0,0,0,0,8,1661,102
2018,360008802336,PS 87,NEW YORK CITY GEOGRAPHIC DISTRICT #11,1935 BUSSING AVE,BRONX,10466,36005,40.895408,-73.846045,1,1,1,0,0,0,0,5,592,37
2018,360008802342,PS 89,NEW YORK CITY GEOGRAPHIC DISTRICT #11,980 MACE AVE,BRONX,10469,36005,40.862765,-73.859227,1,1,1,0,0,0,-1,8,1552,91
2018,360008802364,PS 96 RICHARD RODGERS,NEW YORK CITY GEOGRAPHIC DISTRICT #11,2385 OLINVILLE AVE,BRONX,10467,36005,40.861076,-73.869082,1,1,1,0,0,0,0,5,889,71
2018,360008802368,PS 97,NEW YORK CITY GEOGRAPHIC DISTRICT #11,1375 MACE AVE,BRONX,10469,36005,40.863145,-73.846752,1,1,1,0,0,0,-1,5,612,43
2018,360008802389,PS 103 HECTOR FONTANEZ,NEW YORK CITY GEOGRAPHIC DISTRICT #11,4125 CARPENTER AVE,BRONX,10466,36005,40.892128,-73.861768,1,1,1,0,0,0,0,5,1013,84
2018,360008802394,PS 105 SENATOR ABRAHAM BERNSTEIN,NEW YORK CITY GEOGRAPHIC DISTRICT #11,725 BRADY AVE,BRONX,10462,36005,40.852664,-73.866274,1,1,1,0,0,0,-1,5,1033,74
2018,360008802397,PS 106 PARKCHESTER,NEW YORK CITY GEOGRAPHIC DISTRICT #11,1514 OLMSTEAD AVE,BRONX,10462,36005,40.837335,-73.854885,1,1,1,0,0,0,-1,5,1106,77
2018,360008802404,PS 108 PHILIP J ABINANTI,NEW YORK CITY GEOGRAPHIC DISTRICT #11,1166 NEILL AVE,BRONX,10461,36005,40.854587,-73.853002,1,1,1,0,0,0,-1,5,592,39
2018,360008802417,PS 111 SETON FALLS,NEW YORK CITY GEOGRAPHIC DISTRICT #11,3740 BAYCHESTER AVE,BRONX,10466,36005,40.884196,-73.839688,1,1,1,0,0,0,-1,5,643,45
2018,360008802419,PS 112 BRONXWOOD,NEW YORK CITY GEOGRAPHIC DISTRICT #11,1925 SCHEIFFELIN AVE,BRONX,10466,36005,40.884743,-73.843999,1,1,1,0,0,0,-1,5,406,32
2018,360008802450,PS 121 THROOP,NEW YORK CITY GEOGRAPHIC DISTRICT #11,2750 THROOP AVE,BRONX,10469,36005,40.866994,-73.850708,1,1,1,0,0,0,-1,5,829,59
2018,360008802469,JHS 127 CASTLE HILL (THE),NEW YORK CITY GEOGRAPHIC DISTRICT #11,1560 PURDY ST,BRONX,10462,36005,40.838497,-73.853367,2,1,1,0,0,0,6,8,845,59
2018,360008802524,JHS 144 MICHELANGELO,NEW YORK CITY GEOGRAPHIC DISTRICT #11,2545 GUNTHER AVE,BRONX,10469,36005,40.864154,-73.83662,2,1,1,0,0,0,6,8,482,37
2018,360008802553,PS 153 HELEN KELLER,NEW YORK CITY GEOGRAPHIC DISTRICT #11,650 BAYCHESTER AVE,BRONX,10475,36005,40.872988,-73.833156,1,1,1,0,0,0,-1,5,622,40
2018,360008802573,PS 160 WALT DISNEY,NEW YORK CITY GEOGRAPHIC DISTRICT #11,4140 HUTCHNSN RVR PKWY E,BRONX,10475,36005,40.864227,-73.824206,1,1,1,0,1,0,-1,5,376,34
2018,360008802613,PS 175 CITY ISLAND,NEW YORK CITY GEOGRAPHIC DISTRICT #11,200 CITY ISLAND AVE,BRONX,10464,36005,40.843796,-73.784785,1,1,1,0,0,0,0,8,311,22
2018,360008802628,MS 180 DR DANIEL HALE WILLIAMS,NEW YORK CITY GEOGRAPHIC DISTRICT #11,700 BAYCHESTER AVE,BRONX,10475,36005,40.873245,-73.83177,2,1,1,0,0,0,6,8,1020,68
2018,360008805179,BRONX HIGH SCHOOL FOR THE VISUAL ARTS,NEW YORK CITY GEOGRAPHIC DISTRICT #11,2040 ANTIN PL,BRONX,10462,36005,40.851586,-73.864456,3,1,1,0,0,0,9,12,468,32
2018,360008805541,PELHAM PREPARATORY ACADEMY,NEW YORK CITY GEOGRAPHIC DISTRICT #11,925 ASTOR AVE,BRONX,10469,36005,40.860371,-73.860286,3,1,1,0,0,0,9,12,512,29
2018,360008805543,HIGH SCHOOL FOR CONTEMPORARY ARTS,NEW YORK CITY GEOGRAPHIC DISTRICT #11,800 E GUN HILL RD,BRONX,10467,36005,40.875384,-73.861567,3,1,1,0,0,0,9,12,387,28
2018,360008805558,PS/MS 194,NEW YORK CITY GEOGRAPHIC DISTRICT #11,2365 WATERBURY AVE,BRONX,10462,36005,40.835069,-73.846399,1,1,1,0,0,0,0,8,1294,87
2018,360008805568,BRONX AEROSPACE HIGH SCHOOL,NEW YORK CITY GEOGRAPHIC DISTRICT #11,800 E GUN HILL RD,BRONX,10467,36005,40.875423,-73.861559,3,1,1,0,0,0,9,12,308,22
2018,360008805680,BRONX HEALTH SCIENCES HIGH SCHOOL,NEW YORK CITY GEOGRAPHIC DISTRICT #11,750 BAYCHESTER AVE,BRONX,10475,36005,40.874204,-73.832684,3,1,1,0,0,0,9,12,297,20
2018,360008805681,BRONX HIGH SCHOOL FOR WRITING AND COMMUNICATION ARTS,NEW YORK CITY GEOGRAPHIC DISTRICT #11,800 E GUN HILL RD,BRONX,10467,36005,40.875447,-73.861544,3,1,1,0,0,0,9,12,319,23
2018,360008805683,BRONX LAB SCHOOL,NEW YORK CITY GEOGRAPHIC DISTRICT #11,800 E GUN HILL RD,BRONX,10467,36005,40.875368,-73.861586,3,1,1,0,0,0,9,12,368,30
2018,360008805684,HIGH SCHOOL OF COMPUTERS AND TECHNOLOGY,NEW YORK CITY GEOGRAPHIC DISTRICT #11,800 E GUN HILL RD,BRONX,10467,36005,40.87542,-73.861573,3,3,1,0,0,0,9,12,537,35
2018,360008805685,COLLEGIATE INSTITUTE FOR MATH AND SCIENCE,NEW YORK CITY GEOGRAPHIC DISTRICT #11,925 ASTOR AVE,BRONX,10469,36005,40.86035,-73.860315,3,1,1,0,0,0,9,12,606,33
2018,360008805686,BRONX ACADEMY OF HEALTH CAREERS,NEW YORK CITY GEOGRAPHIC DISTRICT #11,800 E GUN HILL RD,BRONX,10467,36005,40.875367,-73.861547,3,1,1,0,0,0,9,12,359,26
2018,360008805687,ASTOR COLLEGIATE ACADEMY,NEW YORK CITY GEOGRAPHIC DISTRICT #11,925 ASTOR AVE,BRONX,10469,36005,40.86035,-73.860317,3,1,1,0,0,0,9,12,503,30
2018,360008805800,NORTH BRONX SCHOOL OF EMPOWERMENT,NEW YORK CITY GEOGRAPHIC DISTRICT #11,3710 BARNES AVE,BRONX,10467,36005,40.880797,-73.860554,2,1,1,0,0,0,6,8,557,39
2018,360008805803,NEW WORLD HIGH SCHOOL,NEW YORK CITY GEOGRAPHIC DISTRICT #11,921 E 228TH ST,BRONX,10466,36005,40.888012,-73.852561,3,1,1,0,0,0,9,12,388,24
2018,360008805804,BRONXWOOD PREPARATORY ACADEMY (THE),NEW YORK CITY GEOGRAPHIC DISTRICT #11,921 E 228TH ST,BRONX,10466,36005,40.888012,-73.852561,3,1,1,0,0,0,9,12,359,26
2018,360008805810,ACAD-SCHOLARSHIP & ENTREPRENEURSHIP,NEW YORK CITY GEOGRAPHIC DISTRICT #11,921 E 228TH ST,BRONX,10466,36005,40.888012,-73.852561,3,1,1,0,0,0,9,12,363,27
2018,360008805953,BRONX GREEN MIDDLE SCHOOL,NEW YORK CITY GEOGRAPHIC DISTRICT #11,2441 WALLACE AVE,BRONX,10467,36005,40.86252,-73.865047,2,1,1,0,0,0,6,8,404,25
2018,360008805969,LEADERS OF TOMORROW,NEW YORK CITY GEOGRAPHIC DISTRICT #11,3710 BARNES AVE,BRONX,10467,36005,40.880827,-73.860515,2,1,1,0,0,0,6,8,427,29
2018,360008805971,CORNERSTONE ACADEMY FOR SOCIAL ACTION,NEW YORK CITY GEOGRAPHIC DISTRICT #11,3441 STEENWICK AVE,BRONX,10475,36005,40.883106,-73.830841,1,1,1,0,0,0,-1,5,385,28
2018,360008806107,CORNERSTONE ACADEMY FOR SOCIAL ACTION MIDDLE SCHOOL (CASA),NEW YORK CITY GEOGRAPHIC DISTRICT #11,3441 STEENWICK AVE,BRONX,10475,36005,40.882858,-73.830691,2,1,1,0,0,0,6,8,262,19
2018,360008806129,PELHAM ACADEMY OF ACADEMICS AND COMMUNITY ENGAGEMENT,NEW YORK CITY GEOGRAPHIC DISTRICT #11,2441 WALLACE AVE,BRONX,10467,36005,40.862148,-73.86487,2,1,1,0,0,0,6,8,327,27
2018,360008806144,BAYCHESTER ACADEMY,NEW YORK CITY GEOGRAPHIC DISTRICT #11,3500 EDSON AVE,BRONX,10466,36005,40.881307,-73.839465,1,1,1,0,0,0,-1,5,422,26
2018,360008806217,PS/MS 498 VAN NEST ACADEMY,NEW YORK CITY GEOGRAPHIC DISTRICT #11,1640 BRONXDALE AVE,BRONX,10462,36005,40.844959,-73.85803,1,1,1,0,0,0,0,8,652,42
2018,360008806245,HIGH SCHOOL FOR LANGUAGE AND INNOVATION,NEW YORK CITY GEOGRAPHIC DISTRICT #11,925 ASTOR AVE,BRONX,10469,36005,40.860146,-73.860268,3,1,1,0,0,0,9,12,367,30
2018,360008806249,BAYCHESTER MIDDLE SCHOOL,NEW YORK CITY GEOGRAPHIC DISTRICT #11,3750 BAYCHESTER AVE,BRONX,10466,36005,40.886198,-73.840467,2,1,1,0,0,0,6,8,279,22
2018,360008806259,ONE WORLD MIDDLE SCHOOL AT EDENWALD,NEW YORK CITY GEOGRAPHIC DISTRICT #11,3750 BAYCHESTER AVE,BRONX,10466,36005,40.886198,-73.840467,2,1,1,0,0,0,6,8,341,35
2018,360008806270,BRONXDALE HIGH SCHOOL,NEW YORK CITY GEOGRAPHIC DISTRICT #11,925 ASTOR AVE,BRONX,10469,36005,40.860346,-73.860254,3,1,1,0,0,0,9,12,454,35
2018,360008806314,BRONX PARK MIDDLE SCHOOL,NEW YORK CITY GEOGRAPHIC DISTRICT #11,2441 WALLACE AVE,BRONX,10467,36005,40.862371,-73.864865,2,1,1,0,0,0,6,8,409,36
2018,360008806322,PELHAM GARDENS MIDDLE SCHOOL,NEW YORK CITY GEOGRAPHIC DISTRICT #11,2545 GUNTHER AVE,BRONX,10469,36005,40.864258,-73.836602,2,1,1,0,0,0,6,8,474,28
2018,360008806338,LINDEN TREE ELEMENTARY SCHOOL,NEW YORK CITY GEOGRAPHIC DISTRICT #11,1560 PURDY ST,BRONX,10462,36005,40.838497,-73.853367,1,1,1,0,1,0,-1,5,387,28
2018,360008806399,BRONX ALLIANCE MIDDLE SCHOOL,NEW YORK CITY GEOGRAPHIC DISTRICT #11,3750 BAYCHESTER AVE,BRONX,10466,36005,40.886198,-73.840467,2,1,1,0,0,0,6,8,300,24
2018,360008806400,YOUNG VOICES ACADEMY OF THE BRONX,NEW YORK CITY GEOGRAPHIC DISTRICT #11,800 LYDIG AVE,BRONX,10462,36005,40.85426,-73.863478,1,1,1,0,0,0,-1,5,432,29
2018,360008806559,MATILDA AVENUE SCHOOL (THE),NEW YORK CITY GEOGRAPHIC DISTRICT #11,4520 MATILDA AVE,BRONX,10470,36005,40.90159,-73.854111,1,1,1,0,0,0,0,3,165,13
2018,360008806562,STEM BRIDGE SCHOOL (THE),NEW YORK CITY GEOGRAPHIC DISTRICT #11,1684 WHITE PLAINS RD,BRONX,10462,36005,40.843594,-73.865148,1,1,1,0,0,0,0,3,216,17
2018,360008905554,BRONX CHARTER SCHOOL FOR BETTER LEARNING,BRONX CHARTER SCHOOL FOR BETTER LEARNING,3740 BAYCHESTER AVE ANNEX,BRONX,10466,36005,40.884191,-73.839693,1,1,1,1,0,0,-1,5,545,49
2018,360009000227,PS 214,NEW YORK CITY GEOGRAPHIC DISTRICT #12,1970 W FARMS RD,BRONX,10460,36005,40.839349,-73.880019,1,1,1,0,0,0,-1,8,1107,76
2018,360009000744,BRONX REGIONAL HIGH SCHOOL,NEW YORK CITY GEOGRAPHIC DISTRICT #12,1010 REV J A POLITE AVE,BRONX,10459,36005,40.823408,-73.898482,3,1,1,0,0,0,10,12,153,13
2018,360009001309,PS 212,NEW YORK CITY GEOGRAPHIC DISTRICT #12,1180 TINTON AVE,BRONX,10456,36005,40.828411,-73.900192,1,1,1,0,0,0,-1,5,185,16
2018,360009001327,FANNIE LOU HAMER FREEDOM HIGH SCHOOL,NEW YORK CITY GEOGRAPHIC DISTRICT #12,1021 JENNINGS ST,BRONX,10460,36005,40.831157,-73.885701,3,1,1,0,0,0,9,12,470,33
2018,360009001332,WINGS ACADEMY,NEW YORK CITY GEOGRAPHIC DISTRICT #12,1122 E 180TH ST,BRONX,10460,36005,40.841457,-73.875248,3,1,1,0,0,0,9,12,459,31
2018,360009001767,HIGH SCHOOL OF WORLD CULTURES,NEW YORK CITY GEOGRAPHIC DISTRICT #12,1300 BOYNTON AVE,BRONX,10472,36005,40.831848,-73.878614,3,1,1,0,0,0,9,12,454,37
2018,360009002059,PS 6 WEST FARMS,NEW YORK CITY GEOGRAPHIC DISTRICT #12,1000 E TREMONT AVE,BRONX,10460,36005,40.840707,-73.88232,1,1,1,0,0,0,-1,5,533,38
2018,360009002194,PS 44 DAVID C FARRAGUT,NEW YORK CITY GEOGRAPHIC DISTRICT #12,1825 PROSPECT AVE,BRONX,10457,36005,40.842549,-73.890953,1,1,1,0,0,0,-1,5,291,28
2018,360009002209,PS 47 JOHN RANDOLPH,NEW YORK CITY GEOGRAPHIC DISTRICT #12,1794 E 172ND ST,BRONX,10472,36005,40.832663,-73.867002,1,1,1,0,0,0,0,5,1062,71
2018,360009002245,PS 57 CRESCENT,NEW YORK CITY GEOGRAPHIC DISTRICT #12,2111 CROTONA AVE,BRONX,10457,36005,40.84868,-73.888943,1,1,1,0,0,0,-1,5,562,35
2018,360009002260,PS 61 FRANCISCO OLLER,NEW YORK CITY GEOGRAPHIC DISTRICT #12,1550 CROTONA PARK E,BRONX,10460,36005,40.836422,-73.892781,1,1,1,0,0,0,-1,5,291,21
2018,360009002279,PS 67 MOHEGAN SCHOOL,NEW YORK CITY GEOGRAPHIC DISTRICT #12,2024 MOHEGAN AVE,BRONX,10460,36005,40.843998,-73.884481,1,1,1,0,0,0,-1,5,486,36
2018,360009002350,PS 92,NEW YORK CITY GEOGRAPHIC DISTRICT #12,700 E 179TH ST,BRONX,10457,36005,40.846343,-73.889535,-1,1,2,0,,,,,,
2018,360009002373,JHS 98 HERMAN RIDDER,NEW YORK CITY GEOGRAPHIC DISTRICT #12,1619 BOSTON RD,BRONX,10460,36005,40.836175,-73.890652,2,1,1,0,0,0,6,8,261,20
2018,360009002477,MS 129 ACADEMY FOR INDEPENDENT LEARNING AND LEADERSHIP,NEW YORK CITY GEOGRAPHIC DISTRICT #12,2055 MAPES AVE,BRONX,10460,36005,40.845935,-73.886429,2,1,1,0,0,0,6,8,543,40
2018,360009002491,PS 134 GEORGE F BRISTOW,NEW YORK CITY GEOGRAPHIC DISTRICT #12,1330 BRISTOW ST,BRONX,10459,36005,40.831674,-73.894598,1,1,1,0,0,0,-1,5,615,42
2018,360009002541,PS 150 CHARLES JAMES FOX,NEW YORK CITY GEOGRAPHIC DISTRICT #12,920 E 167TH ST,BRONX,10459,36005,40.82598,-73.894376,1,1,1,0,0,0,-1,5,785,54
2018,360009002706,PS 211,NEW YORK CITY GEOGRAPHIC DISTRICT #12,1919 PROSPECT AVE,BRONX,10457,36005,40.843742,-73.890019,1,1,1,0,0,0,-1,8,573,45
2018,360009003353,PS 195,NEW YORK CITY GEOGRAPHIC DISTRICT #12,1250 WARD AVE,BRONX,10472,36005,40.830799,-73.877477,1,1,1,0,0,0,-1,5,875,61
2018,360009003369,PS 196,NEW YORK CITY GEOGRAPHIC DISTRICT #12,1250 WARD AVE,BRONX,10472,36005,40.830792,-73.877481,1,1,1,0,0,0,-1,5,884,70
2018,360009003847,BRONX LITTLE SCHOOL,NEW YORK CITY GEOGRAPHIC DISTRICT #12,1827 ARCHER ST,BRONX,10460,36005,40.831848,-73.878625,1,1,1,0,0,0,-1,5,309,24
2018,360009004878,IS 318 MATH SCIENCE & TECHNOLOGY THROUGH ARTS,NEW YORK CITY GEOGRAPHIC DISTRICT #12,1919 PROSPECT AVE,BRONX,10457,36005,40.843756,-73.890036,2,1,1,0,0,0,6,8,255,24
2018,360009005166,ESMT-IS 190,NEW YORK CITY GEOGRAPHIC DISTRICT #12,1550 CROTONA PARK E,BRONX,10460,36005,40.836412,-73.892781,2,1,1,0,0,0,6,8,274,22
2018,360009005169,SCHOOL OF PERFORMING ARTS,NEW YORK CITY GEOGRAPHIC DISTRICT #12,977 FOX ST,BRONX,10459,36005,40.822112,-73.894393,2,1,1,0,0,0,6,8,348,26
2018,360009005509,PS 66 SCHOOL OF HIGHER EXPECTATIONS,NEW YORK CITY GEOGRAPHIC DISTRICT #12,1001 JENNINGS ST,BRONX,10460,36005,40.83127,-73.886684,1,1,1,0,0,0,-1,5,586,54
2018,360009005679,EAST BRONX ACADEMY FOR THE FUTURE,NEW YORK CITY GEOGRAPHIC DISTRICT #12,1716 SOUTHERN BLVD,BRONX,10460,36005,40.836909,-73.887684,3,1,1,0,0,0,6,12,669,46
2018,360009005689,BRONX LATIN SCHOOL,NEW YORK CITY GEOGRAPHIC DISTRICT #12,800 HOME ST,BRONX,10456,36005,40.827385,-73.900565,3,1,1,0,0,0,6,12,588,50
2018,360009005690,FREDERICK DOUGLASS ACADEMY V MIDDLE SCHOOL,NEW YORK CITY GEOGRAPHIC DISTRICT #12,2111 CROTONA AVE,BRONX,10457,36005,40.848686,-73.888935,2,1,1,0,0,0,6,8,214,14
2018,360009005691,KNOWLEDGE AND POWER PREPARATORY ACADEMY III,NEW YORK CITY GEOGRAPHIC DISTRICT #12,2055 MAPES AVE,BRONX,10460,36005,40.845936,-73.886474,2,1,1,0,0,0,6,8,388,25
2018,360009005692,ACCION ACADEMY,NEW YORK CITY GEOGRAPHIC DISTRICT #12,977 FOX ST,BRONX,10459,36005,40.82209,-73.894041,2,1,1,0,0,0,6,8,396,29
2018,360009005792,EXPLORATIONS ACADEMY HIGH SCHOOL,NEW YORK CITY GEOGRAPHIC DISTRICT #12,1619 BOSTON RD,BRONX,10460,36005,40.836175,-73.890652,3,1,1,0,0,0,9,12,330,26
2018,360009005805,MOTT HALL V,NEW YORK CITY GEOGRAPHIC DISTRICT #12,1551 E 172ND ST,BRONX,10472,36005,40.832094,-73.877332,3,1,1,0,0,0,6,12,664,56
2018,360009005806,FANNIE LOU HAMER MIDDLE SCHOOL,NEW YORK CITY GEOGRAPHIC DISTRICT #12,1001 JENNINGS ST,BRONX,10460,36005,40.831274,-73.886687,2,1,1,0,0,0,6,8,281,24
2018,360009005807,SCHOOL OF SCIENCE AND APPLIED LEARNING (THE),NEW YORK CITY GEOGRAPHIC DISTRICT #12,2050 PROSPECT AVE,BRONX,10457,36005,40.84587,-73.887136,1,1,1,0,0,0,-1,5,602,40
2018,360009005809,METROPOLITAN HIGH SCHOOL (THE),NEW YORK CITY GEOGRAPHIC DISTRICT #12,1180 REV J A POLITE AVE,BRONX,10459,36005,40.827719,-73.896999,3,1,1,0,0,0,9,12,341,35
2018,360009005970,URBAN ASSEMBLY SCHOOL FOR WILDLIFE CONSERVATION,NEW YORK CITY GEOGRAPHIC DISTRICT #12,2024 MOHEGAN AVE,BRONX,10460,36005,40.844,-73.884541,-1,1,2,0,,,,,,
2018,360009006002,EMOLIOR ACADEMY,NEW YORK CITY GEOGRAPHIC DISTRICT #12,1970 W FARMS RD,BRONX,10460,36005,40.831669,-73.894595,2,1,1,0,0,0,6,8,327,23
2018,360009006030,PAN AMERICAN INTERNATIONAL HIGH SCHOOL AT MONROE,NEW YORK CITY GEOGRAPHIC DISTRICT #12,1300 BOYNTON AVE,BRONX,10472,36005,40.831849,-73.878627,3,1,1,0,0,0,9,12,436,32
2018,360009006075,ENTRADA ACADEMY,NEW YORK CITY GEOGRAPHIC DISTRICT #12,977 FOX ST,BRONX,10459,36005,40.822102,-73.894361,-1,1,2,0,,,,,,
2018,360009006133,URBAN SCHOLARS COMMUNITY SCHOOL,NEW YORK CITY GEOGRAPHIC DISTRICT #12,1180 TINTON AVE,BRONX,10456,36005,40.828652,-73.900121,1,1,1,0,0,0,-1,5,299,29
2018,360009006160,CINEMA SCHOOL (THE),NEW YORK CITY GEOGRAPHIC DISTRICT #12,1551 E 172ND ST,BRONX,10472,36005,40.832094,-73.877332,3,1,1,0,0,0,9,12,317,19
2018,360009006163,BRONX CAREER AND COLLEGE PREPARATORY HIGH SCHOOL,NEW YORK CITY GEOGRAPHIC DISTRICT #12,800 HOME ST,BRONX,10456,36005,40.827368,-73.900342,3,1,1,0,0,0,9,12,269,20
2018,360009006218,ARTURO A SCHOMBURG SATELLITE ACADEMY BRONX,NEW YORK CITY GEOGRAPHIC DISTRICT #12,1010 REV J A POLITE AVE,BRONX,10459,36005,40.8234,-73.898332,3,1,1,0,0,0,10,12,166,14
2018,360009006261,PS 536,NEW YORK CITY GEOGRAPHIC DISTRICT #12,1827 ARCHER ST,BRONX,10460,36005,40.837927,-73.865784,1,1,1,0,0,0,-1,5,420,28
2018,360009006266,ARCHER ELEMENTARY SCHOOL,NEW YORK CITY GEOGRAPHIC DISTRICT #12,1827 ARCHER ST,BRONX,10460,36005,40.837907,-73.866126,1,1,1,0,0,0,-1,5,485,38
2018,360009006275,BRONX ENVISION ACADEMY,NEW YORK CITY GEOGRAPHIC DISTRICT #12,1619 BOSTON RD,BRONX,10460,36005,40.836175,-73.890652,3,1,1,0,0,0,9,12,422,31
2018,360009006276,METROPOLITAN SOUNDVIEW HIGH SCHOOL (THE),NEW YORK CITY GEOGRAPHIC DISTRICT #12,1300 BOYNTON AVE,BRONX,10472,36005,40.832033,-73.878575,3,1,1,0,0,0,9,12,417,34
2018,360009006401,FAIRMONT NEIGHBORHOOD SCHOOL,NEW YORK CITY GEOGRAPHIC DISTRICT #12,1550 VYSE AVE,BRONX,10460,36005,40.834259,-73.887242,1,1,1,0,0,0,-1,5,305,25
2018,360009006474,SAMARA COMMUNITY SCHOOL,NEW YORK CITY GEOGRAPHIC DISTRICT #12,1550 VYSE AVE,BRONX,10460,36005,40.83428,-73.887251,1,1,1,0,0,0,-1,4,253,17
2018,360009006630,PS 595,NEW YORK CITY GEOGRAPHIC DISTRICT #12,700 E 179TH ST,BRONX,10457,36005,40.84634,-73.889321,1,1,3,0,0,0,-1,2,153,16
2018,360009100847,BEDFORD STUYVESANT PREPARATORY HIGH SCHOOL,NEW YORK CITY GEOGRAPHIC DISTRICT #13,832 MARCY AVE,BROOKLYN,11216,36047,40.684819,-73.946769,-1,1,2,0,,,,,,
2018,360009100867,SCIENCE SKILLS CENTER HIGH SCHOOL,NEW YORK CITY GEOGRAPHIC DISTRICT #13,49 FLATBUSH AVE EXT,BROOKLYN,11201,36047,40.697375,-73.984737,3,1,1,0,0,0,9,12,573,34
2018,360009101371,BROOKLYN INTERNATIONAL HIGH SCHOOL,NEW YORK CITY GEOGRAPHIC DISTRICT #13,49 FLATBUSH AVE EXT,BROOKLYN,11201,36047,40.697379,-73.984737,3,1,1,0,0,0,9,12,349,23
2018,360009101928,BROOKLYN TECHNICAL HIGH SCHOOL,NEW YORK CITY GEOGRAPHIC DISTRICT #13,29 FT GREENE PL,BROOKLYN,11217,36047,40.688947,-73.976584,3,1,1,0,0,0,9,12,5934,269
2018,360009101955,GEORGE WESTINGHOUSE CAREER & TECHNICAL ED HIGH SCHOOL,NEW YORK CITY GEOGRAPHIC DISTRICT #13,105 TECH PL,BROOKLYN,11201,36047,40.69501,-73.985651,3,3,1,0,0,0,9,12,789,52
2018,360009102050,PS 3 BEDFORD VILLAGE (THE),NEW YORK CITY GEOGRAPHIC DISTRICT #13,50 JEFFERSON AVE,BROOKLYN,11216,36047,40.682361,-73.955356,1,1,1,0,0,0,-1,5,349,28
2018,360009102064,PS 8 ROBERT FULTON,NEW YORK CITY GEOGRAPHIC DISTRICT #13,37 HICKS ST,BROOKLYN,11201,36047,40.700805,-73.992926,1,1,1,0,0,0,0,8,901,54
2018,360009102069,PS 9 TEUNIS G BERGEN,NEW YORK CITY GEOGRAPHIC DISTRICT #13,80 UNDERHILL AVE,BROOKLYN,11238,36047,40.678435,-73.96599,1,1,1,0,0,0,-1,5,942,55
2018,360009102074,PS 11 PURVIS J BEHAN,NEW YORK CITY GEOGRAPHIC DISTRICT #13,419 WAVERLY AVE,BROOKLYN,11238,36047,40.685409,-73.965755,1,1,1,0,0,0,-1,5,900,46
2018,360009102106,PS 20 CLINTON HILL,NEW YORK CITY GEOGRAPHIC DISTRICT #13,225 ADELPHI ST,BROOKLYN,11205,36047,40.691024,-73.971175,1,1,1,0,0,0,-1,5,482,32
2018,360009102195,PS 44 MARCUS GARVEY,NEW YORK CITY GEOGRAPHIC DISTRICT #13,432 MONROE ST,BROOKLYN,11221,36047,40.686245,-73.941051,1,1,1,0,0,0,-1,5,122,11
2018,360009102205,PS 46 EDWARD C BLUM,NEW YORK CITY GEOGRAPHIC DISTRICT #13,100 CLERMONT AVE,BROOKLYN,11205,36047,40.694405,-73.971615,1,1,1,0,0,0,-1,5,262,21
2018,360009102237,PS 54 SAMUEL C BARNES,NEW YORK CITY GEOGRAPHIC DISTRICT #13,195 SANFORD ST,BROOKLYN,11205,36047,40.692713,-73.952695,1,1,1,0,0,0,-1,5,222,23
2018,360009102243,PS 56 LEWIS H LATIMER,NEW YORK CITY GEOGRAPHIC DISTRICT #13,170 GATES AVE,BROOKLYN,11238,36047,40.684737,-73.960622,1,1,1,0,0,0,-1,5,261,22
2018,360009102280,PS 67 CHARLES A DORSEY,NEW YORK CITY GEOGRAPHIC DISTRICT #13,51 ST EDWARDS ST,BROOKLYN,11205,36047,40.695137,-73.977901,1,1,1,0,0,0,-1,5,212,17
2018,360009102315,BENJAMIN BANNEKER ACADEMY,NEW YORK CITY GEOGRAPHIC DISTRICT #13,71-77 CLINTON AVE,BROOKLYN,11238,36047,40.69546,-73.968897,3,1,1,0,0,0,9,12,816,52
2018,360009102356,PS 93 WILLIAM H PRESCOTT,NEW YORK CITY GEOGRAPHIC DISTRICT #13,31 NEW YORK AVE,BROOKLYN,11216,36047,40.679096,-73.946461,1,1,1,0,0,0,-1,5,220,19
2018,360009102478,DEAN STREET SCHOOL (THE),NEW YORK CITY GEOGRAPHIC DISTRICT #13,561 GRAND AVE,BROOKLYN,11238,36047,40.678605,-73.96174,3,1,1,0,0,0,9,12,156,9
2018,360009102490,PS 133 WILLIAM A BUTLER,NEW YORK CITY GEOGRAPHIC DISTRICT #13,610 BALTIC ST,BROOKLYN,11217,36047,40.68008,-73.980589,1,1,1,0,0,0,-1,5,752,58
2018,360009102772,PS 256 BENJAMIN BANNEKER,NEW YORK CITY GEOGRAPHIC DISTRICT #13,114 KOSCIUSKO ST,BROOKLYN,11216,36047,40.690645,-73.949549,1,1,1,0,0,0,-1,5,246,14
2018,360009102781,DR SUSAN S MCKINNEY SECONDARY SCHOOL OF THE ARTS,NEW YORK CITY GEOGRAPHIC DISTRICT #13,101 PARK AVE,BROOKLYN,11205,36047,40.696803,-73.976069,3,1,1,0,0,0,6,12,318,34
2018,360009102784,PS 270 JOHANN DEKALB,NEW YORK CITY GEOGRAPHIC DISTRICT #13,241 EMERSON PL,BROOKLYN,11205,36047,40.69101,-73.961336,1,1,1,0,0,0,-1,5,113,14
2018,360009102793,PS 282 PARK SLOPE,NEW YORK CITY GEOGRAPHIC DISTRICT #13,180 6TH AVE,BROOKLYN,11217,36047,40.67663,-73.977712,1,1,1,0,0,0,-1,8,654,50
2018,360009102796,PS 287 BAILEY K ASHFORD,NEW YORK CITY GEOGRAPHIC DISTRICT #13,50 NAVY ST,BROOKLYN,11201,36047,40.697865,-73.980969,1,1,1,0,0,0,-1,5,144,17
2018,360009102809,PS 305 DR PETER RAY,NEW YORK CITY GEOGRAPHIC DISTRICT #13,344 MONROE ST,BROOKLYN,11216,36047,40.685756,-73.945285,1,1,1,0,0,0,-1,5,141,13
2018,360009102811,PS 307 DANIEL HALE WILLIAMS,NEW YORK CITY GEOGRAPHIC DISTRICT #13,209 YORK ST,BROOKLYN,11201,36047,40.701637,-73.981628,1,1,1,0,0,0,-1,5,377,37
2018,360009104483,MS 266 PARK PLACE COMMUNITY MIDDLE SCHOOL,NEW YORK CITY GEOGRAPHIC DISTRICT #13,62 PARK PL,BROOKLYN,11217,36047,40.67875,-73.97647,2,1,1,0,0,0,6,8,158,16
2018,360009104523,MS 113 RONALD EDMONDS LEARNING CENTER,NEW YORK CITY GEOGRAPHIC DISTRICT #13,300 ADELPHI ST,BROOKLYN,11205,36047,40.688562,-73.971417,2,1,1,0,0,0,6,8,350,28
2018,360009105508,BEDFORD ACADEMY HIGH SCHOOL,NEW YORK CITY GEOGRAPHIC DISTRICT #13,1119 BEDFORD AVE,BROOKLYN,11217,36047,40.685313,-73.953871,3,1,1,0,0,0,9,12,361,25
2018,360009105563,BROOKLYN ACADEMY HIGH SCHOOL,NEW YORK CITY GEOGRAPHIC DISTRICT #13,832 MARCY AVE,BROOKLYN,11216,36047,40.68482,-73.946772,3,1,1,0,0,0,10,12,194,16
2018,360009105695,SATELLITE EAST MIDDLE SCHOOL,NEW YORK CITY GEOGRAPHIC DISTRICT #13,344 MONROE ST,BROOKLYN,11216,36047,40.685743,-73.945293,2,1,1,0,0,0,6,8,93,11
2018,360009105696,DOCK STREET SCHOOL FOR STEM STUDIES,NEW YORK CITY GEOGRAPHIC DISTRICT #13,19 DOCK ST,BROOKLYN,11201,36047,40.70308,-73.992304,2,1,1,0,0,0,6,8,276,21
2018,360009105698,URBAN ASSEMBLY SCHOOL FOR LAW AND JUSTICE (THE),NEW YORK CITY GEOGRAPHIC DISTRICT #13,283 ADAMS ST,BROOKLYN,11201,36047,40.694669,-73.988441,3,1,1,0,0,0,9,12,439,30
2018,360009105812,URBAN ASSEMBLY SCHOOL FOR MUSIC AND ART,NEW YORK CITY GEOGRAPHIC DISTRICT #13,49 FLATBUSH AVE EXT,BROOKLYN,11201,36047,40.697374,-73.984724,3,1,1,0,0,0,9,12,210,16
2018,360009105901,ACADEMY OF ARTS AND LETTERS,NEW YORK CITY GEOGRAPHIC DISTRICT #13,225 ADELPHI ST,BROOKLYN,11205,36047,40.69102,-73.971163,1,1,1,0,0,0,0,8,526,36
2018,360009105928,URBAN ASSEMBLY INSTITUTE OF MATH AND SCIENCE FOR YOUNG WOMEN,NEW YORK CITY GEOGRAPHIC DISTRICT #13,283 ADAMS ST,BROOKLYN,11201,36047,40.694669,-73.988441,3,1,1,0,0,0,6,12,506,36
2018,360009105962,BROOKLYN COMMUNITY ARTS AND MEDIA HIGH SCHOOL (BCAM),NEW YORK CITY GEOGRAPHIC DISTRICT #13,300 WILLOUGHBY AVE,BROOKLYN,11205,36047,40.692476,-73.958343,3,1,1,0,0,0,9,12,425,30
2018,360009106029,BROOKLYN HIGH SCHOOL FOR LEADERSHIP AND COMMUNITY SERVICE,NEW YORK CITY GEOGRAPHIC DISTRICT #13,300 WILLOUGHBY AVE,BROOKLYN,11205,36047,40.692444,-73.958672,3,1,1,0,0,0,9,12,172,13
2018,360009106164,CITY POLYTECHNIC HIGH SCHOOL,NEW YORK CITY GEOGRAPHIC DISTRICT #13,105 TECH PL,BROOKLYN,11201,36047,40.69501,-73.985651,3,3,1,0,0,0,9,12,428,26
2018,360009106205,FORT GREEN PREPARATORY ACADEMY,NEW YORK CITY GEOGRAPHIC DISTRICT #13,100 CLERMONT AVE,BROOKLYN,11205,36047,40.694547,-73.971631,2,1,1,0,0,0,6,8,211,20
2018,360009106366,URBAN ASSEMBLY UNISON SCHOOL (THE),NEW YORK CITY GEOGRAPHIC DISTRICT #13,170 GATES AVE,BROOKLYN,11238,36047,40.684737,-73.960622,2,1,1,0,0,0,6,8,161,13
2018,360009201377,DIGITAL ARTS AND CINEMA TECHNOLOGY HIGH SCHOOL,NEW YORK CITY GEOGRAPHIC DISTRICT #15,284 BALTIC ST,BROOKLYN,11201,36047,40.685235,-73.99353,3,1,1,0,0,0,9,12,248,20
2018,360009202041,PS 1 BERGEN (THE),NEW YORK CITY GEOGRAPHIC DISTRICT #15,309 47TH ST,BROOKLYN,11220,36047,40.648788,-74.011487,1,1,1,0,0,0,-1,5,1201,97
2018,360009202072,MAGNET SCHOOL OF MATH SCIENCE & DESIGN TECHNOLOGY,NEW YORK CITY GEOGRAPHIC DISTRICT #15,511 7TH AVE,BROOKLYN,11215,36047,40.660956,-73.986333,1,1,1,0,0,0,0,5,946,96
2018,360009202088,PS 15 PATRICK F DALY,NEW YORK CITY GEOGRAPHIC DISTRICT #15,71 SULLIVAN ST,BROOKLYN,11231,36047,40.677137,-74.011778,1,1,1,0,0,0,-1,5,480,43
2018,360009202139,PS 29 JOHN M HARRIGAN,NEW YORK CITY GEOGRAPHIC DISTRICT #15,425 HENRY ST,BROOKLYN,11201,36047,40.686981,-73.997725,1,1,1,0,0,0,-1,5,953,59
2018,360009202151,PS 32 SAMUEL MILLS SPROLE,NEW YORK CITY GEOGRAPHIC DISTRICT #15,317 HOYT ST,BROOKLYN,11231,36047,40.680314,-73.991511,1,1,1,0,0,0,-1,5,473,64
2018,360009202173,PS 38 PACIFIC (THE),NEW YORK CITY GEOGRAPHIC DISTRICT #15,450 PACIFIC ST,BROOKLYN,11217,36047,40.684973,-73.982941,1,1,1,0,0,0,-1,5,619,38
2018,360009202175,PS 39 HENRY BRISTOW,NEW YORK CITY GEOGRAPHIC DISTRICT #15,417 6TH AVE,BROOKLYN,11215,36047,40.66872,-73.983009,1,1,1,0,0,0,0,5,414,26
2018,360009202226,MS 51 WILLIAM ALEXANDER,NEW YORK CITY GEOGRAPHIC DISTRICT #15,350 5TH AVE,BROOKLYN,11215,36047,40.672198,-73.984638,2,1,1,0,0,0,6,8,1134,65
2018,360009202251,PS 58 CARROLL (THE),NEW YORK CITY GEOGRAPHIC DISTRICT #15,330 SMITH ST,BROOKLYN,11231,36047,40.680358,-73.995518,1,1,1,0,0,0,-1,5,1008,64
2018,360009202325,PS 295,NEW YORK CITY GEOGRAPHIC DISTRICT #15,330 18TH ST,BROOKLYN,11215,36047,40.660692,-73.988183,1,1,1,0,0,0,-1,5,429,35
2018,360009202359,PS 94 HENRY LONGFELLOW (THE),NEW YORK CITY GEOGRAPHIC DISTRICT #15,5010 6TH AVE,BROOKLYN,11220,36047,40.64364,-74.008685,1,1,1,0,0,0,0,5,1288,91
2018,360009202403,PS 107 JOHN W KIMBALL,NEW YORK CITY GEOGRAPHIC DISTRICT #15,1301 8TH AVE,BROOKLYN,11215,36047,40.663025,-73.981141,1,1,1,0,0,0,0,5,553,37
2018,360009202461,PS 124 SILAS B DUTCHER,NEW YORK CITY GEOGRAPHIC DISTRICT #15,515 4TH AVE,BROOKLYN,11215,36047,40.667555,-73.990663,1,1,1,0,0,0,-1,5,312,27
2018,360009202481,PS 130 PARKSIDE (THE),NEW YORK CITY GEOGRAPHIC DISTRICT #15,70 OCEAN PKWY,BROOKLYN,11218,36047,40.648942,-73.97597,1,1,1,0,0,0,-1,5,841,60
2018,360009202482,PS 131,NEW YORK CITY GEOGRAPHIC DISTRICT #15,4305 FT HAMILTON PKWY,BROOKLYN,11219,36047,40.640773,-73.993387,1,1,1,0,0,0,-1,5,946,71
2018,360009202557,WINDSOR TERRACE SCHOOL (THE),NEW YORK CITY GEOGRAPHIC DISTRICT #15,1625 11TH AVE,BROOKLYN,11215,36047,40.65709,-73.976147,1,1,1,0,0,0,0,5,552,31
2018,360009202602,PS 169 SUNSET PARK,NEW YORK CITY GEOGRAPHIC DISTRICT #15,4305 7TH AVE,BROOKLYN,11232,36047,40.646,-74.001918,1,1,1,0,0,0,0,5,1412,109
2018,360009202607,PS 172 BEACON SCHOOL OF EXCELLENCE,NEW YORK CITY GEOGRAPHIC DISTRICT #15,825 4TH AVE,BROOKLYN,11232,36047,40.657753,-74.000265,1,1,1,0,0,0,-1,6,583,46
2018,360009202740,PS 230 DORIS L COHEN,NEW YORK CITY GEOGRAPHIC DISTRICT #15,1 ALBEMARLE RD,BROOKLYN,11218,36047,40.645317,-73.980406,1,1,1,0,0,0,-1,5,1108,79
2018,360009202778,PS 261 PHILIP LIVINGSTON,NEW YORK CITY GEOGRAPHIC DISTRICT #15,314 PACIFIC ST,BROOKLYN,11201,36047,40.687265,-73.988589,1,1,1,0,0,0,-1,5,789,53
2018,360009202818,PS 321 WILLIAM PENN,NEW YORK CITY GEOGRAPHIC DISTRICT #15,180 7TH AVE,BROOKLYN,11215,36047,40.671685,-73.978315,1,1,1,0,0,0,0,5,1384,79
2018,360009202993,PS 24,NEW YORK CITY GEOGRAPHIC DISTRICT #15,427 38TH ST,BROOKLYN,11232,36047,40.65272,-74.004279,1,1,1,0,0,0,-1,5,624,52
2018,360009203389,COBBLE HILL SCHOOL OF AMERICAN STUDIES,NEW YORK CITY GEOGRAPHIC DISTRICT #15,347 BALTIC ST,BROOKLYN,11201,36047,40.684934,-73.9909,3,1,1,0,0,0,9,12,588,39
2018,360009204474,JHS 88 PETER ROUGET,NEW YORK CITY GEOGRAPHIC DISTRICT #15,544 7TH AVE,BROOKLYN,11215,36047,40.660709,-73.988185,2,1,1,0,0,0,6,8,1454,100
2018,360009204497,BROOKLYN HIGH SCHOOL OF THE ARTS,NEW YORK CITY GEOGRAPHIC DISTRICT #15,345 DEAN ST,BROOKLYN,11217,36047,40.683818,-73.980382,3,1,1,0,0,0,9,12,943,65
2018,360009204811,BROOKLYN NEW SCHOOL-PS 146 (THE),NEW YORK CITY GEOGRAPHIC DISTRICT #15,610 HENRY ST,BROOKLYN,11231,36047,40.679654,-74.001865,1,1,1,0,0,0,-1,5,696,52
2018,360009204889,JOHN JAY SCHOOL FOR LAW,NEW YORK CITY GEOGRAPHIC DISTRICT #15,237 7TH AVE,BROOKLYN,11215,36047,40.669484,-73.979072,3,1,1,0,0,0,9,12,445,30
2018,360009204890,BOERUM HILL SCHOOL FOR INTERNATIONAL STUDIES (THE),NEW YORK CITY GEOGRAPHIC DISTRICT #15,284 BALTIC ST,BROOKLYN,11201,36047,40.685282,-73.993552,3,1,1,0,0,0,6,12,724,46
2018,360009205243,SOUTH BROOKLYN COMMUNITY HIGH SCHOOL,NEW YORK CITY GEOGRAPHIC DISTRICT #15,173 CONOVER ST,BROOKLYN,11231,36047,40.67712,-74.011852,3,1,1,0,0,0,9,12,154,13
2018,360009205497,BROOKLYN COLLABORATIVE STUDIES,NEW YORK CITY GEOGRAPHIC DISTRICT #15,610 HENRY ST,BROOKLYN,11231,36047,40.67964,-74.001869,3,1,1,0,0,0,6,12,688,59
2018,360009205498,MATH AND SCIENCE EXPLORATORY SCHOOL (THE),NEW YORK CITY GEOGRAPHIC DISTRICT #15,345 DEAN ST,BROOKLYN,11217,36047,40.68382,-73.980386,2,1,1,0,0,0,6,8,545,52
2018,360009205501,NEW VOICES SCHOOL OF ACADEMIC AND CREATIVE ARTS,NEW YORK CITY GEOGRAPHIC DISTRICT #15,330 18TH ST,BROOKLYN,11215,36047,40.66068,-73.988195,2,1,1,0,0,0,6,8,579,36
2018,360009205502,MS 442 CARROLL GARDENS SCHOOL FOR INNOVATION,NEW YORK CITY GEOGRAPHIC DISTRICT #15,500 19TH ST,BROOKLYN,11215,36047,40.656281,-73.982607,2,1,1,0,0,0,6,8,301,35
2018,360009205513,IS 136 CHARLES O DEWEY,NEW YORK CITY GEOGRAPHIC DISTRICT #15,4004 4TH AVE,BROOKLYN,11232,36047,40.651974,-74.007356,2,1,1,0,0,0,6,8,513,44
2018,360009205529,PARK SLOPE COLLEGIATE,NEW YORK CITY GEOGRAPHIC DISTRICT #15,237 7TH AVE,BROOKLYN,11215,36047,40.669478,-73.979052,3,1,1,0,0,0,6,12,702,50
2018,360009205531,SECONDARY SCHOOL FOR JOURNALISM,NEW YORK CITY GEOGRAPHIC DISTRICT #15,237 7TH AVE,BROOKLYN,11215,36047,40.669519,-73.979023,3,1,1,0,0,0,9,12,260,16
2018,360009205706,SUNSET PARK PREP,NEW YORK CITY GEOGRAPHIC DISTRICT #15,4004 4TH AVE,BROOKLYN,11232,36047,40.651964,-74.007353,2,1,1,0,0,0,6,8,528,41
2018,360009205864,WEST BROOKLYN COMMUNITY HIGH SCHOOL,NEW YORK CITY GEOGRAPHIC DISTRICT #15,1053 41ST ST,BROOKLYN,11218,36047,40.642854,-73.992582,3,1,1,0,0,0,10,12,228,16
2018,360009205930,KHALIL GIBRAN INTERNATIONAL ACADEMY,NEW YORK CITY GEOGRAPHIC DISTRICT #15,362 SCHERMERHORN ST,BROOKLYN,11217,36047,40.686375,-73.979646,3,1,1,0,0,0,9,12,219,24
2018,360009206111,SUNSET PARK HIGH SCHOOL,NEW YORK CITY GEOGRAPHIC DISTRICT #15,153 35TH ST,BROOKLYN,11232,36047,40.655404,-74.004297,3,1,1,0,0,0,9,12,1224,104
2018,360009206143,RED HOOK NEIGHBORHOOD SCHOOL,NEW YORK CITY GEOGRAPHIC DISTRICT #15,27 HUNTINGTON ST,BROOKLYN,11231,36047,40.677617,-74.004827,1,1,1,0,0,0,-1,5,124,14
2018,360009206279,BROOKLYN FRONTIERS HIGH SCHOOL,NEW YORK CITY GEOGRAPHIC DISTRICT #15,112 SCHERMERHORN ST,BROOKLYN,11201,36047,40.690011,-73.989267,3,1,1,0,0,0,9,12,173,24
2018,360009206292,MILLENNIUM BROOKLYN HIGH SCHOOL,NEW YORK CITY GEOGRAPHIC DISTRICT #15,237 7TH AVE,BROOKLYN,11215,36047,40.669514,-73.97903,3,1,1,0,0,0,9,12,671,56
2018,360009206406,MAURICE SENDAK COMMUNITY SCHOOL (THE),NEW YORK CITY GEOGRAPHIC DISTRICT #15,211 8TH ST,BROOKLYN,11215,36047,40.671057,-73.987731,1,1,1,0,0,0,-1,5,346,17
2018,360009206407,SUNSET PARK AVENUES ELEMENTARY SCHOOL,NEW YORK CITY GEOGRAPHIC DISTRICT #15,4222 4TH AVE,BROOKLYN,11232,36047,40.650678,-74.008494,1,1,1,0,0,0,-1,5,497,36
2018,360009206567,MS 839,NEW YORK CITY GEOGRAPHIC DISTRICT #15,713 CATON AVE,BROOKLYN,11218,36047,40.647844,-73.973251,2,1,1,0,0,0,6,8,343,30
2018,360009206659,SCHOOL OF CREATIVITY AND INNOVATION (THE),NEW YORK CITY GEOGRAPHIC DISTRICT #15,736 48TH ST,BROOKLYN,11220,36047,40.64304,-74.004091,1,1,3,0,0,0,0,0,30,6
2018,360009401921,BOYS AND GIRLS HIGH SCHOOL,NEW YORK CITY GEOGRAPHIC DISTRICT #16,1700 FULTON ST,BROOKLYN,11213,36047,40.678924,-73.931391,3,1,1,0,0,0,9,12,426,35
2018,360009402054,PS 5 DR RONALD MCNAIR,NEW YORK CITY GEOGRAPHIC DISTRICT #16,820 HANCOCK ST,BROOKLYN,11233,36047,40.685464,-73.922633,1,1,1,0,0,0,-1,5,213,19
2018,360009402108,PS 21 CRISPUS ATTUCKS,NEW YORK CITY GEOGRAPHIC DISTRICT #16,180 CHAUNCEY ST,BROOKLYN,11233,36047,40.68054,-73.926516,1,1,1,0,0,0,-1,5,566,39
2018,360009402123,PS 25 EUBIE BLAKE SCHOOL,NEW YORK CITY GEOGRAPHIC DISTRICT #16,787 LAFAYETTE AVE,BROOKLYN,11221,36047,40.691513,-73.9407,1,1,1,0,0,0,-1,5,87,14
2018,360009402128,PS 26 JESSE OWENS,NEW YORK CITY GEOGRAPHIC DISTRICT #16,1014 LAFAYETTE AVE,BROOKLYN,11221,36047,40.691907,-73.931465,1,1,1,0,0,0,-1,5,257,24
2018,360009402163,MS 35 STEPHEN DECATUR,NEW YORK CITY GEOGRAPHIC DISTRICT #16,272 MCDONOUGH ST,BROOKLYN,11233,36047,40.681685,-73.93599,2,1,1,0,0,0,6,8,223,14
2018,360009402178,PS 40 GEORGE W CARVER,NEW YORK CITY GEOGRAPHIC DISTRICT #16,265 RALPH AVE,BROOKLYN,11233,36047,40.680155,-73.921868,1,1,1,0,0,0,-1,5,343,25
2018,360009402320,PS 81 THADDEUS STEVENS,NEW YORK CITY GEOGRAPHIC DISTRICT #16,990 DEKALB AVE,BROOKLYN,11221,36047,40.693035,-73.934908,1,1,1,0,0,0,-1,5,291,22
2018,360009402499,JHS 57 WHITELAW REID,NEW YORK CITY GEOGRAPHIC DISTRICT #16,125 STUYVESANT AVE,BROOKLYN,11221,36047,40.691446,-73.93347,2,1,1,0,0,0,6,8,161,12
2018,360009402758,PS 243 WEEKSVILLE SCHOOL (THE),NEW YORK CITY GEOGRAPHIC DISTRICT #16,1580 DEAN ST,BROOKLYN,11213,36047,40.675792,-73.935219,1,1,1,0,0,0,-1,5,246,22
2018,360009402779,PS 262 EL HAJJ MALIK EL SHABAZZ ELEMENTARY SCHOOL,NEW YORK CITY GEOGRAPHIC DISTRICT #16,500 MACON ST,BROOKLYN,11233,36047,40.68305,-73.930161,1,1,1,0,0,0,-1,5,175,15
2018,360009402812,PS 308 CLARA CARDWELL,NEW YORK CITY GEOGRAPHIC DISTRICT #16,616 QUINCY ST,BROOKLYN,11221,36047,40.688515,-73.93563,1,1,1,0,0,0,-1,8,251,27
2018,360009402813,PS 309 GEORGE E WIBECAN PREPARATORY ACADEMY (THE),NEW YORK CITY GEOGRAPHIC DISTRICT #16,794 MONROE ST,BROOKLYN,11221,36047,40.688145,-73.924464,1,1,1,0,0,0,-1,5,226,21
2018,360009402823,PS 335 GRANVILLE T WOODS,NEW YORK CITY GEOGRAPHIC DISTRICT #16,130 ROCHESTER AVE,BROOKLYN,11213,36047,40.67445,-73.928097,1,1,1,0,0,0,-1,5,218,23
2018,360009404053,MS 267 MATH SCIENCE & TECHNOLOGY,NEW YORK CITY GEOGRAPHIC DISTRICT #16,800 GATES AVE,BROOKLYN,11221,36047,40.688102,-73.93238,2,1,1,0,0,0,6,8,236,22
2018,360009404079,BROOKLYN HIGH SCHOOL FOR LAW AND TECHNOLOGY,NEW YORK CITY GEOGRAPHIC DISTRICT #16,1396 BROADWAY,BROOKLYN,11221,36047,40.68868,-73.920891,3,1,1,0,0,0,9,12,601,37
2018,360009405519,PS 28 WARREN PREP ACADEMY (THE),NEW YORK CITY GEOGRAPHIC DISTRICT #16,1001 HERKIMER ST,BROOKLYN,11233,36047,40.678393,-73.920066,1,1,1,0,0,0,-1,5,117,15
2018,360009405927,GOTHAM PROFESSIONAL ARTS ACADEMY,NEW YORK CITY GEOGRAPHIC DISTRICT #16,561 GRAND AVE,BROOKLYN,11238,36047,40.678605,-73.96174,3,1,1,0,0,0,9,12,179,17
2018,360009406049,BRIGHTER CHOICE COMMUNITY SCHOOL,NEW YORK CITY GEOGRAPHIC DISTRICT #16,280 HART ST,BROOKLYN,11206,36047,40.693913,-73.940835,1,1,1,0,0,0,-1,5,313,22
2018,360009406050,BROOKLYN BROWNSTONE SCHOOL,NEW YORK CITY GEOGRAPHIC DISTRICT #16,272 MCDONOUGH ST,BROOKLYN,11233,36047,40.681795,-73.935585,1,1,1,0,0,0,-1,5,288,19
2018,360009406122,BROOKLYN ACADEMY OF GLOBAL FINANCE (THE),NEW YORK CITY GEOGRAPHIC DISTRICT #16,125 STUYVESANT AVE,BROOKLYN,11221,36047,40.69143,-73.933449,3,1,1,0,0,0,9,12,107,11
2018,360009406306,MADIBA PREP MIDDLE SCHOOL,NEW YORK CITY GEOGRAPHIC DISTRICT #16,1014 LAFAYETTE AVE,BROOKLYN,11221,36047,40.691907,-73.931465,2,1,1,0,0,0,6,8,175,17
2018,360009406408,RESEARCH AND SERVICE HIGH SCHOOL,NEW YORK CITY GEOGRAPHIC DISTRICT #16,1700 FULTON ST,BROOKLYN,11213,36047,40.67848,-73.931601,3,1,1,0,0,0,9,12,241,17
2018,360009406509,NELSON MANDELA HIGH SCHOOL,NEW YORK CITY GEOGRAPHIC DISTRICT #16,1700 FULTON ST,BROOKLYN,11213,36047,40.67848,-73.931601,3,1,1,0,0,0,9,12,253,16
2018,360009406662,PS 898,NEW YORK CITY GEOGRAPHIC DISTRICT #16,130 ROCHESTER AVE,BROOKLYN,11213,36047,40.67445,-73.928097,2,1,3,0,0,0,6,6,44,5
2018,360009500799,NORMA ADAMS CLEMONS ACADEMY,NEW YORK CITY GEOGRAPHIC DISTRICT #17,43 SNYDER AVE,BROOKLYN,11226,36047,40.648885,-73.956363,1,1,1,0,0,0,0,5,643,48
2018,360009500882,MEDGAR EVERS COLLEGE PREPARATORY SCHOOL,NEW YORK CITY GEOGRAPHIC DISTRICT #17,1186 CARROLL ST,BROOKLYN,11225,36047,40.666981,-73.951413,3,1,1,0,0,0,6,12,1339,69
2018,360009501344,PARKSIDE PREPARATORY ACADEMY,NEW YORK CITY GEOGRAPHIC DISTRICT #17,655 PARKSIDE AVE,BROOKLYN,11226,36047,40.656367,-73.951583,2,1,1,0,0,0,6,8,473,33
2018,360009501347,DR JACQUELINE PEEK-DAVIS SCHOOL,NEW YORK CITY GEOGRAPHIC DISTRICT #17,430 HOWARD AVE,BROOKLYN,11233,36047,40.672886,-73.919739,1,1,1,0,0,0,-1,5,279,18
2018,360009501937,CLARA BARTON HIGH SCHOOL,NEW YORK CITY GEOGRAPHIC DISTRICT #17,901 CLASSON AVE,BROOKLYN,11225,36047,40.669121,-73.9618,3,3,1,0,0,0,9,12,1206,73
2018,360009502262,MS 61 DR GLADSTONE H ATWELL,NEW YORK CITY GEOGRAPHIC DISTRICT #17,400 EMPIRE BLVD,BROOKLYN,11225,36047,40.663758,-73.948382,2,1,1,0,0,0,6,8,671,42
2018,360009502348,PS 91 ALBANY AVENUE SCHOOL (THE),NEW YORK CITY GEOGRAPHIC DISTRICT #17,532 ALBANY AVE,BROOKLYN,11203,36047,40.66181,-73.940226,1,1,1,0,0,0,-1,5,256,18
2018,360009502504,PS 138,NEW YORK CITY GEOGRAPHIC DISTRICT #17,760 PROSPECT PL,BROOKLYN,11216,36047,40.674173,-73.951404,1,1,1,0,0,0,-1,8,533,43
2018,360009502576,PS 161 CROWN (THE),NEW YORK CITY GEOGRAPHIC DISTRICT #17,330 CROWN ST,BROOKLYN,11225,36047,40.665948,-73.949224,1,1,1,0,0,0,-1,5,366,22
2018,360009502631,PS 181,NEW YORK CITY GEOGRAPHIC DISTRICT #17,1023 NEW YORK AVE,BROOKLYN,11203,36047,40.648175,-73.945968,1,1,1,0,0,0,-1,8,645,38
2018,360009502649,PS 189 BILINGUAL CENTER (THE),NEW YORK CITY GEOGRAPHIC DISTRICT #17,1100 E NEW YORK AVE,BROOKLYN,11212,36047,40.665489,-73.925737,1,1,1,0,0,0,0,8,1050,74
2018,360009502656,PS 191 PAUL ROBESON,NEW YORK CITY GEOGRAPHIC DISTRICT #17,1600 PARK PL,BROOKLYN,11233,36047,40.671809,-73.924329,1,1,1,0,0,0,-1,5,160,15
2018,360009502725,PS 221 TOUSSAINT LOUVERTURE,NEW YORK CITY GEOGRAPHIC DISTRICT #17,791 EMPIRE BLVD,BROOKLYN,11213,36047,40.663939,-73.9362,1,1,1,0,0,0,-1,5,271,14
2018,360009502756,PS 241 EMMA L JOHNSTON,NEW YORK CITY GEOGRAPHIC DISTRICT #17,976 PRESIDENT ST,BROOKLYN,11225,36047,40.66894,-73.9607,1,1,1,0,0,0,-1,5,473,33
2018,360009502760,MS 246 WALT WHITMAN,NEW YORK CITY GEOGRAPHIC DISTRICT #17,72 VERONICA PL,BROOKLYN,11226,36047,40.648393,-73.953075,2,1,1,0,0,0,6,8,409,33
2018,360009502763,PS 249 CATON (THE),NEW YORK CITY GEOGRAPHIC DISTRICT #17,18 MARLBOROUGH RD,BROOKLYN,11226,36047,40.64969,-73.96632,1,1,1,0,0,0,-1,5,876,49
2018,360009502798,PS 289 GEORGE V BROWER,NEW YORK CITY GEOGRAPHIC DISTRICT #17,900 ST MARKS AVE,BROOKLYN,11213,36047,40.674467,-73.942095,1,1,1,0,0,0,-1,6,360,31
2018,360009502815,PS 316 ELIJAH STROUD,NEW YORK CITY GEOGRAPHIC DISTRICT #17,750 CLASSON AVE,BROOKLYN,11238,36047,40.674561,-73.96074,1,1,1,0,0,0,-1,5,573,41
2018,360009502832,PS 397 FOSTER-LAURIE,NEW YORK CITY GEOGRAPHIC DISTRICT #17,490 FENIMORE ST,BROOKLYN,11203,36047,40.658753,-73.946411,1,1,1,0,0,0,-1,5,186,15
2018,360009502833,PS 398 WALTER WEAVER,NEW YORK CITY GEOGRAPHIC DISTRICT #17,60 E 94TH ST,BROOKLYN,11212,36047,40.663962,-73.927863,1,1,1,0,0,0,-1,5,284,28
2018,360009504359,PS 399 STANLEY EUGENE CLARKE,NEW YORK CITY GEOGRAPHIC DISTRICT #17,2707 ALBERMARLE RD,BROOKLYN,11226,36047,40.647639,-73.952483,1,1,1,0,0,0,0,5,336,22
2018,360009504495,W E B DUBOIS ACADEMIC HIGH SCHOOL,NEW YORK CITY GEOGRAPHIC DISTRICT #17,402 EASTERN PKWY,BROOKLYN,11225,36047,40.668822,-73.956094,-1,1,2,0,,,,,,
2018,360009504813,IS 340,NEW YORK CITY GEOGRAPHIC DISTRICT #17,227 STERLING PL,BROOKLYN,11238,36047,40.676232,-73.969724,2,1,1,0,0,0,6,8,204,18
2018,360009504882,PS 375 JACKIE ROBINSON SCHOOL,NEW YORK CITY GEOGRAPHIC DISTRICT #17,46 MCKEEVER PL,BROOKLYN,11225,36047,40.66483,-73.959412,1,1,1,0,0,0,-1,5,341,27
2018,360009504883,MS 394,NEW YORK CITY GEOGRAPHIC DISTRICT #17,188 ROCHESTER AVE,BROOKLYN,11213,36047,40.672703,-73.928243,1,1,1,0,0,0,-1,8,391,30
2018,360009505210,PS 92 ADRIAN HEGEMAN,NEW YORK CITY GEOGRAPHIC DISTRICT #17,601 PARKSIDE AVE,BROOKLYN,11226,36047,40.656256,-73.953516,1,1,1,0,0,0,-1,5,428,35
2018,360009505510,HIGH SSCHOOL FOR PUBLIC SERVICE-HEROES OF TOMORROW,NEW YORK CITY GEOGRAPHIC DISTRICT #17,600 KINGSTON AVE,BROOKLYN,11203,36047,40.659259,-73.943258,3,1,1,0,0,0,9,12,463,29
2018,360009505514,BROOKLYN SCHOOL FOR MUSIC & THEATER,NEW YORK CITY GEOGRAPHIC DISTRICT #17,883 CLASSON AVE,BROOKLYN,11225,36047,40.670009,-73.961548,3,1,1,0,0,0,9,12,297,22
2018,360009505516,SCIENCE TECHNOLOGY & RESEARCH HIGH SCHOOL AT ERASMUS,NEW YORK CITY GEOGRAPHIC DISTRICT #17,911 FLATBUSH AVE,BROOKLYN,11226,36047,40.64955,-73.958198,3,1,1,0,0,0,6,12,572,31
2018,360009505523,BROOKLYN ACADEMY OF SCIENCE AND THE ENVIRONMENT,NEW YORK CITY GEOGRAPHIC DISTRICT #17,883 CLASSON AVE,BROOKLYN,11225,36047,40.669997,-73.961531,3,1,1,0,0,0,9,12,379,21
2018,360009505709,SCHOOL FOR HUMAN RIGHTS (THE),NEW YORK CITY GEOGRAPHIC DISTRICT #17,600 KINGSTON AVE,BROOKLYN,11203,36047,40.659263,-73.943198,3,1,1,0,0,0,8,12,346,25
2018,360009505712,INTERNATIONAL HIGH SCHOOL AT PROSPECT HEIGHTS,NEW YORK CITY GEOGRAPHIC DISTRICT #17,883 CLASSON AVE,BROOKLYN,11225,36047,40.670001,-73.96148,3,1,1,0,0,0,9,12,351,31
2018,360009505713,HIGH SCHOOL FOR GLOBAL CITIZENSHIP (THE),NEW YORK CITY GEOGRAPHIC DISTRICT #17,883 CLASSON AVE,BROOKLYN,11225,36047,40.670039,-73.961505,3,1,1,0,0,0,9,12,213,13
2018,360009505714,HIGH SCHOOL FOR YOUTH AND COMMUNITY DEVELOPMENT AT ERASMUS,NEW YORK CITY GEOGRAPHIC DISTRICT #17,911 FLATBUSH AVE,BROOKLYN,11226,36047,40.649542,-73.958196,3,1,1,0,0,0,9,12,464,25
2018,360009505715,HIGH SCHOOL FOR SERVICE AND LEARNING AT ERASMUS,NEW YORK CITY GEOGRAPHIC DISTRICT #17,911 FLATBUSH AVE,BROOKLYN,11226,36047,40.649543,-73.958204,3,1,1,0,0,0,9,12,293,18
2018,360009505762,BROWNSVILLE ACADEMY HIGH SCHOOL,NEW YORK CITY GEOGRAPHIC DISTRICT #17,1150 E NEW YORK AVE,BROOKLYN,11212,36047,40.666236,-73.923917,3,1,1,0,0,0,10,12,101,8
2018,360009505818,EBBETS FIELD MIDDLE SCHOOL,NEW YORK CITY GEOGRAPHIC DISTRICT #17,46 MCKEEVER PL,BROOKLYN,11225,36047,40.66489,-73.959632,2,1,1,0,0,0,6,8,135,16
2018,360009505819,ELIJAH STROUD MIDDLE SCHOOL,NEW YORK CITY GEOGRAPHIC DISTRICT #17,750 CLASSON AVE,BROOKLYN,11238,36047,40.674644,-73.961038,2,1,1,0,0,0,6,8,171,14
2018,360009505820,SCHOOL OF INTEGRATED LEARNING (THE),NEW YORK CITY GEOGRAPHIC DISTRICT #17,1224 PARK PL,BROOKLYN,11213,36047,40.672458,-73.937195,2,1,1,0,0,0,6,8,296,27
2018,360009505870,RONALD EDMONDS LEARNING CENTER II,NEW YORK CITY GEOGRAPHIC DISTRICT #17,430 HOWARD AVE,BROOKLYN,11233,36047,40.672886,-73.919739,2,1,1,0,0,0,6,8,162,15
2018,360009505885,ACADEMY OF HOSPITALITY AND TOURISM,NEW YORK CITY GEOGRAPHIC DISTRICT #17,911 FLATBUSH AVE,BROOKLYN,11226,36047,40.649556,-73.958213,3,1,1,0,0,0,9,12,189,15
2018,360009505916,ACAD FOR COLLEGE PREP AND CAREER EXP,NEW YORK CITY GEOGRAPHIC DISTRICT #17,911 FLATBUSH AVE,BROOKLYN,11226,36047,40.649485,-73.958213,3,1,1,0,0,0,6,12,359,22
2018,360009506176,PS 770 NEW AMERICAN ACADEMY,NEW YORK CITY GEOGRAPHIC DISTRICT #17,60 E 94TH ST,BROOKLYN,11212,36047,40.66379,-73.927702,1,1,1,0,0,0,-1,5,322,22
2018,360009506200,ACADEMY FOR HEALTH CAREERS,NEW YORK CITY GEOGRAPHIC DISTRICT #17,150 ALBANY AVE,BROOKLYN,11213,36047,40.675934,-73.939254,3,3,1,0,0,0,9,12,301,27
2018,360009506273,PATHWAYS IN TECHNOLOGY EARLY COLLEGE HIGH SCHOOL (P-TECH),NEW YORK CITY GEOGRAPHIC DISTRICT #17,150 ALBANY AVE,BROOKLYN,11213,36047,40.675934,-73.939254,3,3,1,0,0,0,9,12,576,33
2018,360009506300,BROOKLYN INSTITUTE FOR LIBERAL ARTS,NEW YORK CITY GEOGRAPHIC DISTRICT #17,600 KINGSTON AVE,BROOKLYN,11203,36047,40.65928,-73.943085,3,1,1,0,0,0,9,12,410,29
2018,360009506335,NEW HEIGHTS MIDDLE SCHOOL,NEW YORK CITY GEOGRAPHIC DISTRICT #17,790 E NEW YORK AVE,BROOKLYN,11203,36047,40.662087,-73.936455,2,1,1,0,0,0,6,8,258,24
2018,360009506340,BROOKLYN ARTS AND SCIENCE ELEMENTARY SCHOOL,NEW YORK CITY GEOGRAPHIC DISTRICT #17,443 ST MARKS AVE,BROOKLYN,11238,36047,40.676996,-73.960031,1,1,1,0,0,0,-1,5,362,26
2018,360009506409,NEW BRIDGES ELEMENTARY,NEW YORK CITY GEOGRAPHIC DISTRICT #17,1025 EASTERN PKWY,BROOKLYN,11213,36047,40.669439,-73.934356,1,1,1,0,0,0,-1,5,440,41
2018,360009602283,IS 68 ISAAC BILDERSEE,NEW YORK CITY GEOGRAPHIC DISTRICT #18,956 E 82ND ST,BROOKLYN,11236,36047,40.635371,-73.910968,2,1,1,0,0,0,6,8,289,24
2018,360009602427,PS 114 RYDER ELEMENTARY,NEW YORK CITY GEOGRAPHIC DISTRICT #18,1077 REMSEN AVE,BROOKLYN,11236,36047,40.642596,-73.908053,1,1,1,0,0,0,-1,5,535,39
2018,360009602429,PS 115 DANIEL MUCATEL SCHOOL,NEW YORK CITY GEOGRAPHIC DISTRICT #18,1500 E 92ND ST,BROOKLYN,11236,36047,40.634975,-73.89803,1,1,1,0,0,0,-1,5,900,64
2018,360009602496,PS 135 SHELDON A BROOKNER,NEW YORK CITY GEOGRAPHIC DISTRICT #18,684 LINDEN BLVD,BROOKLYN,11203,36047,40.653343,-73.933009,1,1,1,0,0,0,-1,5,516,30
2018,360009602701,PS 208 ELSA EBELING,NEW YORK CITY GEOGRAPHIC DISTRICT #18,4801 AVE D,BROOKLYN,11203,36047,40.642341,-73.930833,1,1,1,0,0,0,-1,5,359,30
2018,360009602707,IS 211 JOHN WILSON,NEW YORK CITY GEOGRAPHIC DISTRICT #18,1001 E 100TH ST,BROOKLYN,11236,36047,40.643028,-73.895559,2,1,1,0,0,0,6,8,432,33
2018,360009602721,PS 219 KENNEDY-KING,NEW YORK CITY GEOGRAPHIC DISTRICT #18,1060 CLARKSON AVE,BROOKLYN,11212,36047,40.659164,-73.922642,1,1,1,0,0,0,-1,5,433,34
2018,360009602745,PS 233 LANGSTON HUGHES,NEW YORK CITY GEOGRAPHIC DISTRICT #18,9301 AVE B,BROOKLYN,11236,36047,40.65139,-73.914011,1,1,1,0,0,0,-1,5,440,31
2018,360009602750,PS 235 JANICE MARIE KNIGHT SCHOOL,NEW YORK CITY GEOGRAPHIC DISTRICT #18,525 LENOX RD,BROOKLYN,11203,36047,40.655039,-73.940707,1,1,1,0,0,0,-1,8,1224,69
2018,360009602759,PS 244 RICHARD R GREEN,NEW YORK CITY GEOGRAPHIC DISTRICT #18,5404 TILDEN AVE,BROOKLYN,11203,36047,40.648241,-73.92564,1,1,1,0,0,0,-1,5,488,52
2018,360009602782,PS 268 EMMA LAZARUS,NEW YORK CITY GEOGRAPHIC DISTRICT #18,133 E 53RD ST,BROOKLYN,11203,36047,40.657318,-73.927785,1,1,1,0,0,0,-1,5,340,29
2018,360009602786,PS 272 CURTIS ESTABROOK,NEW YORK CITY GEOGRAPHIC DISTRICT #18,101-24 SEAVIEW AVE,BROOKLYN,11236,36047,40.635795,-73.886045,1,1,1,0,0,0,-1,5,450,41
2018,360009602790,PS 276 LOUIS MARSHALL,NEW YORK CITY GEOGRAPHIC DISTRICT #18,1070 E 83RD ST,BROOKLYN,11236,36047,40.633921,-73.908161,1,1,1,0,0,0,-1,5,608,44
2018,360009602791,PS 279 HERMAN SCHREIBER,NEW YORK CITY GEOGRAPHIC DISTRICT #18,1070 E 104TH ST,BROOKLYN,11236,36047,40.644148,-73.892556,1,1,1,0,0,0,-1,5,400,29
2018,360009602795,IS 285 MEYER LEVIN,NEW YORK CITY GEOGRAPHIC DISTRICT #18,5909 BEVERLY RD,BROOKLYN,11203,36047,40.647601,-73.920731,2,1,1,0,0,0,6,8,749,48
2018,360009605506,PS 66,NEW YORK CITY GEOGRAPHIC DISTRICT #18,845 E 96TH ST,BROOKLYN,11236,36047,40.648636,-73.906913,1,1,1,0,0,0,-1,8,799,53
2018,360009605956,BROOKLYN GENERATION SCHOOL,NEW YORK CITY GEOGRAPHIC DISTRICT #18,6565 FLATLANDS AVE,BROOKLYN,11236,36047,40.633608,-73.917523,3,1,1,0,0,0,9,12,189,21
2018,360009605957,KURT HAHN EXPEDITIONARY LEARNING SCHOOL,NEW YORK CITY GEOGRAPHIC DISTRICT #18,5800 TILDEN AVE,BROOKLYN,11203,36047,40.648181,-73.922322,3,1,1,0,0,0,9,12,297,23
2018,360009605958,MIDDLE SCHOOL FOR ART AND PHILOSPHY,NEW YORK CITY GEOGRAPHIC DISTRICT #18,1084 LENOX RD,BROOKLYN,11212,36047,40.657988,-73.920087,2,1,1,0,0,0,6,8,174,17
2018,360009605960,EAST FLATBUSH COMMUNITY RESEARCH SCHOOL,NEW YORK CITY GEOGRAPHIC DISTRICT #18,905 WINTHROP ST,BROOKLYN,11203,36047,40.658715,-73.928686,2,1,1,0,0,0,6,8,,15
2018,360009605961,BROOKLYN BRIDGE ACADEMY,NEW YORK CITY GEOGRAPHIC DISTRICT #18,6565 FLATLANDS AVE,BROOKLYN,11236,36047,40.633551,-73.917531,3,1,1,0,0,0,9,12,188,16
2018,360009605964,IT TAKES A VILLAGE ACADEMY,NEW YORK CITY GEOGRAPHIC DISTRICT #18,5800 TILDEN AVE,BROOKLYN,11203,36047,40.64813,-73.922305,3,1,1,0,0,0,9,12,649,50
2018,360009605965,MIDDLE SCHOOL OF MARKETING AND LEGAL STUDIES,NEW YORK CITY GEOGRAPHIC DISTRICT #18,905 WINTHROP ST,BROOKLYN,11203,36047,40.658685,-73.928662,-1,1,2,0,,,,,,
2018,360009605966,BROOKLYN THEATRE ARTS HIGH SCHOOL,NEW YORK CITY GEOGRAPHIC DISTRICT #18,6565 FLATLANDS AVE,BROOKLYN,11236,36047,40.633647,-73.91747,3,1,1,0,0,0,9,12,340,17
2018,360009605967,VICTORY COLLEGIATE HIGH SCHOOL,NEW YORK CITY GEOGRAPHIC DISTRICT #18,6565 FLATLANDS AVE,BROOKLYN,11236,36047,40.63358,-73.917506,3,1,1,0,0,0,9,12,346,29
2018,360009606009,OLYMPUS ACADEMY,NEW YORK CITY GEOGRAPHIC DISTRICT #18,755 E 100TH ST,BROOKLYN,11236,36047,40.645838,-73.8984,3,1,1,0,0,0,9,12,184,18
2018,360009606023,HIGH SCHOOL FOR MEDICAL PROFESSIONS,NEW YORK CITY GEOGRAPHIC DISTRICT #18,1600 ROCKAWAY PKWY,BROOKLYN,11236,36047,40.64065,-73.898645,3,1,1,0,0,0,9,12,463,30
2018,360009606042,CULTURAL ACADEMY FOR THE ARTS AND SCIENCES,NEW YORK CITY GEOGRAPHIC DISTRICT #18,5800 TILDEN AVE,BROOKLYN,11203,36047,40.648283,-73.922231,3,1,1,0,0,0,9,12,281,22
2018,360009606052,URBAN ACTION ACADEMY,NEW YORK CITY GEOGRAPHIC DISTRICT #18,1600 ROCKAWAY PKWY,BROOKLYN,11236,36047,40.64065,-73.898645,3,1,1,0,0,0,9,12,257,19
2018,360009606054,ACADEMY FOR CONSERVATION AND THE ENVIRONMENT,NEW YORK CITY GEOGRAPHIC DISTRICT #18,6565 FLATLANDS AVE,BROOKLYN,11236,36047,40.633311,-73.91767,3,1,1,0,0,0,9,12,300,22
2018,360009606059,HIGH SCHOOL FOR INNOVATION IN ADVERTISING AND MEDIA,NEW YORK CITY GEOGRAPHIC DISTRICT #18,1600 ROCKAWAY PKWY,BROOKLYN,11236,36047,40.64065,-73.898645,3,3,1,0,0,0,9,12,238,22
2018,360009606152,EAST BROOKLYN COMMUNITY HIGH SCHOOL,NEW YORK CITY GEOGRAPHIC DISTRICT #18,9517 KINGS HWY,BROOKLYN,11212,36047,40.65985,-73.920605,3,1,1,0,0,0,9,12,173,21
2018,360009606155,SCIENCE AND MEDICINE MIDDLE SCHOOL (THE),NEW YORK CITY GEOGRAPHIC DISTRICT #18,965 E 107TH ST,BROOKLYN,11236,36047,40.647424,-73.891911,2,1,1,0,0,0,6,8,396,29
2018,360009606455,BROOKLYN SCIENCE AND ENGINEERING ACADEMY,NEW YORK CITY GEOGRAPHIC DISTRICT #18,5404 TILDEN AVE,BROOKLYN,11203,36047,40.648241,-73.92564,2,1,1,0,0,0,6,8,318,21
2018,360009700827,EBC HIGH SCHOOL FOR PUBLIC SERVICE-BUSHWICK,NEW YORK CITY GEOGRAPHIC DISTRICT #32,1155 DEKALB AVE,BROOKLYN,11221,36047,40.694732,-73.929245,3,1,1,0,0,0,9,12,476,35
2018,360009701789,PS 376,NEW YORK CITY GEOGRAPHIC DISTRICT #32,194 HARMAN ST,BROOKLYN,11237,36047,40.698024,-73.920455,1,1,1,0,0,0,0,5,522,34
2018,360009702000,JHS 383 PHILIPPA SCHUYLER,NEW YORK CITY GEOGRAPHIC DISTRICT #32,1300 GREENE AVE,BROOKLYN,11237,36047,40.697602,-73.919398,2,1,1,0,0,0,5,8,912,53
2018,360009702199,PS/IS 45 HORACE E GREENE,NEW YORK CITY GEOGRAPHIC DISTRICT #32,84 SCHAEFER ST,BROOKLYN,11207,36047,40.6868,-73.910322,1,1,1,0,0,0,-1,8,630,42
2018,360009702304,PS 75 MAYDA CORTIELLA,NEW YORK CITY GEOGRAPHIC DISTRICT #32,95 GROVE ST,BROOKLYN,11221,36047,40.693159,-73.9211,1,1,1,0,0,0,-1,5,310,31
2018,360009702334,PS 86 IRVINGTON (THE),NEW YORK CITY GEOGRAPHIC DISTRICT #32,220 IRVING AVE,BROOKLYN,11237,36047,40.70064,-73.917769,1,1,1,0,0,0,0,5,354,29
2018,360009702400,PS 106 EDWARD EVERETT HALE,NEW YORK CITY GEOGRAPHIC DISTRICT #32,1328 PUTNAM AVE,BROOKLYN,11221,36047,40.693714,-73.912836,1,1,1,0,0,0,-1,5,398,32
2018,360009702434,PS 116 ELIZABETH L FARRELL,NEW YORK CITY GEOGRAPHIC DISTRICT #32,515 KNICKERBOCKER AVE,BROOKLYN,11237,36047,40.698055,-73.916586,1,1,1,0,0,0,0,5,356,28
2018,360009702457,PS 123 SUYDAM,NEW YORK CITY GEOGRAPHIC DISTRICT #32,100 IRVING AVE,BROOKLYN,11237,36047,40.703962,-73.922507,1,1,1,0,1,0,-1,5,579,50
2018,360009702526,PS 145 ANDREW JACKSON,NEW YORK CITY GEOGRAPHIC DISTRICT #32,100 NOLL ST,BROOKLYN,11206,36047,40.701583,-73.93218,1,1,1,0,0,0,-1,5,515,38
2018,360009702543,PS 151 LYNDON B JOHNSON,NEW YORK CITY GEOGRAPHIC DISTRICT #32,763 KNICKERBOCKER AVE,BROOKLYN,11237,36047,40.693406,-73.908328,1,1,1,0,0,0,-1,5,292,27
2018,360009702582,JHS 162 WILLOUGHBY (THE),NEW YORK CITY GEOGRAPHIC DISTRICT #32,1390 WILLOUGHBY AVE,BROOKLYN,11237,36047,40.706752,-73.919795,2,1,1,0,0,0,6,8,319,28
2018,360009702788,PS 274 KOSCIUSKO,NEW YORK CITY GEOGRAPHIC DISTRICT #32,800 BUSHWICK AVE,BROOKLYN,11221,36047,40.694442,-73.928021,1,1,1,0,0,0,-1,5,366,27
2018,360009702799,JHS 291 ROLAND HAYES,NEW YORK CITY GEOGRAPHIC DISTRICT #32,231 PALMETTO ST,BROOKLYN,11221,36047,40.695534,-73.915414,2,1,1,0,0,0,6,8,291,24
2018,360009702806,PS 299 THOMAS WARREN FIELD SCHOOL,NEW YORK CITY GEOGRAPHIC DISTRICT #32,88 WOODBINE ST,BROOKLYN,11221,36047,40.691081,-73.917638,1,1,1,0,0,0,-1,5,234,20
2018,360009702829,PS 377 ALEJANDRINA B DE GAUTIER,NEW YORK CITY GEOGRAPHIC DISTRICT #32,200 WOODBINE ST,BROOKLYN,11221,36047,40.693885,-73.9149,1,1,1,0,0,0,-1,5,155,11
2018,360009702830,PS/IS 384 FRANCES E CARTER,NEW YORK CITY GEOGRAPHIC DISTRICT #32,242 COOPER ST,BROOKLYN,11207,36047,40.689719,-73.904896,1,1,1,0,0,0,-1,8,504,40
2018,360009704887,IS 347 SCHOOL OF HUMANITIES,NEW YORK CITY GEOGRAPHIC DISTRICT #32,35 STARR ST,BROOKLYN,11221,36047,40.700784,-73.927734,2,1,1,0,0,0,6,8,316,26
2018,360009704888,IS 349 MATH SCIENCE AND TECHNOLOGY,NEW YORK CITY GEOGRAPHIC DISTRICT #32,35 STARR ST,BROOKLYN,11211,36047,40.700778,-73.927731,2,1,1,0,0,0,6,8,326,27
2018,360009705537,ALL CITY LEADERSHIP SECONDARY SCHOOL,NEW YORK CITY GEOGRAPHIC DISTRICT #32,321 PALMETTO ST,BROOKLYN,11237,36047,40.697653,-73.913073,3,1,1,0,0,0,6,12,432,21
2018,360009705552,ACADEMY OF URBAN PLANNING AND ENGINEERING (THE),NEW YORK CITY GEOGRAPHIC DISTRICT #32,400 IRVING AVE,BROOKLYN,11237,36047,40.69678,-73.911005,3,1,1,0,0,0,9,12,232,21
2018,360009705555,BROOKLYN SCHOOL FOR SOCIAL JUSTICE (THE),NEW YORK CITY GEOGRAPHIC DISTRICT #32,400 IRVING AVE,BROOKLYN,11237,36047,40.696867,-73.911154,3,1,1,0,0,0,9,12,329,31
2018,360009705562,BUSHWICK LEADERS HIGH SCHOOL FOR ACADEMIC EXCELLENCE,NEW YORK CITY GEOGRAPHIC DISTRICT #32,797 BUSHWICK AVE,BROOKLYN,11221,36047,40.695319,-73.927517,3,1,1,0,0,0,9,12,310,29
2018,360009705725,BUSHWICK COMMUNITY HIGH SCHOOL,NEW YORK CITY GEOGRAPHIC DISTRICT #32,231 PALMETTO ST,BROOKLYN,11221,36047,40.695534,-73.915414,3,1,1,0,0,0,9,12,152,15
2018,360009705866,ACADEMY FOR ENVIRONMENTAL LEADERSHIP,NEW YORK CITY GEOGRAPHIC DISTRICT #32,400 IRVING AVE,BROOKLYN,11237,36047,40.696694,-73.912038,3,1,1,0,0,0,9,12,232,21
2018,360009706274,BROOKLYN SCHOOL FOR MATH AND RESEARCH (THE),NEW YORK CITY GEOGRAPHIC DISTRICT #32,400 IRVING AVE,BROOKLYN,11237,36047,40.696845,-73.91116,3,1,1,0,0,0,9,12,277,24
2018,360009706331,EVERGREEN MIDDLE SCHOOL FOR URBAN EXPLORATION,NEW YORK CITY GEOGRAPHIC DISTRICT #32,125 COVERT ST,BROOKLYN,11207,36047,40.688777,-73.910489,2,1,1,0,0,0,6,8,362,35
2018,360009801406,PS 7 LOUIS F SIMEONE,NEW YORK CITY GEOGRAPHIC DISTRICT #24,80-55 CORNISH AVE,ELMHURST,11373,36081,40.739419,-73.882447,1,1,1,0,0,0,-1,5,1382,98
2018,360009801791,ROBERT F WAGNER JR SECONDARY SCHOOL FOR ARTS AND TECHNOLOGY,NEW YORK CITY GEOGRAPHIC DISTRICT #24,47-07 30TH PL,LONG ISLAND CITY,11101,36081,40.742528,-73.936518,3,1,1,0,0,0,6,12,648,41
2018,360009801915,AVIATION CAREER AND TECHNICAL EDUCATION HIGH SCHOOL,NEW YORK CITY GEOGRAPHIC DISTRICT #24,45-30 36TH ST,LONG ISLAND CITY,11101,36081,40.743329,-73.929422,3,3,1,0,0,0,9,12,2097,122
2018,360009801959,GROVER CLEVELAND HIGH SCHOOL,NEW YORK CITY GEOGRAPHIC DISTRICT #24,21-27 HIMROD ST,RIDGEWOOD,11385,36081,40.711573,-73.908971,3,1,1,0,0,0,9,12,1705,110
2018,360009802038,NEWTOWN HIGH SCHOOL,NEW YORK CITY GEOGRAPHIC DISTRICT #24,48-01 90TH ST,ELMHURST,11373,36081,40.740591,-73.874174,3,1,1,0,0,0,9,12,1778,115
2018,360009802081,PS 13 CLEMENT C MOORE,NEW YORK CITY GEOGRAPHIC DISTRICT #24,55-01 94TH ST,ELMHURST,11373,36081,40.737385,-73.868146,1,1,1,0,0,0,0,5,1519,95
2018,360009802084,PS 14 FAIRVIEW,NEW YORK CITY GEOGRAPHIC DISTRICT #24,107-01 OTIS AVE,CORONA,11368,36081,40.740883,-73.854355,1,1,1,0,0,0,0,5,1574,111
2018,360009802103,PS 19 MARINO JEANTET,NEW YORK CITY GEOGRAPHIC DISTRICT #24,98-02 ROOSEVELT AVE,CORONA,11368,36081,40.748715,-73.866509,1,1,1,0,0,0,0,5,1893,139
2018,360009802215,PS 49 DOROTHY BONAWIT KOLE,NEW YORK CITY GEOGRAPHIC DISTRICT #24,63-60 80TH ST,MIDDLE VILLAGE,11379,36081,40.719693,-73.875327,1,1,1,0,0,0,0,8,1198,71
2018,360009802263,IS 61 LEONARDO DA VINCI,NEW YORK CITY GEOGRAPHIC DISTRICT #24,98-50 50TH AVE,CORONA,11368,36081,40.742409,-73.862942,2,1,1,0,0,0,6,8,2235,148
2018,360009802284,PS 68 CAMBRIDGE,NEW YORK CITY GEOGRAPHIC DISTRICT #24,59-09 ST FELIX AVE,RIDGEWOOD,11385,36081,40.69685,-73.89726,1,1,1,0,0,0,-1,5,596,43
2018,360009802292,PS 71 FOREST,NEW YORK CITY GEOGRAPHIC DISTRICT #24,62-85 FOREST AVE,RIDGEWOOD,11385,36081,40.711361,-73.904743,1,1,1,0,0,0,-1,5,710,53
2018,360009802300,IS 73 FRANK SANSIVIERI INTERMEDIATE SCHOOL  (THE),NEW YORK CITY GEOGRAPHIC DISTRICT #24,70-02 54TH AVE,MASPETH,11378,36081,40.728993,-73.893597,2,1,1,0,0,0,6,8,1978,129
2018,360009802319,PS 81 JEAN PAUL RICHTER,NEW YORK CITY GEOGRAPHIC DISTRICT #24,559 CYPRESS AVE,GLENDALE,11385,36081,40.703815,-73.912039,1,1,1,0,0,0,-1,5,645,54
2018,360009802337,PS/IS 87 MIDDLE VILLAGE,NEW YORK CITY GEOGRAPHIC DISTRICT #24,67-54 80TH ST,MIDDLE VILLAGE,11379,36081,40.711552,-73.871568,1,1,1,0,0,0,-1,8,616,40
2018,360009802340,PS 88 SENECA,NEW YORK CITY GEOGRAPHIC DISTRICT #24,60-85 CATALPA AVE,RIDGEWOOD,11385,36081,40.704055,-73.896383,1,1,1,0,0,0,-1,5,866,63
2018,360009802343,PS 89 ELMHURST,NEW YORK CITY GEOGRAPHIC DISTRICT #24,85-28 BRITTON AVE,ELMHURST,11373,36081,40.745969,-73.879755,1,1,1,0,0,0,0,5,1816,134
2018,360009802349,PS 91 RICHARD ARKWRIGHT,NEW YORK CITY GEOGRAPHIC DISTRICT #24,68-10 CENTRAL AVE,GLENDALE,11385,36081,40.703686,-73.884127,1,1,1,0,0,0,-1,5,729,52
2018,360009802355,IS 93 RIDGEWOOD,NEW YORK CITY GEOGRAPHIC DISTRICT #24,66-56 FOREST AVE,RIDGEWOOD,11385,36081,40.705809,-73.902946,2,1,1,0,0,0,6,8,1126,82
2018,360009802386,PS 102 BAYVIEW,NEW YORK CITY GEOGRAPHIC DISTRICT #24,55-24 VAN HORN ST,ELMHURST,11373,36081,40.733276,-73.878002,1,1,1,0,0,0,-1,8,1290,90
2018,360009802423,PS/IS 113 ANTHONY J PRANZO,NEW YORK CITY GEOGRAPHIC DISTRICT #24,78-23 87TH ST,GLENDALE,11385,36081,40.705348,-73.861503,1,1,1,0,0,0,-1,8,888,52
2018,360009802442,IS 119 GLENDALE (THE),NEW YORK CITY GEOGRAPHIC DISTRICT #24,74-01 78TH AVE,GLENDALE,11385,36081,40.704743,-73.874865,1,1,1,0,0,0,0,8,1269,75
2018,360009802464,IS 125 THOMAS J MCCANN WOODSIDE,NEW YORK CITY GEOGRAPHIC DISTRICT #24,46-02 47TH AVE,WOODSIDE,11377,36081,40.740862,-73.918722,2,1,1,0,0,0,6,8,1506,98
2018,360009802474,PS 128 LORRAINE TUZZO-JUNIPER VALLEY,NEW YORK CITY GEOGRAPHIC DISTRICT #24,69-10 65TH DR,MIDDLE VILLAGE,11379,36081,40.715186,-73.885624,1,1,1,0,0,0,0,8,953,60
2018,360009802521,PS 143 LOUIS ARMSTRONG,NEW YORK CITY GEOGRAPHIC DISTRICT #24,34-74 113TH ST,CORONA,11368,36081,40.755898,-73.855698,1,1,1,0,0,0,0,5,1364,105
2018,360009802551,PS 153 MASPETH ELEMENTARY,NEW YORK CITY GEOGRAPHIC DISTRICT #24,60-02 60TH LN,MASPETH,11378,36081,40.716402,-73.903901,1,1,1,0,0,0,-1,6,1137,71
2018,360009802678,PS 199 MAURICE A FITZGERALD,NEW YORK CITY GEOGRAPHIC DISTRICT #24,39-20 48TH AVE,LONG ISLAND CITY,11104,36081,40.739715,-73.926325,1,1,1,0,0,0,-1,5,802,50
2018,360009802739,PS 229 EMANUEL KAPLAN,NEW YORK CITY GEOGRAPHIC DISTRICT #24,67-25 51ST RD,WOODSIDE,11377,36081,40.734466,-73.897275,1,1,1,0,0,0,-1,5,1407,87
2018,360009802860,QUEENS TECHNICAL HIGH SCHOOL,NEW YORK CITY GEOGRAPHIC DISTRICT #24,37-02 47TH AVE,LONG ISLAND CITY,11101,36081,40.741859,-73.928238,3,3,1,0,0,0,9,12,1517,102
2018,360009803117,IS 5 WALTER CROWLEY INTERMEDIATE SCHOOL (THE),NEW YORK CITY GEOGRAPHIC DISTRICT #24,50-40 JACOBUS ST,ELMHURST,11373,36081,40.737509,-73.887863,2,1,1,0,0,0,6,8,1791,120
2018,360009803154,HIGH SCHOOL FOR ARTS AND BUSINESS,NEW YORK CITY GEOGRAPHIC DISTRICT #24,105-25 HORACE HARDING EXPW,CORONA,11368,36081,40.737741,-73.853511,3,1,1,0,0,0,9,12,777,51
2018,360009804146,PS 16 NANCY DEBENEDITTIS SCHOOL (THE),NEW YORK CITY GEOGRAPHIC DISTRICT #24,41-15 104TH ST,CORONA,11368,36081,40.74889,-73.860898,1,1,1,0,0,0,0,5,1512,96
2018,360009804563,PS 12 JAMES B COLGATE,NEW YORK CITY GEOGRAPHIC DISTRICT #24,42-00 72ND ST,WOODSIDE,11377,36081,40.742309,-73.893104,1,1,1,0,0,0,0,5,1161,75
2018,360009804609,IS 77,NEW YORK CITY GEOGRAPHIC DISTRICT #24,976 SENECA AVE,RIDGEWOOD,11385,36081,40.69925,-73.902123,2,1,1,0,0,0,6,8,934,69
2018,360009804895,MIDDLE COLLEGE HIGH SCHOOL AT LAGUARDIA COMMUNITY COLLEGE,NEW YORK CITY GEOGRAPHIC DISTRICT #24,45-35 VAN DAM ST,LONG ISLAND CITY,11101,36081,40.743416,-73.933491,3,1,1,0,0,0,9,12,509,25
2018,360009804896,INTERNATIONAL HIGH SCHOOL AT LAGUARDIA COMMUNITY COLLEGE,NEW YORK CITY GEOGRAPHIC DISTRICT #24,45-35 VAN DAM ST,LONG ISLAND CITY,11101,36081,40.743416,-73.933491,3,1,1,0,0,0,9,12,510,30
2018,360009805244,PS 28 THOMAS EMANUEL EARLY CHILDHOOD CENTER (THE),NEW YORK CITY GEOGRAPHIC DISTRICT #24,109-10 47TH AVE,CORONA,11368,36081,40.747013,-73.85466,1,1,1,0,0,0,-1,2,473,39
2018,360009805245,PS 58 SCHOOL OF HEROES (THE),NEW YORK CITY GEOGRAPHIC DISTRICT #24,72-24 GRAND AVE,MASPETH,11378,36081,40.728754,-73.890244,1,1,1,0,0,0,-1,6,1021,64
2018,360009805564,PS 239,NEW YORK CITY GEOGRAPHIC DISTRICT #24,17-15 WEIRFIELD ST,RIDGEWOOD,11385,36081,40.699561,-73.903808,1,1,1,0,0,0,-1,5,540,39
2018,360009805726,51ST AVENUE ACADEMY (THE PATH TO ACADEMIC EXCELLENCE),NEW YORK CITY GEOGRAPHIC DISTRICT #24,76-05 51ST AVE,ELMHURST,11373,36081,40.737203,-73.887099,-1,1,2,0,,,,,,
2018,360009805828,ACADEMY OF FINANCE AND ENTERPRISE,NEW YORK CITY GEOGRAPHIC DISTRICT #24,30-20 THOMSON AVE,LONG ISLAND CITY,11101,36081,40.74463,-73.936888,3,1,1,0,0,0,9,12,646,32
2018,360009805829,HIGH SCHOOL OF APPLIED COMMUNICATIONS,NEW YORK CITY GEOGRAPHIC DISTRICT #24,30-20 THOMSON AVE,LONG ISLAND CITY,11101,36081,40.744557,-73.936887,3,1,1,0,0,0,9,12,404,27
2018,360009806004,BARD HIGH SCHOOL EARLY COLLEGE QUEENS,NEW YORK CITY GEOGRAPHIC DISTRICT #24,30-20 THOMSON AVE,LONG ISLAND CITY,11101,36081,40.744757,-73.93675,3,1,1,0,0,0,9,12,643,40
2018,360009806028,CIVIC LEADERSHIP ACADEMY,NEW YORK CITY GEOGRAPHIC DISTRICT #24,45-10 94TH ST,ELMHURST,11373,36081,40.743391,-73.871405,3,1,1,0,0,0,9,12,591,33
2018,360009806040,LEARNERS AND LEADERS,NEW YORK CITY GEOGRAPHIC DISTRICT #24,378 SENECA AVE,GLENDALE,11385,36081,40.706925,-73.914938,1,1,1,0,0,0,-1,5,596,45
2018,360009806060,PIONEER ACADEMY,NEW YORK CITY GEOGRAPHIC DISTRICT #24,40-20 100TH ST,CORONA,11368,36081,40.748836,-73.865337,1,1,1,0,0,0,0,5,901,63
2018,360009806066,VOYAGES PREPARATORY,NEW YORK CITY GEOGRAPHIC DISTRICT #24,45-10 94TH ST,ELMHURST,11373,36081,40.743675,-73.8705,7,1,1,0,0,0,9,9,225,12
2018,360009806084,PAN AMERICAN INTERNATIONAL HIGH SCHOOL,NEW YORK CITY GEOGRAPHIC DISTRICT #24,45-10 94TH ST,ELMHURST,11373,36081,40.743734,-73.870532,3,1,1,0,0,0,9,12,414,31
2018,360009806179,HELEN M MARSHALL SCHOOL,NEW YORK CITY GEOGRAPHIC DISTRICT #24,110-08 NORTHERN BLVD,CORONA,11368,36081,40.757709,-73.858951,1,1,1,0,0,0,0,5,567,45
2018,360009806223,ACE ACADEMY FOR SCHOLARS AT THE GERALDINE FERRARO CAMPUS,NEW YORK CITY GEOGRAPHIC DISTRICT #24,55-20 METROPOLITAN AVE,RIDGEWOOD,11385,36081,40.71269,-73.908201,1,1,1,0,0,0,-1,5,589,35
2018,360009806278,MASPETH HIGH SCHOOL,NEW YORK CITY GEOGRAPHIC DISTRICT #24,54-40 74TH ST,ELMHURST,11373,36081,40.72907,-73.887638,3,1,1,0,0,0,9,12,1213,63
2018,360009806323,PS 110,NEW YORK CITY GEOGRAPHIC DISTRICT #24,43-18 97TH PL,CORONA,11368,36081,40.745529,-73.866389,1,1,1,0,0,0,0,5,895,63
2018,360009806430,ELM TREE ELEMENTARY SCHOOL,NEW YORK CITY GEOGRAPHIC DISTRICT #24,50-51 98TH ST,CORONA,11368,36081,40.741513,-73.863555,1,1,1,0,0,0,-1,5,517,38
2018,360009806431,CORONA ARTS AND SCIENCES ACADEMY,NEW YORK CITY GEOGRAPHIC DISTRICT #24,98-11 44TH AVE,CORONA,11368,36081,40.745947,-73.865215,2,1,1,0,0,0,6,8,756,61
2018,360009806432,INTERNATIONAL HIGH SCHOOL FOR HEALTH SCIENCES,NEW YORK CITY GEOGRAPHIC DISTRICT #24,48-01 90TH ST,ELMHURST,11373,36081,40.740591,-73.874174,3,1,1,0,0,0,9,12,264,22
2018,360009806485,CHILDRENS LAB SCHOOL (THE),NEW YORK CITY GEOGRAPHIC DISTRICT #24,45-46 42ND ST,LONG ISLAND CITY,11104,36081,40.74202,-73.922281,1,1,1,0,0,0,-1,4,427,33
2018,360009806544,ROSE M SINGER CENTER,NEW YORK CITY GEOGRAPHIC DISTRICT #24,19-19 HAZEN ST,EAST ELMHURST,11370,36081,40.77331,-73.892831,3,4,1,0,0,0,8,12,140,12
2018,360009901917,BAYSIDE HIGH SCHOOL,NEW YORK CITY GEOGRAPHIC DISTRICT #26,32-24 CORP KENNEDY ST,BAYSIDE,11361,36081,40.771425,-73.780973,3,1,1,0,0,0,9,12,2868,162
2018,360009901919,BENJAMIN N CARDOZO HIGH SCHOOL,NEW YORK CITY GEOGRAPHIC DISTRICT #26,57-00 223RD ST,BAYSIDE,11364,36081,40.752042,-73.756638,3,1,1,0,0,0,9,12,3617,176
2018,360009901953,FRANCIS LEWIS HIGH SCHOOL,NEW YORK CITY GEOGRAPHIC DISTRICT #26,58-20 UTOPIA PKY,FRESH MEADOWS,11365,36081,40.740619,-73.79346,3,1,1,0,0,0,9,12,4469,230
2018,360009902030,MARTIN VAN BUREN HIGH SCHOOL,NEW YORK CITY GEOGRAPHIC DISTRICT #26,230-17 HILLSIDE AVE,QUEENS VILLAGE,11427,36081,40.733569,-73.739262,3,1,1,0,0,0,9,12,1171,70
2018,360009902099,PS 18 WINCHESTER,NEW YORK CITY GEOGRAPHIC DISTRICT #26,86-35 235TH CT,QUEENS VILLAGE,11427,36081,40.73189,-73.732082,1,1,1,0,0,0,-1,5,583,40
2018,360009902129,PS 26 RUFUS KING,NEW YORK CITY GEOGRAPHIC DISTRICT #26,195-02 69TH AVE,FLUSHING,11365,36081,40.736649,-73.778036,1,1,1,0,0,0,-1,5,711,47
2018,360009902145,PS 31 BAYSIDE,NEW YORK CITY GEOGRAPHIC DISTRICT #26,211-45 46TH RD,BAYSIDE,11361,36081,40.757679,-73.768924,1,1,1,0,0,0,-1,5,537,39
2018,360009902183,PS 41 CROCHERON,NEW YORK CITY GEOGRAPHIC DISTRICT #26,214-43 35TH AVE,BAYSIDE,11361,36081,40.769838,-73.77111,1,1,1,0,0,0,0,5,463,32
2018,360009902203,PS 46 ALLEY POND,NEW YORK CITY GEOGRAPHIC DISTRICT #26,64-45 218TH ST,BAYSIDE,11364,36081,40.74537,-73.757882,1,1,1,0,0,0,-1,5,561,48
2018,360009902281,JHS 67 LOUIS PASTEUR,NEW YORK CITY GEOGRAPHIC DISTRICT #26,51-60 MARATHON PKWY,LITTLE NECK,11362,36081,40.762516,-73.734206,2,1,1,0,0,0,6,8,951,53
2018,360009902301,JHS 74 NATHANIEL HAWTHORNE,NEW YORK CITY GEOGRAPHIC DISTRICT #26,61-15 OCEANIA ST,BAYSIDE,11361,36081,40.745138,-73.766806,2,1,1,0,0,0,6,8,1156,70
2018,360009902358,PS 94 DAVID D PORTER,NEW YORK CITY GEOGRAPHIC DISTRICT #26,41-77 LITTLE NECK PKWY,LITTLE NECK,11363,36081,40.771336,-73.738655,1,1,1,0,0,0,0,5,311,25
2018,360009902372,PS 98 DOUGLASTON SCHOOL (THE),NEW YORK CITY GEOGRAPHIC DISTRICT #26,40-20 235TH ST,DOUGLASTON,11363,36081,40.769122,-73.74976,1,1,1,0,0,0,-1,5,281,23
2018,360009902428,JAMES J AMBROSE SCHOOL (THE),NEW YORK CITY GEOGRAPHIC DISTRICT #26,80-51 261ST ST,FLORAL PARK,11004,36081,40.743929,-73.70951,1,1,1,0,0,0,-1,5,774,44
2018,360009902488,PS 133,NEW YORK CITY GEOGRAPHIC DISTRICT #26,248-05 86TH AVE,BELLEROSE,11426,36081,40.732074,-73.717671,1,1,1,0,0,0,-1,5,583,40
2018,360009902568,MS 158 MARIE CURIE,NEW YORK CITY GEOGRAPHIC DISTRICT #26,46-35 OCEANIA ST,BAYSIDE,11361,36081,40.756229,-73.772337,2,1,1,0,0,0,6,8,1078,61
2018,360009902571,PS 159,NEW YORK CITY GEOGRAPHIC DISTRICT #26,205-01 33RD AVE,BAYSIDE,11361,36081,40.769817,-73.783812,1,1,1,0,0,0,-1,5,654,43
2018,360009902580,PS 162 JOHN GOLDEN,NEW YORK CITY GEOGRAPHIC DISTRICT #26,201-02 53RD AVE,BAYSIDE,11361,36081,40.748904,-73.776836,1,1,1,0,0,0,-1,5,665,39
2018,360009902608,IRWIN ALTMAN MIDDLE SCHOOL 172,NEW YORK CITY GEOGRAPHIC DISTRICT #26,81-14 257TH ST,FLORAL PARK,11004,36081,40.741839,-73.713344,2,1,1,0,0,0,6,8,979,62
2018,360009902610,PS 173 FRESH MEADOWS,NEW YORK CITY GEOGRAPHIC DISTRICT #26,174-10 67TH AVE,FLUSHING,11365,36081,40.734203,-73.795398,1,1,1,0,0,0,-1,5,965,61
2018,360009902622,PS/IS 178 HOLLISWOOD,NEW YORK CITY GEOGRAPHIC DISTRICT #26,189-10 RADNOR RD,JAMAICA,11423,36081,40.724511,-73.777166,1,1,1,0,0,0,-1,8,553,37
2018,360009902642,PS 186 CASTLEWOOD,NEW YORK CITY GEOGRAPHIC DISTRICT #26,252-12 72ND AVE,BELLEROSE,11426,36081,40.749653,-73.721363,1,1,1,0,0,0,-1,5,374,63
2018,360009902646,PS 188 KINGSBURY,NEW YORK CITY GEOGRAPHIC DISTRICT #26,218-12 HARTLAND AVE,FLUSHING,11364,36081,40.736063,-73.753669,1,1,1,0,0,0,-1,5,722,43
2018,360009902654,PS 191 MAYFLOWER,NEW YORK CITY GEOGRAPHIC DISTRICT #26,85-15 258TH ST,FLORAL PARK,11001,36081,40.734302,-73.708851,1,1,1,0,0,0,-1,5,382,23
2018,360009902687,PS 203 OAKLAND GARDENS,NEW YORK CITY GEOGRAPHIC DISTRICT #26,53-11 SPRNGFLD BLVD,BAYSIDE,11364,36081,40.753527,-73.75995,1,1,1,0,0,0,-1,5,911,57
2018,360009902693,PS 205 ALEXANDER GRAHAM BELL,NEW YORK CITY GEOGRAPHIC DISTRICT #26,75-25 BELL BLVD,BAYSIDE,11361,36081,40.737659,-73.756193,1,1,1,0,0,0,-1,5,314,23
2018,360009902709,PS 213 CARL ULLMAN SCHOOL (THE),NEW YORK CITY GEOGRAPHIC DISTRICT #26,231-02 67TH AVE,BAYSIDE,11364,36081,40.747492,-73.745748,1,1,1,0,0,0,-1,5,456,29
2018,360009902716,JHS 216 GEORGE J RYAN,NEW YORK CITY GEOGRAPHIC DISTRICT #26,64-20 175TH ST,FLUSHING,11365,36081,40.73749,-73.794506,2,1,1,0,0,0,6,8,1513,85
2018,360009902726,PS 221 NORTH HILLS SCHOOL (THE),NEW YORK CITY GEOGRAPHIC DISTRICT #26,57-40 MARATHON PKWY,LITTLE NECK,11362,36081,40.758597,-73.731388,1,1,1,0,0,0,-1,5,633,37
2018,360009905536,QUEENS HIGH SCHOOL OF TEACHING LIBERAL ARTS AND SCIENCES,NEW YORK CITY GEOGRAPHIC DISTRICT #26,74-20 COMMONWEALTH BLVD,BELLEROSE,11426,36081,40.744281,-73.728953,3,1,1,0,0,0,9,12,1078,68
2018,360009905567,PS/IS 266,NEW YORK CITY GEOGRAPHIC DISTRICT #26,74-10 COMMONWEALTH BLVD,BELLEROSE,11426,36081,40.745692,-73.728164,1,1,1,0,0,0,-1,8,657,48
2018,360009906468,BUSINESS TECHNOLOGY EARLY COLLEGE HIGH SCHOOL,NEW YORK CITY GEOGRAPHIC DISTRICT #26,230-17 HILLSIDE AVE,QUEENS VILLAGE,11427,36081,40.73388,-73.739721,3,3,1,0,0,0,9,12,523,30
2018,360009906626,PS 376,NEW YORK CITY GEOGRAPHIC DISTRICT #26,210-21 48TH AVE,FLUSHING,11364,36081,40.755161,-73.770606,1,1,1,0,0,0,-1,1,170,14
2018,360010001414,QUEENS GATEWAY TO HEALTH SCIENCES SECONDARY SCHOOL,NEW YORK CITY GEOGRAPHIC DISTRICT #28,160-20 GOETHALS AVE,JAMAICA,11432,36081,40.718508,-73.805955,3,1,1,0,0,0,6,12,711,39
2018,360010001951,FOREST HILLS HIGH SCHOOL,NEW YORK CITY GEOGRAPHIC DISTRICT #28,67-01 110TH ST,FOREST HILLS,11375,36081,40.729752,-73.845034,3,1,1,0,0,0,9,12,3792,204
2018,360010001965,HILLCREST HIGH SCHOOL,NEW YORK CITY GEOGRAPHIC DISTRICT #28,160-05 HIGHLAND AVE,JAMAICA,11432,36081,40.709423,-73.802303,3,1,1,0,0,0,9,12,3286,177
2018,360010002181,PS 40 SAMUEL HUNTINGTON,NEW YORK CITY GEOGRAPHIC DISTRICT #28,109-20 UNION HALL ST,JAMAICA,11433,36081,40.694119,-73.790991,1,1,1,0,0,0,-1,5,389,32
2018,360010002213,PS 48 WILLIAM WORDSWORTH,NEW YORK CITY GEOGRAPHIC DISTRICT #28,108-29 155TH ST,JAMAICA,11433,36081,40.694043,-73.796637,1,1,1,0,0,0,-1,5,563,40
2018,360010002222,PS 50 TALFOURD LAWN ELEMENTARY SCHOOL,NEW YORK CITY GEOGRAPHIC DISTRICT #28,143-26 101ST AVE,JAMAICA,11435,36081,40.695077,-73.806876,1,1,1,0,0,0,-1,5,844,54
2018,360010002236,PS 54 HILLSIDE,NEW YORK CITY GEOGRAPHIC DISTRICT #28,86-02 127TH ST,RICHMOND HILL,11418,36081,40.702666,-73.82441,1,1,1,0,0,0,0,5,524,41
2018,360010002241,PS 55 MAURE,NEW YORK CITY GEOGRAPHIC DISTRICT #28,131-10 97TH AVE,RICHMOND HILL,11418,36081,40.693919,-73.816294,1,1,1,0,1,0,-1,5,510,38
2018,360010002297,CATHERINE & COUNT BASIE MIDDLE SCHOOL 72,NEW YORK CITY GEOGRAPHIC DISTRICT #28,133-25 GUY R BREWER BLVD,JAMAICA,11434,36081,40.675025,-73.775687,2,1,1,0,0,0,6,8,342,30
2018,360010002317,PS 80 THURGOOD MARSHALL MAGNET SCHOOL OF MULTIMEDIA,NEW YORK CITY GEOGRAPHIC DISTRICT #28,171-05 137TH AVE,JAMAICA,11434,36081,40.673275,-73.768996,1,1,1,0,0,0,-1,5,472,38
2018,360010002322,PS 82 HAMMOND,NEW YORK CITY GEOGRAPHIC DISTRICT #28,88-02 144TH ST,JAMAICA,11435,36081,40.703949,-73.812193,1,1,1,0,0,0,0,5,650,44
2018,360010002333,PS 86,NEW YORK CITY GEOGRAPHIC DISTRICT #28,87-41 PARSONS BLVD,JAMAICA,11432,36081,40.709439,-73.803649,1,1,1,0,0,0,-1,5,861,54
2018,360010002376,PS 99 KEW GARDENS,NEW YORK CITY GEOGRAPHIC DISTRICT #28,82-37 KEW GARDENS RD,KEW GARDENS,11415,36081,40.711321,-73.827978,1,1,1,0,0,0,0,6,784,53
2018,360010002384,PS 101 SCHOOL IN THE GARDENS,NEW YORK CITY GEOGRAPHIC DISTRICT #28,2 RUSSELL PL,FOREST HILLS,11375,36081,40.715284,-73.843628,1,1,1,0,0,0,-1,6,669,41
2018,360010002437,PS 117 J KELD/BRIARWOOD SCHOOL,NEW YORK CITY GEOGRAPHIC DISTRICT #28,85-15 143RD ST,JAMAICA,11435,36081,40.710318,-73.81318,1,1,1,0,0,0,-1,5,973,64
2018,360010002448,PS 121,NEW YORK CITY GEOGRAPHIC DISTRICT #28,126-10 109TH AVE,SOUTH OZONE PARK,11420,36081,40.683944,-73.815444,1,1,1,0,0,0,-1,5,884,58
2018,360010002508,PS 139 REGO PARK,NEW YORK CITY GEOGRAPHIC DISTRICT #28,93-06 63RD DR,REGO PARK,11374,36081,40.728312,-73.863106,1,1,1,0,0,0,0,5,735,48
2018,360010002510,PS 140 EDWARD K ELLINGTON,NEW YORK CITY GEOGRAPHIC DISTRICT #28,116-01 166TH ST,JAMAICA,11434,36081,40.68714,-73.781073,1,1,1,0,1,0,-1,5,474,31
2018,360010002523,PS 144 COL JEROMUS REMSEN,NEW YORK CITY GEOGRAPHIC DISTRICT #28,93-02 69TH AVE,FOREST HILLS,11375,36081,40.715173,-73.852997,1,1,1,0,0,0,-1,5,904,52
2018,360010002567,JHS 157 STEPHEN A HALSEY,NEW YORK CITY GEOGRAPHIC DISTRICT #28,63-55 102ND ST,REGO PARK,11374,36081,40.732261,-73.853262,2,1,1,0,0,0,6,9,1655,95
2018,360010002574,PS 160 WALTER FRANCIS BISHOP,NEW YORK CITY GEOGRAPHIC DISTRICT #28,109-59 INWOOD ST,JAMAICA,11435,36081,40.688131,-73.800015,1,1,1,0,0,0,-1,5,615,43
2018,360010002612,PS 174 WILLIAM SIDNEY MOUNT,NEW YORK CITY GEOGRAPHIC DISTRICT #28,65-10 DIETERLE CRESCENT,REGO PARK,11374,36081,40.720754,-73.861417,1,1,1,0,0,0,-1,5,683,40
2018,360010002614,PS 175 LYNN GROSS DISCOVERY SCHOOL (THE),NEW YORK CITY GEOGRAPHIC DISTRICT #28,64-35 102ND ST,REGO PARK,11374,36081,40.730849,-73.852662,1,1,1,0,0,0,-1,5,807,47
2018,360010002653,JHS 190 RUSSELL SAGE,NEW YORK CITY GEOGRAPHIC DISTRICT #28,68-17 AUSTIN ST,FOREST HILLS,11375,36081,40.723232,-73.851745,2,1,1,0,0,0,6,8,1078,60
2018,360010002667,PS 196 GRAND CENTRAL PARKWAY,NEW YORK CITY GEOGRAPHIC DISTRICT #28,71-25 113TH ST,FOREST HILLS,11375,36081,40.722949,-73.837685,1,1,1,0,0,0,-1,5,1027,59
2018,360010002696,PS 206 HORACE HARDING SCHOOL (THE),NEW YORK CITY GEOGRAPHIC DISTRICT #28,61-02 98TH ST,REGO PARK,11374,36081,40.734104,-73.861239,1,1,1,0,0,0,-1,5,615,38
2018,360010002718,JHS 217 ROBERT A VAN WYCK,NEW YORK CITY GEOGRAPHIC DISTRICT #28,85-05 144TH ST,JAMAICA,11435,36081,40.710535,-73.812024,2,1,1,0,0,0,6,8,1667,99
2018,360010002723,PS 220 EDWARD MANDEL,NEW YORK CITY GEOGRAPHIC DISTRICT #28,62-10 108TH ST,FOREST HILLS,11375,36081,40.736504,-73.851992,1,1,1,0,0,0,-1,5,701,47
2018,360010002881,THOMAS A EDISON CAREER AND TECHNICAL EDUCATION HIGH SCHOOL,NEW YORK CITY GEOGRAPHIC DISTRICT #28,165-65 84TH AVE,JAMAICA,11432,36081,40.716161,-73.79885,3,3,1,0,0,0,9,12,2194,112
2018,360010003176,JHS 8 RICHARD S GROSSLEY,NEW YORK CITY GEOGRAPHIC DISTRICT #28,108-35 167TH ST,JAMAICA,11433,36081,40.697047,-73.786808,2,1,1,0,0,0,6,8,386,30
2018,360010004611,PS 182 SAMANTHA SMITH,NEW YORK CITY GEOGRAPHIC DISTRICT #28,153-27 88TH AVE,JAMAICA,11432,36081,40.706761,-73.803036,1,1,1,0,0,0,0,5,714,48
2018,360010004734,PS 161 ARTHUR ASHE SCHOOL,NEW YORK CITY GEOGRAPHIC DISTRICT #28,101-33 124TH ST,JAMAICA,11419,36081,40.690543,-73.821291,1,1,1,0,0,0,-1,5,637,47
2018,360010005297,QUEENS HIGH SCHOOL FOR THE SCIENCES AT YORK COLLEGE,NEW YORK CITY GEOGRAPHIC DISTRICT #28,94-50 159TH ST,JAMAICA,11451,36081,40.700975,-73.798452,3,1,1,0,0,0,9,12,475,27
2018,360010005534,HS FOR LAW ENFORCEMENT AND PUBLIC SAFETY,NEW YORK CITY GEOGRAPHIC DISTRICT #28,116-25 GUY R BREWER BLVD,JAMAICA,11434,36081,40.685758,-73.783501,3,1,1,0,0,0,9,12,465,31
2018,360010005832,YOUNG WOMENS LEADERSHIP SCHOOL-QUEENS,NEW YORK CITY GEOGRAPHIC DISTRICT #28,150-91 87TH RD,JAMAICA,11432,36081,40.708447,-73.804211,3,1,1,0,0,0,6,12,549,37
2018,360010005935,YORK EARLY COLLEGE ACADEMY,NEW YORK CITY GEOGRAPHIC DISTRICT #28,108-35 167TH ST,JAMAICA,11433,36081,40.697144,-73.786551,3,1,1,0,0,0,6,12,657,28
2018,360010006005,QUEENS COLLEGIATE - A COLLEGE BOARD SCHOOL,NEW YORK CITY GEOGRAPHIC DISTRICT #28,167-01 GOTHIC DR,JAMAICA,11432,36081,40.714398,-73.79821,3,1,1,0,0,0,6,12,666,45
2018,360010006067,ACADEMY FOR EXCELLENCE THROUGH THE ARTS (THE),NEW YORK CITY GEOGRAPHIC DISTRICT #28,108-55 69TH ST,FOREST HILLS,11375,36081,40.725678,-73.844063,1,1,1,0,0,0,-1,3,209,15
2018,360010006174,HILLSIDE ARTS & LETTERS ACADEMY,NEW YORK CITY GEOGRAPHIC DISTRICT #28,167-01 GOTHIC DR,JAMAICA,11432,36081,40.714398,-73.79821,3,1,1,0,0,0,9,12,446,32
2018,360010006182,QUEENS SATELLITE HIGH SCHOOL FOR OPPORTUNITY,NEW YORK CITY GEOGRAPHIC DISTRICT #28,162-02 HILLSIDE AVE,JAMAICA,11432,36081,40.70822,-73.79966,3,1,1,0,0,0,9,12,188,12
2018,360010006188,METROPOLITAN EXPEDITIONARY LEARNING SCHOOL,NEW YORK CITY GEOGRAPHIC DISTRICT #28,91-30 METROPOLITAN AVE,REGO PARK,11374,36081,40.708456,-73.855888,3,1,1,0,0,0,6,12,833,63
2018,360010006209,QUEENS METROPOLITAN HIGH SCHOOL,NEW YORK CITY GEOGRAPHIC DISTRICT #28,91-30 METROPOLITAN AVE,REGO PARK,11374,36081,40.708456,-73.855888,3,1,1,0,0,0,9,12,1095,66
2018,360010006213,HIGH SCHOOL FOR COMMUNITY LEADERSHIP,NEW YORK CITY GEOGRAPHIC DISTRICT #28,167-01 GOTHIC DR,JAMAICA,11432,36081,40.714398,-73.79821,3,1,1,0,0,0,9,12,461,27
2018,360010006283,JAMAICA GATEWAY TO THE SCIENCES,NEW YORK CITY GEOGRAPHIC DISTRICT #28,167-01 GOTHIC DR,JAMAICA,11432,36081,40.714398,-73.79821,3,1,1,0,0,0,9,12,492,28
2018,360010006284,JERMAINE L GREEN STEM INSTITUTE IN QUEENS (THE),NEW YORK CITY GEOGRAPHIC DISTRICT #28,126-10 BEDELL ST,JAMAICA,11434,36081,40.67997,-73.77442,1,1,1,0,0,0,-1,5,574,41
2018,360010006438,EMERSON SCHOOL (THE),NEW YORK CITY GEOGRAPHIC DISTRICT #28,108-35 167TH ST,JAMAICA,11433,36081,40.697219,-73.786493,2,1,1,0,0,0,6,8,353,30
2018,360010006518,JAMAICA CHILDRENS SCHOOL,NEW YORK CITY GEOGRAPHIC DISTRICT #28,109-20 UNION HALL ST,JAMAICA,11433,36081,40.694119,-73.790991,1,1,1,0,0,0,0,4,198,18
2018,360010006533,REDWOOD MIDDLE SCHOOL,NEW YORK CITY GEOGRAPHIC DISTRICT #28,133-25 GUY R BREWER BLVD,JAMAICA,11434,36081,40.67504,-73.775561,2,1,1,0,0,0,6,8,343,23
2018,360010006548,MS 358,NEW YORK CITY GEOGRAPHIC DISTRICT #28,88-06 164TH ST,JAMAICA,11432,36081,40.708705,-73.79842,2,1,1,0,1,0,6,8,366,26
2018,360010006564,QUEENS SCHOOL FOR LEADERSHIP AND EXCELLENCE (THE),NEW YORK CITY GEOGRAPHIC DISTRICT #28,88-06 164TH ST,JAMAICA,11432,36081,40.708705,-73.79842,1,1,1,0,1,0,-1,3,428,30
2018,360010101408,MATH/SCIENCE RESEARCH/TECH MAGNET,NEW YORK CITY GEOGRAPHIC DISTRICT #29,207-01 116TH AVE,CAMBRIA HEIGHTS,11411,36081,40.698237,-73.746168,3,1,1,0,0,0,8,12,390,22
2018,360010101413,HUMANITIES AND ARTS MAGNET HIGH SCHOOL,NEW YORK CITY GEOGRAPHIC DISTRICT #29,207-01 116TH AVE,CAMBRIA HEIGHTS,11411,36081,40.698165,-73.74621,3,1,1,0,0,0,9,12,437,26
2018,360010101997,IS 238 SUSAN B ANTHONY ACADEMY,NEW YORK CITY GEOGRAPHIC DISTRICT #29,88-15 182ND ST,HOLLIS,11423,36081,40.712867,-73.779909,2,1,1,0,0,0,6,8,1298,83
2018,360010102089,PS 15 JACKIE ROBINSON,NEW YORK CITY GEOGRAPHIC DISTRICT #29,121-15 LUCAS ST,SPRINGFIELD GARDENS,11413,36081,40.685925,-73.756953,1,1,1,0,0,0,-1,5,433,25
2018,360010102153,PS 33 EDWARD M FUNK,NEW YORK CITY GEOGRAPHIC DISTRICT #29,91-37 222ND ST,QUEENS VILLAGE,11428,36081,40.727207,-73.7347,1,1,1,0,0,0,0,5,946,58
2018,360010102158,PS 34 JOHN HARVARD,NEW YORK CITY GEOGRAPHIC DISTRICT #29,104-12 SPRINGFIELD BLVD,QUEENS VILLAGE,11428,36081,40.711038,-73.737824,1,1,1,0,0,0,-1,5,589,37
2018,360010102162,PS 35 NATHANIEL WOODHULL,NEW YORK CITY GEOGRAPHIC DISTRICT #29,191-02 90TH AVE,HOLLIS,11423,36081,40.7137,-73.769074,1,1,1,0,0,0,-1,5,670,39
2018,360010102166,PS 36 SAINT ALBANS SCHOOL,NEW YORK CITY GEOGRAPHIC DISTRICT #29,187-01 FOCH BLVD,SAINT ALBANS,11412,36081,40.691225,-73.763833,1,1,1,0,0,0,0,5,402,28
2018,360010102169,CYNTHIA JENKINS SCHOOL,NEW YORK CITY GEOGRAPHIC DISTRICT #29,179-37 137TH AVE,JAMAICA,11434,36081,40.676327,-73.758475,1,1,1,0,0,0,-1,5,420,29
2018,360010102172,PS 38 ROSEDALE,NEW YORK CITY GEOGRAPHIC DISTRICT #29,135-21 241ST ST,ROSEDALE,11422,36081,40.671369,-73.733898,1,1,1,0,0,0,0,5,281,20
2018,360010102227,PS 52,NEW YORK CITY GEOGRAPHIC DISTRICT #29,178-37 146TH TERRACE,JAMAICA,11434,36081,40.661353,-73.766958,1,1,1,0,1,0,-1,5,418,30
2018,360010102254,IS 59 SPRINGFIELD GARDENS,NEW YORK CITY GEOGRAPHIC DISTRICT #29,132-55 RIDGEDALE ST,SPRINGFIELD GARDENS,11413,36081,40.681772,-73.753086,2,1,1,0,0,0,6,8,603,38
2018,360010102362,PS 95 EASTWOOD,NEW YORK CITY GEOGRAPHIC DISTRICT #29,179-01 90TH AVE,JAMAICA,11432,36081,40.710975,-73.783233,1,1,1,0,0,0,0,5,1446,86
2018,360010102409,JEAN NUZZI INTERMEDIATE SCHOOL,NEW YORK CITY GEOGRAPHIC DISTRICT #29,213-10 92ND AVE,QUEENS VILLAGE,11428,36081,40.720583,-73.746726,2,1,1,0,0,0,6,8,1164,73
2018,360010102432,PS/IS 116 WILLIAM C HUGHLEY,NEW YORK CITY GEOGRAPHIC DISTRICT #29,107-25 WREN PL,JAMAICA,11433,36081,40.700649,-73.781649,1,1,1,0,0,0,-1,8,781,57
2018,360010102438,PS 118 LORRAINE HANSBERRY,NEW YORK CITY GEOGRAPHIC DISTRICT #29,190-20 109TH RD,HOLLIS,11412,36081,40.70326,-73.765589,1,1,1,0,0,0,-1,5,453,30
2018,360010102483,PS 131 ABIGAIL ADAMS,NEW YORK CITY GEOGRAPHIC DISTRICT #29,170-45 84TH AVE,JAMAICA,11432,36081,40.717039,-73.79413,1,1,1,0,0,0,0,5,745,43
2018,360010102484,PS 132 RALPH BUNCHE,NEW YORK CITY GEOGRAPHIC DISTRICT #29,132-15 218TH ST,SPRINGFIELD GARDENS,11413,36081,40.682063,-73.749612,1,1,1,0,0,0,-1,5,368,27
2018,360010102493,PS 134 HOLLIS,NEW YORK CITY GEOGRAPHIC DISTRICT #29,203-02 109TH AVE,HOLLIS,11423,36081,40.707834,-73.754832,1,1,1,0,0,0,-1,5,340,29
2018,360010102494,BELLAIRE SCHOOL (THE),NEW YORK CITY GEOGRAPHIC DISTRICT #29,207-11 89TH AVE,QUEENS VILLAGE,11427,36081,40.720611,-73.757326,1,1,1,0,0,0,-1,5,926,61
2018,360010102497,PS 136 ROY WILKINS,NEW YORK CITY GEOGRAPHIC DISTRICT #29,201-15 115TH AVE,SAINT ALBANS,11412,36081,40.698574,-73.752488,1,1,1,0,0,0,-1,5,586,38
2018,360010102506,PS/MS 138 SUNRISE,NEW YORK CITY GEOGRAPHIC DISTRICT #29,251-11 WELLER AVE,ROSEDALE,11422,36081,40.65973,-73.734733,1,1,1,0,0,0,-1,8,727,49
2018,360010102532,PS/MS 147 RONALD MCNAIR,NEW YORK CITY GEOGRAPHIC DISTRICT #29,218-01 116TH AVE,CAMBRIA HEIGHTS,11411,36081,40.697467,-73.74049,1,1,1,0,0,0,-1,8,551,42
2018,360010102563,PS 156 LAURELTON,NEW YORK CITY GEOGRAPHIC DISTRICT #29,229-02 137TH AVE,SPRINGFIELD GARDENS,11413,36081,40.67266,-73.743053,1,1,1,0,0,0,-1,5,234,14
2018,360010102617,PS 176 CAMBRIA HEIGHTS,NEW YORK CITY GEOGRAPHIC DISTRICT #29,120-45 235TH ST,CAMBRIA HEIGHTS,11411,36081,40.684964,-73.729792,1,1,1,0,0,0,-1,5,757,42
2018,360010102630,PS 181 BROOKFIELD,NEW YORK CITY GEOGRAPHIC DISTRICT #29,148-15 230TH ST,SPRINGFIELD GARDENS,11413,36081,40.655866,-73.752916,1,1,1,0,0,0,-1,5,323,31
2018,360010102659,IS 192 LINDEN (THE),NEW YORK CITY GEOGRAPHIC DISTRICT #29,109-89 204TH ST,SAINT ALBANS,11412,36081,40.705623,-73.75291,2,1,1,0,0,0,6,8,492,31
2018,360010102666,PS 195 WILLIAM HABERLE,NEW YORK CITY GEOGRAPHIC DISTRICT #29,253-50 149TH AVE,ROSEDALE,11422,36081,40.652745,-73.735186,1,1,1,0,1,0,-1,5,530,35
2018,360010102765,PS 251,NEW YORK CITY GEOGRAPHIC DISTRICT #29,144-51 ARTHUR ST,SPRINGFIELD GARDENS,11413,36081,40.665291,-73.759398,1,1,1,0,0,0,-1,5,346,27
2018,360010105544,PS/IS 208,NEW YORK CITY GEOGRAPHIC DISTRICT #29,74-30 COMMONWLTH BLVD,BELLEROSE,11426,36081,40.744294,-73.727369,1,1,1,0,0,0,0,8,712,46
2018,360010105545,PS/IS 268,NEW YORK CITY GEOGRAPHIC DISTRICT #29,92-07 175TH ST,JAMAICA,11433,36081,40.707625,-73.785192,1,1,1,0,0,0,0,8,627,44
2018,360010105546,GORDON PARKS SCHOOL (THE),NEW YORK CITY GEOGRAPHIC DISTRICT #29,233-15 MERRICK BLVD,ROSEDALE,11422,36081,40.67508,-73.73664,1,1,1,0,0,0,-1,8,744,47
2018,360010105733,EXCELSIOR PREPARATORTY HIGH SCHOOL,NEW YORK CITY GEOGRAPHIC DISTRICT #29,143-10 SPRINGFIELD BLVD,SPRINGFIELD GARDENS,11413,36081,40.668441,-73.75775,3,1,1,0,0,0,9,12,427,28
2018,360010105734,GEORGE WASHINGTON CARVER HIGH SCHOOL FOR THE SCIENCES,NEW YORK CITY GEOGRAPHIC DISTRICT #29,143-10 SPRINGFIELD BLVD,SPRINGFIELD GARDENS,11413,36081,40.668393,-73.757765,3,1,1,0,0,0,9,12,413,26
2018,360010105833,QUEENS PREPARATORY ACADEMY,NEW YORK CITY GEOGRAPHIC DISTRICT #29,143-10 SPRINGFIELD BLVD,SPRINGFIELD GARDENS,11413,36081,40.668438,-73.757786,3,1,1,0,0,0,9,12,391,23
2018,360010105834,PATHWAYS COLLEGE PREPARATORY SCHOOL:  A COLLEGE BOARD SCHOOL,NEW YORK CITY GEOGRAPHIC DISTRICT #29,109-89 204TH ST,SAINT ALBANS,11412,36081,40.70562,-73.752898,3,1,1,0,0,0,6,12,587,36
2018,360010105875,PREPARATORY ACADEMY FOR WRITERS:  A COLLEGE BOARD SCHOOL,NEW YORK CITY GEOGRAPHIC DISTRICT #29,143-10 SPRINGFIELD BLVD,SPRINGFIELD GARDENS,11413,36081,40.668433,-73.757814,3,1,1,0,0,0,6,12,575,32
2018,360010105925,PS/IS 295,NEW YORK CITY GEOGRAPHIC DISTRICT #29,222-14 JAMAICA AVE,QUEENS VILLAGE,11428,36081,40.720784,-73.731493,1,1,1,0,0,0,-1,8,491,39
2018,360010106190,EAGLE ACADEMY FOR YOUNG MEN III,NEW YORK CITY GEOGRAPHIC DISTRICT #29,171-10 LINDEN BLVD,JAMAICA,11434,36081,40.691535,-73.778507,3,1,1,0,0,0,6,12,494,34
2018,360010106220,CAMBRIA HEIGHTS ACADEMY,NEW YORK CITY GEOGRAPHIC DISTRICT #29,188-04 91ST AVE,HOLLIS,11423,36081,40.711627,-73.770964,3,1,1,0,0,0,9,12,370,28
2018,360010106285,COLLABORATIVE ARTS MIDDLE SCHOOL,NEW YORK CITY GEOGRAPHIC DISTRICT #29,145-00 SPRINGFIELD BLVD,SPRINGFIELD GARDENS,11413,36081,40.664693,-73.759349,2,1,1,0,0,0,6,8,327,24
2018,360010106286,COMMUNITY VOICES MIDDLE SCHOOL,NEW YORK CITY GEOGRAPHIC DISTRICT #29,145-00 SPRINGFIELD BLVD,SPRINGFIELD GARDENS,11413,36081,40.664999,-73.759096,2,1,1,0,0,0,6,8,342,25
2018,360010106439,QUEENS UNITED MIDDLE SCHOOL,NEW YORK CITY GEOGRAPHIC DISTRICT #29,229-02 137TH AVE,SPRINGFIELD GARDENS,11413,36081,40.672541,-73.743378,2,1,1,0,0,0,6,8,167,14
2018,360010106440,INSTITUTE FOR HEALTH PROFESSIONS AT CAMBRIA HEIGHTS,NEW YORK CITY GEOGRAPHIC DISTRICT #29,207-01 116TH AVE,CAMBRIA HEIGHTS,11411,36081,40.698449,-73.746143,3,3,1,0,0,0,9,12,403,31
2018,360010106508,BENJAMIN FRANKLIN HS-FINANCE-INFO,NEW YORK CITY GEOGRAPHIC DISTRICT #29,207-01 116TH AVE,CAMBRIA HEIGHTS,11411,36081,40.698687,-73.74626,3,3,1,0,0,0,9,12,395,28
2018,360010106550,PS 360,NEW YORK CITY GEOGRAPHIC DISTRICT #29,199-10 112TH AVE,SAINT ALBANS,11412,36081,40.702403,-73.756305,1,1,1,0,0,0,-1,3,208,13
2018,360010201821,NEWCOMERS HIGH SCHOOL,NEW YORK CITY GEOGRAPHIC DISTRICT #30,28-01 41ST AVE,LONG ISLAND CITY,11101,36081,40.751468,-73.936991,3,1,1,0,0,0,9,12,824,53
2018,360010202022,LONG ISLAND CITY HIGH SCHOOL,NEW YORK CITY GEOGRAPHIC DISTRICT #30,14-30 BROADWAY,LONG ISLAND CITY,11106,36081,40.765636,-73.933143,3,1,1,0,0,0,9,12,2263,152
2018,360010202045,PS 2 ALFRED ZIMBERG,NEW YORK CITY GEOGRAPHIC DISTRICT #30,75-10 21ST AVE,EAST ELMHURST,11370,36081,40.770117,-73.894223,1,1,1,0,0,0,0,5,566,37
2018,360010202071,IS 10 HORACE GREELEY,NEW YORK CITY GEOGRAPHIC DISTRICT #30,45-11 31ST AVE,LONG ISLAND CITY,11103,36081,40.759484,-73.912469,2,1,1,0,0,0,6,8,798,49
2018,360010202077,PS 11 KATHRYN PHELAN,NEW YORK CITY GEOGRAPHIC DISTRICT #30,54-25 SKILLMAN AVE,WOODSIDE,11377,36081,40.745596,-73.909206,1,1,1,0,0,0,0,6,966,73
2018,360010202093,PS 17 HENRY DAVID THOREAU,NEW YORK CITY GEOGRAPHIC DISTRICT #30,28-37 29TH ST,LONG ISLAND CITY,11102,36081,40.768234,-73.922895,1,1,1,0,0,0,-1,5,584,46
2018,360010202287,PS 69 JACKSON HEIGHTS,NEW YORK CITY GEOGRAPHIC DISTRICT #30,77-02 37TH AVE,JACKSON HEIGHTS,11372,36081,40.749047,-73.888478,1,1,1,0,0,0,-1,5,1015,57
2018,360010202289,PS 70,NEW YORK CITY GEOGRAPHIC DISTRICT #30,30-45 42ND ST,LONG ISLAND CITY,11103,36081,40.761856,-73.914088,1,1,1,0,0,0,-1,5,853,58
2018,360010202309,PS 76 WILLIAM HALLET,NEW YORK CITY GEOGRAPHIC DISTRICT #30,36-36 10TH ST,LONG ISLAND CITY,11106,36081,40.760762,-73.941468,1,1,1,0,0,0,-1,5,442,51
2018,360010202328,PS 84 STEINWAY,NEW YORK CITY GEOGRAPHIC DISTRICT #30,22-45 41ST ST,ASTORIA,11105,36081,40.771206,-73.906064,1,1,1,0,0,0,-1,5,289,22
2018,360010202330,PS 85 JUDGE CHARLES VALLONE,NEW YORK CITY GEOGRAPHIC DISTRICT #30,23-70 31ST ST,LONG ISLAND CITY,11105,36081,40.773034,-73.914947,1,1,1,0,0,0,-1,5,637,38
2018,360010202352,PS 92 HARRY T STEWART SR,NEW YORK CITY GEOGRAPHIC DISTRICT #30,99-01 34TH AVE,CORONA,11368,36081,40.75602,-73.868807,1,1,1,0,1,0,-1,5,899,68
2018,360010202416,PS 111 JACOB BLACKWELL,NEW YORK CITY GEOGRAPHIC DISTRICT #30,37-15 13TH ST,LONG ISLAND CITY,11101,36081,40.75861,-73.93926,1,1,1,0,0,0,-1,8,334,30
2018,360010202420,PS 112 DUTCH KILLS,NEW YORK CITY GEOGRAPHIC DISTRICT #30,25-05 37TH AVE,LONG ISLAND CITY,11101,36081,40.757275,-73.934015,1,1,1,0,0,0,-1,5,455,33
2018,360010202451,PS 122 MAMIE FAY,NEW YORK CITY GEOGRAPHIC DISTRICT #30,21-21 DITMARS BLVD,ASTORIA,11105,36081,40.780315,-73.916079,1,1,1,0,0,0,-1,8,1362,75
2018,360010202466,ALBERT SHANKER SCHOOL FOR VISUAL AND PERFORMING ARTS,NEW YORK CITY GEOGRAPHIC DISTRICT #30,31-51 21ST ST,LONG ISLAND CITY,11106,36081,40.766173,-73.930267,2,1,1,0,0,0,6,8,688,47
2018,360010202470,PS 127 AEROSPACE SCIENCE MAGNET SCHOOL,NEW YORK CITY GEOGRAPHIC DISTRICT #30,98-01 25TH AVE,EAST ELMHURST,11369,36081,40.764928,-73.871374,1,1,1,0,0,0,-1,8,1264,89
2018,360010202514,IS 141 STEINWAY (THE),NEW YORK CITY GEOGRAPHIC DISTRICT #30,37-11 21ST AVE,LONG ISLAND CITY,11105,36081,40.775566,-73.904641,2,1,1,0,0,0,6,8,1182,66
2018,360010202527,IS 145 JOSEPH PULITZER,NEW YORK CITY GEOGRAPHIC DISTRICT #30,33-34 80TH ST,JACKSON HEIGHTS,11372,36081,40.754077,-73.88746,2,1,1,0,1,0,6,8,1713,110
2018,360010202534,PS 148,NEW YORK CITY GEOGRAPHIC DISTRICT #30,89-02 32ND AVE,EAST ELMHURST,11369,36081,40.757883,-73.878885,1,1,1,0,0,0,-1,5,803,63
2018,360010202535,ACADEMY FOR NEW AMERICANS,NEW YORK CITY GEOGRAPHIC DISTRICT #30,30-14 30TH ST,ASTORIA,11102,36081,40.766991,-73.923126,2,1,1,0,0,0,6,8,109,10
2018,360010202536,PS 149 CHRISTA MCAULIFFE,NEW YORK CITY GEOGRAPHIC DISTRICT #30,93-11 34TH AVE,JACKSON HEIGHTS,11372,36081,40.755178,-73.874413,1,1,1,0,0,0,0,5,971,75
2018,360010202544,PS 151 MARY D CARTER,NEW YORK CITY GEOGRAPHIC DISTRICT #30,50-05 31ST AVE,WOODSIDE,11377,36081,40.757692,-73.908409,1,1,1,0,0,0,-1,5,362,36
2018,360010202548,PS 152 GWENDOLINE N ALLEYNE SCHOOL,NEW YORK CITY GEOGRAPHIC DISTRICT #30,33-52 62ND ST,WOODSIDE,11377,36081,40.752982,-73.900346,1,1,1,0,0,0,-1,5,1017,72
2018,360010202562,ACADEMY OF AMERICAN STUDIES,NEW YORK CITY GEOGRAPHIC DISTRICT #30,28-04 41ST AVE,LONG ISLAND CITY,11101,36081,40.751486,-73.936986,3,1,1,0,0,0,9,12,1002,47
2018,360010202594,PS 166 HENRY GRADSTEIN,NEW YORK CITY GEOGRAPHIC DISTRICT #30,33-09 35TH AVE,LONG ISLAND CITY,11106,36081,40.75741,-73.926332,1,1,1,0,0,0,-1,5,998,62
2018,360010202606,PS 171 PETER G VAN ALST,NEW YORK CITY GEOGRAPHIC DISTRICT #30,14-14 29TH AVE,LONG ISLAND CITY,11102,36081,40.771015,-73.929034,1,1,1,0,0,0,-1,5,466,39
2018,360010202688,IS 204 OLIVER W HOLMES,NEW YORK CITY GEOGRAPHIC DISTRICT #30,36-41 28TH ST,LONG ISLAND CITY,11106,36081,40.756722,-73.932695,2,1,1,0,0,0,6,8,460,40
2018,360010202887,WILLIAM CULLEN BRYANT HIGH SCHOOL,NEW YORK CITY GEOGRAPHIC DISTRICT #30,48-10 31ST AVE,LONG ISLAND CITY,11103,36081,40.757841,-73.910672,3,1,1,0,0,0,9,12,2339,146
2018,360010203123,PS/IS 78,NEW YORK CITY GEOGRAPHIC DISTRICT #30,48-09 CENTER BLVD,LONG ISLAND CITY,11109,36081,40.7442,-73.956475,1,1,1,0,0,0,-1,8,739,52
2018,360010203146,IS 227 LOUIS ARMSTRONG,NEW YORK CITY GEOGRAPHIC DISTRICT #30,32-02 JUNCTION BLVD,EAST ELMHURST,11369,36081,40.757911,-73.874628,2,1,1,0,0,0,5,8,1588,94
2018,360010204785,PS 212,NEW YORK CITY GEOGRAPHIC DISTRICT #30,34-25 82ND ST,JACKSON HEIGHTS,11372,36081,40.753074,-73.884729,1,1,1,0,0,0,-1,5,796,50
2018,360010204802,IS 230,NEW YORK CITY GEOGRAPHIC DISTRICT #30,73-10 34TH AVE,JACKSON HEIGHTS,11372,36081,40.752646,-73.892898,2,1,1,0,0,0,6,8,1258,83
2018,360010204893,IVAN LAFAYETTE EARLY CHILDHOOD SCHOOL OF THE ARTS (THE),NEW YORK CITY GEOGRAPHIC DISTRICT #30,32-63 93RD ST,EAST ELMHURST,11369,36081,40.75692,-73.8749,1,1,1,0,0,0,-1,2,306,27
2018,360010204894,FRANK SINATRA SCHOOL OF THE ARTS HIGH SCHOOL,NEW YORK CITY GEOGRAPHIC DISTRICT #30,35-12 35TH AVE,LONG ISLAND CITY,11106,36081,40.756148,-73.925093,3,1,1,0,0,0,9,12,856,54
2018,360010205287,PS 150,NEW YORK CITY GEOGRAPHIC DISTRICT #30,40-01 43RD AVE,LONG ISLAND CITY,11104,36081,40.74586,-73.923381,1,1,1,0,0,0,-1,6,1033,68
2018,360010205288,PS 222-FIRE FIGHTER CHRISTOPHER A SANTORA SCHOOL,NEW YORK CITY GEOGRAPHIC DISTRICT #30,86-15 37TH AVE,JACKSON HEIGHTS,11372,36081,40.7504,-73.879971,1,1,1,0,0,0,-1,2,281,19
2018,360010205511,INFORMATION TECHNOLOGY HIGH SCHOOL,NEW YORK CITY GEOGRAPHIC DISTRICT #30,21-16 44TH RD,LONG ISLAND CITY,11101,36081,40.748534,-73.946689,3,1,1,0,0,0,9,12,1005,60
2018,360010205553,PS 234,NEW YORK CITY GEOGRAPHIC DISTRICT #30,30-15 29TH ST,ASTORIA,11102,36081,40.766991,-73.92313,1,1,1,0,0,0,-1,5,485,35
2018,360010205735,BACCALAUREATE SCHOOL FOR GLOBAL EDUCATION,NEW YORK CITY GEOGRAPHIC DISTRICT #30,34-12 36TH AVE,LONG ISLAND CITY,11106,36081,40.755036,-73.926956,3,1,1,0,0,0,7,12,536,29
2018,360010205948,YOUNG WOMENS LEADERSHIP SCHOOL - ASTORIA,NEW YORK CITY GEOGRAPHIC DISTRICT #30,23-15 NEWTOWN AVE,LONG ISLAND CITY,11105,36081,40.771307,-73.924286,3,1,1,0,0,0,6,12,580,41
2018,360010206070,ACADEMY FOR CAREERS IN TELEVISION AND FILM,NEW YORK CITY GEOGRAPHIC DISTRICT #30,1-50 51ST AVE,LONG ISLAND CITY,11101,36081,40.742723,-73.959366,3,3,1,0,0,0,9,12,563,38
2018,360010206186,PS 280,NEW YORK CITY GEOGRAPHIC DISTRICT #30,34-20 94TH ST,JACKSON HEIGHTS,11372,36081,40.753312,-73.87383,1,1,1,0,0,0,0,5,624,41
2018,360010206441,HUNTERS POINT COMMUNITY MIDDLE SCHOOL,NEW YORK CITY GEOGRAPHIC DISTRICT #30,1-50 51ST AVE,LONG ISLAND CITY,11101,36081,40.742723,-73.959366,2,1,1,0,0,0,6,8,428,38
2018,360010206442,EAST ELMHURST COMMUNITY SCHOOL,NEW YORK CITY GEOGRAPHIC DISTRICT #30,26-25 97TH ST,EAST ELMHURST,11369,36081,40.761663,-73.871987,1,1,1,0,0,0,0,5,457,32
2018,360010206443,ENERGY TECH HIGH SCHOOL,NEW YORK CITY GEOGRAPHIC DISTRICT #30,36-41 28TH ST,LONG ISLAND CITY,11106,36081,40.756722,-73.932695,3,3,1,0,0,0,9,12,534,36
2018,360010206477,30TH AVENUE SCHOOL (THE) (G & T CITYWIDE),NEW YORK CITY GEOGRAPHIC DISTRICT #30,28-37 29TH ST,ASTORIA,11102,36081,40.768234,-73.922895,1,1,1,0,0,0,0,8,512,30
2018,360010206554,WOODSIDE COMMUNITY SCHOOL (THE),NEW YORK CITY GEOGRAPHIC DISTRICT #30,39-07 57TH ST WOODSIDE,FLUSHING,11377,36081,40.747892,-73.90613,1,1,1,0,0,0,-1,3,345,23
2018,360010206660,PS 384,NEW YORK CITY GEOGRAPHIC DISTRICT #30,27-35 JACKSON AVE,LONG ISLAND CITY,11101,36081,40.74816,-73.940311,1,1,3,0,0,0,0,0,35,5
2018,360010300962,CONCORD HIGH SCHOOL,NEW YORK CITY GEOGRAPHIC DISTRICT #31,109 RHINE AVE,STATEN ISLAND,10304,36085,40.610867,-74.086901,3,1,1,0,0,0,9,12,157,13
2018,360010301827,MICHAEL J PETRIDES SCHOOL (THE),NEW YORK CITY GEOGRAPHIC DISTRICT #31,715 OCEAN TERR,STATEN ISLAND,10301,36085,40.609046,-74.104347,4,1,1,0,0,0,-1,12,1324,80
2018,360010301939,CURTIS HIGH SCHOOL,NEW YORK CITY GEOGRAPHIC DISTRICT #31,105 HAMILTON AVE,STATEN ISLAND,10301,36085,40.645317,-74.08163,3,1,1,0,0,0,9,12,2589,154
2018,360010301966,IS 7 ELIAS BERNSTEIN,NEW YORK CITY GEOGRAPHIC DISTRICT #31,1270 HUGUENOT AVE,STATEN ISLAND,10312,36085,40.523329,-74.186282,2,1,1,0,0,0,6,8,1165,75
2018,360010301970,IS 34 TOTTENVILLE,NEW YORK CITY GEOGRAPHIC DISTRICT #31,528 ACADEMY AVE,STATEN ISLAND,10307,36085,40.5076,-74.24336,2,1,1,0,0,0,6,8,1063,76
2018,360010301973,IS 61 WILLIAM A MORRIS,NEW YORK CITY GEOGRAPHIC DISTRICT #31,445 CASTLETON AVE,STATEN ISLAND,10301,36085,40.634488,-74.097587,2,1,1,0,0,0,6,8,959,72
2018,360010301974,IS 72 ROCCO LAURIE,NEW YORK CITY GEOGRAPHIC DISTRICT #31,33 FERNDALE AVE,STATEN ISLAND,10314,36085,40.592551,-74.158683,2,1,1,0,0,0,6,8,1444,103
2018,360010302035,NEW DORP HIGH SCHOOL,NEW YORK CITY GEOGRAPHIC DISTRICT #31,465 NEW DORP LN,STATEN ISLAND,10306,36085,40.570002,-74.107177,3,1,1,0,0,0,9,12,3052,186
2018,360010302044,PS 1 TOTTENVILLE,NEW YORK CITY GEOGRAPHIC DISTRICT #31,58 SUMMIT ST,STATEN ISLAND,10307,36085,40.508817,-74.243994,1,1,1,0,0,0,-1,5,445,38
2018,360010302046,IS 2 GEORGE L EGBERT,NEW YORK CITY GEOGRAPHIC DISTRICT #31,333 MIDLAND AVE,STATEN ISLAND,10306,36085,40.577324,-74.100497,2,1,1,0,0,0,6,8,1059,70
2018,360010302051,PS 3 MARGARET GIOIOSA SCHOOL (THE),NEW YORK CITY GEOGRAPHIC DISTRICT #31,80 S GOFF AVE,STATEN ISLAND,10309,36085,40.520592,-74.21162,1,1,1,0,0,0,-1,5,742,49
2018,360010302052,PS 4 MAURICE WOLLIN,NEW YORK CITY GEOGRAPHIC DISTRICT #31,200 NEDRA LANE,STATEN ISLAND,10312,36085,40.551981,-74.195515,1,1,1,0,0,0,-1,5,676,79
2018,360010302055,PS 5 HUGUENOT,NEW YORK CITY GEOGRAPHIC DISTRICT #31,348 DEISIUS ST,STATEN ISLAND,10312,36085,40.529861,-74.18764,1,1,1,0,0,0,0,5,313,23
2018,360010302057,IS 51 EDWIN MARKHAM,NEW YORK CITY GEOGRAPHIC DISTRICT #31,20 HOUSTON ST,STATEN ISLAND,10302,36085,40.623083,-74.144622,2,1,1,0,0,0,6,8,1335,96
2018,360010302062,PS 8 SHIRLEE SOLOMON,NEW YORK CITY GEOGRAPHIC DISTRICT #31,112 LINDENWOOD RD,STATEN ISLAND,10308,36085,40.547595,-74.152374,1,1,1,0,0,0,-1,5,594,35
2018,360010302075,PS 11 THOMAS DONGAN SCHOOL,NEW YORK CITY GEOGRAPHIC DISTRICT #31,50 JEFFERSON ST,STATEN ISLAND,10304,36085,40.590764,-74.097923,1,1,1,0,0,0,-1,5,306,26
2018,360010302082,PS 13 M L LINDEMEYER,NEW YORK CITY GEOGRAPHIC DISTRICT #31,191 VERMONT AVE,STATEN ISLAND,10305,36085,40.613056,-74.069318,1,1,1,0,0,0,-1,5,864,61
2018,360010302090,PS 16 JOHN J DRISCOLL,NEW YORK CITY GEOGRAPHIC DISTRICT #31,80 MONROE AVE,STATEN ISLAND,10301,36085,40.639656,-74.079409,1,1,1,0,0,0,-1,5,484,38
2018,360010302097,PS 18 JOHN G WHITTIER,NEW YORK CITY GEOGRAPHIC DISTRICT #31,221 BROADWAY,STATEN ISLAND,10310,36085,40.636551,-74.117176,1,1,1,0,0,0,-1,5,488,42
2018,360010302102,PS 19 CURTIS SCHOOL (THE),NEW YORK CITY GEOGRAPHIC DISTRICT #31,780 POST AVE,STATEN ISLAND,10310,36085,40.630712,-74.126736,1,1,1,0,0,0,-1,5,542,41
2018,360010302107,PS 20 PORT RICHMOND,NEW YORK CITY GEOGRAPHIC DISTRICT #31,161 PARK AVE,STATEN ISLAND,10302,36085,40.636734,-74.132529,1,1,1,0,0,0,0,5,448,44
2018,360010302110,PS 21 MARGARET EMERY-ELM PARK,NEW YORK CITY GEOGRAPHIC DISTRICT #31,168 HOOKER PL,STATEN ISLAND,10302,36085,40.631186,-74.14473,1,1,1,0,0,0,0,5,346,32
2018,360010302113,PS 22 GRANITEVILLE,NEW YORK CITY GEOGRAPHIC DISTRICT #31,1860 FOREST AVE,STATEN ISLAND,10303,36085,40.62507,-74.151034,1,1,1,0,0,0,-1,5,930,73
2018,360010302118,PS 23 RICHMONDTOWN,NEW YORK CITY GEOGRAPHIC DISTRICT #31,30 NATICK ST,STATEN ISLAND,10306,36085,40.570797,-74.132604,1,1,1,0,0,0,-1,5,544,43
2018,360010302120,IS 24 MYRA S BARNES,NEW YORK CITY GEOGRAPHIC DISTRICT #31,225 CLEVELAND AVE,STATEN ISLAND,10308,36085,40.545748,-74.145442,2,1,1,0,0,0,6,8,1314,104
2018,360010302127,PS 26 CARTERET SCHOOL (THE),NEW YORK CITY GEOGRAPHIC DISTRICT #31,4108 VICTORY BLVD,STATEN ISLAND,10314,36085,40.591615,-74.190163,1,1,1,0,0,0,-1,5,295,23
2018,360010302130,IS 27 ANNING S PRALL,NEW YORK CITY GEOGRAPHIC DISTRICT #31,11 CLOVE LAKE PL,STATEN ISLAND,10310,36085,40.628188,-74.117771,2,1,1,0,0,0,6,8,1045,66
2018,360010302137,PS 29 BARDWELL,NEW YORK CITY GEOGRAPHIC DISTRICT #31,1581 VICTORY BLVD,STATEN ISLAND,10314,36085,40.61341,-74.115836,1,1,1,0,0,0,-1,5,603,38
2018,360010302142,PS 30 WESTERLEIGH,NEW YORK CITY GEOGRAPHIC DISTRICT #31,200 WARDWELL AVE,STATEN ISLAND,10314,36085,40.618362,-74.132948,1,1,1,0,0,0,-1,5,824,55
2018,360010302146,PS 31 WILLIAM T DAVIS,NEW YORK CITY GEOGRAPHIC DISTRICT #31,55 LAYTON AVE,STATEN ISLAND,10301,36085,40.64186,-74.085424,1,1,1,0,0,0,-1,5,379,37
2018,360010302149,PS 32 GIFFORD SCHOOL (THE),NEW YORK CITY GEOGRAPHIC DISTRICT #31,32 ELVERTON AVE,STATEN ISLAND,10308,36085,40.558432,-74.154949,1,1,1,0,0,0,-1,5,677,42
2018,360010302159,PS 35 CLOVE VALLEY SCHOOL (THE),NEW YORK CITY GEOGRAPHIC DISTRICT #31,60 FOOTE AVE,STATEN ISLAND,10301,36085,40.613391,-74.099519,1,1,1,0,0,0,0,5,410,27
2018,360010302165,PS 36 J C DRUMGOOLE,NEW YORK CITY GEOGRAPHIC DISTRICT #31,255 IONIA AVE,STATEN ISLAND,10312,36085,40.543135,-74.182691,1,1,1,0,0,0,-1,5,870,58
2018,360010302171,PS 38 GEORGE CROMWELL,NEW YORK CITY GEOGRAPHIC DISTRICT #31,421 LINCOLN AVE,STATEN ISLAND,10306,36085,40.574765,-74.099284,1,1,1,0,0,0,-1,5,362,29
2018,360010302174,PS 39 FRANCIS J MURPHY JR,NEW YORK CITY GEOGRAPHIC DISTRICT #31,71 SAND LN,STATEN ISLAND,10305,36085,40.597844,-74.070076,1,1,1,0,0,0,0,5,513,38
2018,360010302186,STEPHANIE A VIERNO SCHOOL (THE),NEW YORK CITY GEOGRAPHIC DISTRICT #31,216 CLAWSON ST,STATEN ISLAND,10306,36085,40.57373,-74.108926,1,1,1,0,0,0,-1,5,697,50
2018,360010302189,PS 42 ELTINGVILLE,NEW YORK CITY GEOGRAPHIC DISTRICT #31,380 GENESEE AVE,STATEN ISLAND,10312,36085,40.552238,-74.169639,1,1,1,0,0,0,-1,5,1055,73
2018,360010302196,PS 44 THOMAS C BROWN,NEW YORK CITY GEOGRAPHIC DISTRICT #31,80 MAPLE PKWY,STATEN ISLAND,10303,36085,40.631434,-74.156923,1,1,1,0,0,0,-1,5,773,62
2018,360010302201,PS 45 JOHN TYLER,NEW YORK CITY GEOGRAPHIC DISTRICT #31,58 LAWRENCE AVE,STATEN ISLAND,10310,36085,40.628541,-74.107386,1,1,1,0,0,0,-1,5,862,59
2018,360010302206,PS 46 ALBERT V MANISCALCO,NEW YORK CITY GEOGRAPHIC DISTRICT #31,41 REID AVE,STATEN ISLAND,10305,36085,40.594077,-74.080571,1,1,1,0,0,0,-1,5,247,26
2018,360010302214,PS 48 WILLIAM G WILCOX,NEW YORK CITY GEOGRAPHIC DISTRICT #31,1050 TARGEE ST,STATEN ISLAND,10304,36085,40.602756,-74.090989,1,1,1,0,0,0,-1,8,1001,62
2018,360010302216,IS 49 BERTA A DREYFUS,NEW YORK CITY GEOGRAPHIC DISTRICT #31,101 WARREN ST,STATEN ISLAND,10304,36085,40.62023,-74.080913,2,1,1,0,0,0,6,8,541,50
2018,360010302220,PS 50 FRANK HANKINSON,NEW YORK CITY GEOGRAPHIC DISTRICT #31,200 ADELAIDE AVE,STATEN ISLAND,10306,36085,40.561674,-74.125076,1,1,1,0,0,0,-1,5,725,45
2018,360010302229,PS 52 JOHN C THOMPSON,NEW YORK CITY GEOGRAPHIC DISTRICT #31,450 BUEL AVE,STATEN ISLAND,10305,36085,40.582354,-74.088263,1,1,1,0,0,0,-1,5,583,44
2018,360010302233,BARBARA ESSELBORN SCHOOL (THE),NEW YORK CITY GEOGRAPHIC DISTRICT #31,330 DURANT AVE,STATEN ISLAND,10308,36085,40.552263,-74.137008,1,1,1,0,0,0,-1,5,841,52
2018,360010302234,PS 54 CHARLES W LENG,NEW YORK CITY GEOGRAPHIC DISTRICT #31,1060 WILLOWBROOK RD,STATEN ISLAND,10314,36085,40.602936,-74.13773,1,1,1,0,0,0,-1,5,787,60
2018,360010302239,PS 55 HENRY M BOEHM,NEW YORK CITY GEOGRAPHIC DISTRICT #31,54 OSBORNE ST,STATEN ISLAND,10312,36085,40.536404,-74.163556,1,1,1,0,0,0,-1,5,582,46
2018,360010302247,PS 57 HUBERT H HUMPHREY,NEW YORK CITY GEOGRAPHIC DISTRICT #31,140 PALMA DR,STATEN ISLAND,10304,36085,40.610907,-74.083716,1,1,1,0,0,0,-1,5,635,49
2018,360010302257,PS 60 ALICE AUSTEN,NEW YORK CITY GEOGRAPHIC DISTRICT #31,55 MERRILL AVE,STATEN ISLAND,10314,36085,40.610501,-74.161844,1,1,1,0,0,0,-1,5,865,61
2018,360010302286,PS 69 DANIEL D TOMPKINS,NEW YORK CITY GEOGRAPHIC DISTRICT #31,144 KEATING PL,STATEN ISLAND,10314,36085,40.59116,-74.157413,1,1,1,0,0,0,-1,5,923,95
2018,360010302850,PORT RICHMOND HIGH SCHOOL,NEW YORK CITY GEOGRAPHIC DISTRICT #31,85 ST JOSEPHS AVE,STATEN ISLAND,10302,36085,40.634655,-74.142558,3,1,1,0,0,0,9,12,1552,91
2018,360010302861,RALPH R MCKEE CAREER AND TECHNICAL EDUCATION HIGH SCHOOL,NEW YORK CITY GEOGRAPHIC DISTRICT #31,290 ST MARKS PL,STATEN ISLAND,10301,36085,40.642789,-74.079159,3,3,1,0,0,0,9,12,801,58
2018,360010302878,SUSAN E WAGNER HIGH SCHOOL,NEW YORK CITY GEOGRAPHIC DISTRICT #31,1200 MANOR RD,STATEN ISLAND,10314,36085,40.597566,-74.125235,3,1,1,0,0,0,9,12,3380,168
2018,360010302883,TOTTENVILLE HIGH SCHOOL,NEW YORK CITY GEOGRAPHIC DISTRICT #31,100 LUTEN AVE,STATEN ISLAND,10312,36085,40.527144,-74.192578,3,1,1,0,0,0,9,12,3641,211
2018,360010303394,PS 56 LOUIS DESARIO SCHOOL (THE),NEW YORK CITY GEOGRAPHIC DISTRICT #31,250 KRAMER AVE,STATEN ISLAND,10309,36085,40.541871,-74.213656,1,1,1,0,0,0,-1,5,574,43
2018,360010304186,STATEN ISLAND TECHNICAL HIGH SCHOOL,NEW YORK CITY GEOGRAPHIC DISTRICT #31,485 CLAWSON ST,STATEN ISLAND,10306,36085,40.568103,-74.116346,3,1,1,0,0,0,9,12,1332,62
2018,360010304526,IS 75 FRANK D PAULO,NEW YORK CITY GEOGRAPHIC DISTRICT #31,455 HUGUENOT AVE,STATEN ISLAND,10312,36085,40.544292,-74.197189,2,1,1,0,0,0,6,8,1455,105
2018,360010304816,PS 6 CORPORAL ALLAN F KIVLEHAN SCHOOL,NEW YORK CITY GEOGRAPHIC DISTRICT #31,555 PAGE AVE,STATEN ISLAND,10307,36085,40.510281,-74.229994,1,1,1,0,0,0,-1,5,532,47
2018,360010305548,SPACE SHUTTLE COLUMBIA SCHOOL,NEW YORK CITY GEOGRAPHIC DISTRICT #31,77 MARSH AVE,STATEN ISLAND,10314,36085,40.583139,-74.160705,1,1,1,0,0,0,-1,5,688,54
2018,360010305835,CSI HIGH SCHOOL FOR INTERNATIONAL STUDIES,NEW YORK CITY GEOGRAPHIC DISTRICT #31,100 ESSEX DR,STATEN ISLAND,10314,36085,40.581986,-74.15883,3,1,1,0,0,0,9,12,492,28
2018,360010306006,MARSH AVENUE SCHOOL FOR EXPEDITIONARY LEARNING,NEW YORK CITY GEOGRAPHIC DISTRICT #31,100 ESSEX DR,STATEN ISLAND,10314,36085,40.581881,-74.159008,2,1,1,0,0,0,6,8,445,34
2018,360010306024,GAYNOR MCCOWN EXPEDITIONARY LEARNING SCHOOL,NEW YORK CITY GEOGRAPHIC DISTRICT #31,100 ESSEX DR,STATEN ISLAND,10314,36085,40.581977,-74.158666,3,1,1,0,0,0,9,12,436,33
2018,360010306035,PS 65 ACADEMY OF INNOVATIVE LEARNING (THE),NEW YORK CITY GEOGRAPHIC DISTRICT #31,98 GRANT ST,STATEN ISLAND,10301,36085,40.633786,-74.07837,1,1,1,0,0,0,-1,5,437,33
2018,360010306149,STATEN ISLAND SCHOOL OF CIVIC LEADERSHIP,NEW YORK CITY GEOGRAPHIC DISTRICT #31,280 REGIS DR,STATEN ISLAND,10314,36085,40.620338,-74.164564,1,1,1,0,0,0,-1,8,906,66
2018,360010306184,PS 74 FUTURE LEADERS ELEMENTARY SCHOOL,NEW YORK CITY GEOGRAPHIC DISTRICT #31,211 DANIEL LOW TERR,STATEN ISLAND,10301,36085,40.638819,-74.079519,1,1,1,0,0,0,0,5,295,26
2018,360010306362,PS 78,NEW YORK CITY GEOGRAPHIC DISTRICT #31,100 TOMPKINS AVE,STATEN ISLAND,10304,36085,40.62232,-74.078691,1,1,1,0,0,0,-1,5,791,57
2018,360010306444,NAPLES STREET ELEMENTARY SCHOOL,NEW YORK CITY GEOGRAPHIC DISTRICT #31,1055 TARGEE ST,STATEN ISLAND,10304,36085,40.602773,-74.090921,1,1,1,0,0,0,-1,5,327,31
2018,360010306445,HARBOR VIEW SCHOOL (THE),NEW YORK CITY GEOGRAPHIC DISTRICT #31,300 RICHMOND TERR,STATEN ISLAND,10301,36085,40.647557,-74.083478,1,1,1,0,0,0,-1,5,299,22
2018,360010306458,FORT HILL COLLABORATIVE ELEMENTARY SCHOOL,NEW YORK CITY GEOGRAPHIC DISTRICT #31,80 MONROE AVE,STATEN ISLAND,10301,36085,40.63973,-74.079301,1,1,1,0,0,0,0,4,183,21
2018,360010306522,EAGLE ACADEMY FOR YOUNG MEN OF STATEN ISLAND (THE),NEW YORK CITY GEOGRAPHIC DISTRICT #31,101 WARREN ST,STATEN ISLAND,10304,36085,40.62044,-74.080721,2,1,1,0,0,0,6,10,274,29
2018,360010306546,KATHLEEN GRIMM SCHOOL FOR LEADERSHIP,NEW YORK CITY GEOGRAPHIC DISTRICT #31,644 BLOOMINGDALE RD,STATEN ISLAND,10309,36085,40.54145,-74.218121,1,1,1,0,0,0,-1,3,281,21
2018,360010306590,PORT RICHMOND SCHOOL FOR VISIONARY LEARNING,NEW YORK CITY GEOGRAPHIC DISTRICT #31,1625 FOREST AVE,STATEN ISLAND,10302,36085,40.62491,-74.142601,1,1,1,0,0,0,-1,2,236,17
2018,360010805640,HARLEM CHILDRENS ZONE PROMISE ACADEMY CHARTER SCHOOL,HARLEM CHILDRENS ZONE PROMISE ACADEMY CHARTER SCHOOL,245 W 129TH ST,NEW YORK,10027,36061,40.81243,-73.948162,4,1,1,1,0,0,0,12,1142,66
2018,360010905641,OPPORTUNITY CHARTER SCHOOL,OPPORTUNITY CHARTER SCHOOL,240 W 113TH ST-4TH FL,NEW YORK,10026,36061,40.80176,-73.955596,3,1,1,1,0,0,6,12,486,35
2018,360011005651,BRONX CHARTER SCHOOL FOR CHILDREN (THE),BRONX CHARTER SCHOOL FOR CHILDREN (THE),388 WILLIS AVE,BRONX,10454,36005,40.812593,-73.919936,1,1,1,1,0,0,0,5,418,34
2018,360011105662,BRONX LIGHTHOUSE CHARTER SCHOOL,BRONX LIGHTHOUSE CHARTER SCHOOL,1001 INTERVALE AVE,BRONX,10459,36005,40.823208,-73.8972,4,1,1,1,0,0,0,12,675,60
2018,360011205672,GRAND CONCOURSE ACADEMY CHARTER SCHOOL,GRAND CONCOURSE ACADEMY CHARTER SCHOOL,925 HUTCHINSON PARKWAY,BRONX,10465,36005,40.825686,-73.838096,1,1,1,1,0,0,0,8,579,43
2018,360011305688,BRONX CHARTER SCHOOL FOR EXCELLENCE,BRONX CHARTER SCHOOL FOR EXCELLENCE,1960 BENEDICT AVE,BRONX,10462,36005,40.834097,-73.858613,1,1,1,1,0,0,0,8,805,44
2018,360011405700,EXCELLENCE BOYS CHARTER SCHOOL OF BEDFORD STUYVESANT,EXCELLENCE BOYS CHARTER SCHOOL OF BEDFORD STUYVESANT,225 PATCHEN AVE,BROOKLYN,11233,36047,40.683435,-73.92583,1,1,1,1,0,0,0,8,767,67
2018,360011505705,WILLIAMSBURG CHARTER HIGH SCHOOL,WILLIAMSBURG CHARTER HIGH SCHOOL,198 VARET ST,BROOKLYN,11206,36047,40.703553,-73.935876,3,1,1,1,0,0,9,12,933,71
2018,360011605708,BROOKLYN EXCELSIOR CHARTER SCHOOL,BROOKLYN EXCELSIOR CHARTER SCHOOL,856 QUINCY ST,BROOKLYN,11221,36047,40.689731,-73.925166,1,1,1,1,0,0,0,8,631,34
2018,360011805732,PENINSULA PREPARATORY ACADEMY CHARTER SCHOOL,PENINSULA PREPARATORY ACADEMY CHARTER SCHOOL,611 BEACH 19TH ST,FAR ROCKAWAY,11691,36081,40.604089,-73.750177,1,1,1,1,0,0,-1,5,315,26
2018,360011900892,EL PUENTE ACADEMY FOR PEACE AND JUSTICE,NEW YORK CITY GEOGRAPHIC DISTRICT #14,250 HOOPER ST,BROOKLYN,11211,36047,40.705665,-73.955544,3,1,1,0,0,0,9,12,224,12
2018,360011901913,AUTOMOTIVE HIGH SCHOOL,NEW YORK CITY GEOGRAPHIC DISTRICT #14,50 BEDFORD AVE,BROOKLYN,11222,36047,40.722313,-73.953328,3,3,1,0,0,0,9,12,334,32
2018,360011902091,PS 16 LEONARD DUNKLY,NEW YORK CITY GEOGRAPHIC DISTRICT #14,157 WILSON ST,BROOKLYN,11211,36047,40.705976,-73.961927,1,1,1,0,0,0,-1,5,223,15
2018,360011902095,PS 17 HENRY D WOODWORTH,NEW YORK CITY GEOGRAPHIC DISTRICT #14,208 N 5TH ST,BROOKLYN,11211,36047,40.715281,-73.957053,1,1,1,0,0,0,-1,5,299,27
2018,360011902096,PS 18 EDWARD BUSH,NEW YORK CITY GEOGRAPHIC DISTRICT #14,101 MAUJER ST,BROOKLYN,11206,36047,40.710844,-73.946643,1,1,1,0,0,0,-1,5,193,18
2018,360011902116,PS 23 CARTER G WOODSON,NEW YORK CITY GEOGRAPHIC DISTRICT #14,545 WILLOUGHBY AVE,BROOKLYN,11206,36047,40.694319,-73.947899,1,1,1,0,0,0,-1,5,283,28
2018,360011902144,PS 31 SAMUEL F DUPONT,NEW YORK CITY GEOGRAPHIC DISTRICT #14,75 MESEROLE AVE,BROOKLYN,11222,36047,40.726871,-73.954072,1,1,1,0,0,0,-1,5,618,40
2018,360011902156,PS 34 OLIVER H PERRY,NEW YORK CITY GEOGRAPHIC DISTRICT #14,131 NORMAN AVE,BROOKLYN,11222,36047,40.726375,-73.949713,1,1,1,0,0,0,-1,5,471,30
2018,360011902221,JHS 50 JOHN D WELLS,NEW YORK CITY GEOGRAPHIC DISTRICT #14,183 S 3RD ST,BROOKLYN,11211,36047,40.711853,-73.960193,2,1,1,0,0,0,6,8,324,27
2018,360011902255,PS 59 WILLIAM FLOYD,NEW YORK CITY GEOGRAPHIC DISTRICT #14,211 THROOP AVE,BROOKLYN,11206,36047,40.697631,-73.943508,1,1,1,0,0,0,-1,5,337,26
2018,360011902291,JUAN MOREL CAMPOS SECONDARY SCHOOL,NEW YORK CITY GEOGRAPHIC DISTRICT #14,215 HEYWARD ST,BROOKLYN,11206,36047,40.703857,-73.953432,3,1,1,0,0,0,6,12,508,52
2018,360011902326,PS 84 JOSE DE DIEGO,NEW YORK CITY GEOGRAPHIC DISTRICT #14,250 BERRY ST,BROOKLYN,11211,36047,40.71483,-73.963272,1,1,1,0,0,0,-1,8,763,76
2018,360011902412,PS 110 MONITOR (THE),NEW YORK CITY GEOGRAPHIC DISTRICT #14,124 MONITOR ST,BROOKLYN,11222,36047,40.723661,-73.942062,1,1,1,0,0,0,-1,5,555,33
2018,360011902445,PS 120 CARLOS TAPIA,NEW YORK CITY GEOGRAPHIC DISTRICT #14,18 BEAVER ST,BROOKLYN,11206,36047,40.700596,-73.937786,1,1,1,0,1,0,-1,5,379,27
2018,360011902467,JOHN ERICSSON MIDDLE SCHOOL 126,NEW YORK CITY GEOGRAPHIC DISTRICT #14,424 LEONARD ST,BROOKLYN,11222,36047,40.719728,-73.948354,2,1,1,0,0,0,6,8,370,30
2018,360011902487,PS 132 CONSELYEA SCHOOL (THE),NEW YORK CITY GEOGRAPHIC DISTRICT #14,320 MANHATTAN AVE,BROOKLYN,11211,36047,40.714775,-73.945828,1,1,1,0,0,0,-1,5,755,44
2018,360011902533,PS 147 ISSAC REMSEN,NEW YORK CITY GEOGRAPHIC DISTRICT #14,325 BUSHWICK AVE,BROOKLYN,11206,36047,40.705015,-73.938885,1,1,1,0,0,0,-1,5,360,29
2018,360011902565,PS/IS 157 BENJAMIN FRANKLIN HEATH AND SCIENCE ACADEMY (THE),NEW YORK CITY GEOGRAPHIC DISTRICT #14,850 KENT AVE,BROOKLYN,11205,36047,40.69547,-73.96,1,1,1,0,1,0,-1,8,414,34
2018,360011902668,PS 196 TEN EYCK,NEW YORK CITY GEOGRAPHIC DISTRICT #14,207 BUSHWICK AVE,BROOKLYN,11206,36047,40.708739,-73.939718,1,1,1,0,1,0,-1,5,319,28
2018,360011902764,PS 250 GEORGE H LINDSAY,NEW YORK CITY GEOGRAPHIC DISTRICT #14,108 MONTROSE AVE,BROOKLYN,11206,36047,40.706924,-73.94524,1,1,1,0,0,0,-1,5,462,32
2018,360011902773,PS 257 JOHN F HYLAN,NEW YORK CITY GEOGRAPHIC DISTRICT #14,60 COOK ST,BROOKLYN,11206,36047,40.702822,-73.941477,1,1,1,0,0,0,-1,5,598,34
2018,360011902804,PS 297 ABRAHAM STOCKTON,NEW YORK CITY GEOGRAPHIC DISTRICT #14,700 PARK AVE,BROOKLYN,11206,36047,40.69751,-73.94781,1,1,1,0,0,0,-1,5,204,17
2018,360011902816,IS 318 EUGENIO MARIA DE HOSTOS,NEW YORK CITY GEOGRAPHIC DISTRICT #14,101 WALTON ST,BROOKLYN,11206,36047,40.703114,-73.948394,2,1,1,0,0,0,6,8,1208,73
2018,360011903074,PROGRESS HIGH SCHOOL FOR PROFESSIONAL CAREERS,NEW YORK CITY GEOGRAPHIC DISTRICT #14,850 GRAND ST,BROOKLYN,11211,36047,40.711907,-73.93951,3,1,1,0,0,0,9,12,666,40
2018,360011903078,EAST WILLIAMSBURG SCHOLARS ACADEMY,NEW YORK CITY GEOGRAPHIC DISTRICT #14,850 GRAND ST,BROOKLYN,11211,36047,40.711887,-73.939469,3,1,1,0,0,0,9,12,301,24
2018,360011903091,HIGH SCHOOL FOR ENTERPRISE BUSINESS & TECHNOLOGY (THE),NEW YORK CITY GEOGRAPHIC DISTRICT #14,850 GRAND ST,BROOKLYN,11211,36047,40.711905,-73.939478,3,1,1,0,0,0,9,12,831,48
2018,360011904358,PS 380 JOHN WAYNE ELEMENTARY,NEW YORK CITY GEOGRAPHIC DISTRICT #14,370 MARCY AVE,BROOKLYN,11206,36047,40.701927,-73.953519,1,1,1,0,0,0,-1,5,571,52
2018,360011904604,PS 319,NEW YORK CITY GEOGRAPHIC DISTRICT #14,360 KEAP ST,BROOKLYN,11211,36047,40.709647,-73.95404,1,1,1,0,0,0,-1,1,117,10
2018,360011905699,BROOKLYN PREPARATORY HIGH SCHOOL,NEW YORK CITY GEOGRAPHIC DISTRICT #14,257 N 6TH ST,BROOKLYN,11211,36047,40.715418,-73.95493,3,1,1,0,0,0,9,12,527,33
2018,360011905701,CONSELYEA PREPARATORY SCHOOL,NEW YORK CITY GEOGRAPHIC DISTRICT #14,208 N 5TH ST,BROOKLYN,11211,36047,40.714782,-73.945834,2,1,1,0,0,0,6,8,488,32
2018,360011905702,MS 582,NEW YORK CITY GEOGRAPHIC DISTRICT #14,207 BUSHWICK AVE,BROOKLYN,11206,36047,40.70873,-73.939733,2,1,1,0,1,0,6,8,289,20
2018,360011905703,WILLIAMSBURG HIGH SCHOOL FOR ARCHITECTURE AND DESIGN,NEW YORK CITY GEOGRAPHIC DISTRICT #14,257 N 6TH ST,BROOKLYN,11211,36047,40.71546,-73.954941,3,3,1,0,0,0,9,12,580,34
2018,360011905704,WILLIAMSBURG PREPARATORY SCHOOL,NEW YORK CITY GEOGRAPHIC DISTRICT #14,257 N 6TH ST,BROOKLYN,11211,36047,40.715409,-73.954935,3,1,1,0,0,0,9,12,683,43
2018,360011905896,WILLIAMSBURG HIGH SCHOOL OF ART AND TECHNOLOGY (THE),NEW YORK CITY GEOGRAPHIC DISTRICT #14,223 GRAHAM AVE,BROOKLYN,11206,36047,40.709837,-73.944137,3,1,1,0,0,0,9,12,307,24
2018,360011905929,BROOKLYN LATIN SCHOOL (THE),NEW YORK CITY GEOGRAPHIC DISTRICT #14,223 GRAHAM AVE,BROOKLYN,11206,36047,40.709837,-73.944137,3,1,1,0,0,0,9,12,699,34
2018,360011905933,LYONS COMMUNITY SCHOOL,NEW YORK CITY GEOGRAPHIC DISTRICT #14,223 GRAHAM AVE,BROOKLYN,11206,36047,40.709837,-73.944137,3,1,1,0,0,0,6,12,470,41
2018,360011906033,YOUNG WOMENS LEADERSHIP SCHOOL OF BROOKLYN,NEW YORK CITY GEOGRAPHIC DISTRICT #14,325 BUSHWICK AVE,BROOKLYN,11206,36047,40.7098,-73.943942,3,1,1,0,0,0,6,12,384,30
2018,360011906350,BROOKLYN ARBOR ELEMENTARY SCHOOL,NEW YORK CITY GEOGRAPHIC DISTRICT #14,325 S 3RD ST,BROOKLYN,11238,36047,40.710004,-73.954952,1,1,1,0,0,0,-1,5,618,41
2018,360012000813,EAST NEW YORK FAMILY ACADEMY,NEW YORK CITY GEOGRAPHIC DISTRICT #19,145 PENNSYLVANIA AVE,BROOKLYN,11207,36047,40.67385,-73.896151,3,1,1,0,0,0,6,12,499,39
2018,360012001941,TRANSIT TECH CAREER AND TECHNICAL EDUCATION HIGH SCHOOL,NEW YORK CITY GEOGRAPHIC DISTRICT #19,1 WELLS ST,BROOKLYN,11208,36047,40.678631,-73.875564,3,3,1,0,0,0,9,12,669,50
2018,360012002006,IS 364 GATEWAY,NEW YORK CITY GEOGRAPHIC DISTRICT #19,1426 FREEPORT LOOP,BROOKLYN,11239,36047,40.646392,-73.880852,2,1,1,0,0,0,6,8,331,23
2018,360012002080,PS 13 ROBERTO CLEMENTE,NEW YORK CITY GEOGRAPHIC DISTRICT #19,557 PENNSYLVANIA AVE,BROOKLYN,11207,36047,40.663773,-73.89328,1,1,1,0,0,0,-1,5,452,40
2018,360012002275,PS 65,NEW YORK CITY GEOGRAPHIC DISTRICT #19,696 JAMAICA AVE,BROOKLYN,11208,36047,40.687056,-73.878294,1,1,1,0,0,0,0,5,575,34
2018,360012002406,PS 108 SAL ABBRACCIAMENTO,NEW YORK CITY GEOGRAPHIC DISTRICT #19,200 LINWOOD ST,BROOKLYN,11208,36047,40.681312,-73.884295,1,1,1,0,0,0,-1,5,946,68
2018,360012002538,PS 149 DANNY KAYE,NEW YORK CITY GEOGRAPHIC DISTRICT #19,700 SUTTER AVE,BROOKLYN,11207,36047,40.669476,-73.89278,1,1,1,0,0,0,-1,5,636,45
2018,360012002570,PS 158 WARWICK,NEW YORK CITY GEOGRAPHIC DISTRICT #19,400 ASHFORD ST,BROOKLYN,11207,36047,40.672554,-73.885217,1,1,1,0,0,0,-1,5,518,41
2018,360012002572,PS 159 ISAAC PITKIN,NEW YORK CITY GEOGRAPHIC DISTRICT #19,2781 PITKIN AVE,BROOKLYN,11208,36047,40.676013,-73.869699,1,1,1,0,0,0,0,5,751,45
2018,360012002604,IS 171 ABRAHAM LINCOLN,NEW YORK CITY GEOGRAPHIC DISTRICT #19,528 RIDGEWOOD AVE,BROOKLYN,11208,36047,40.685999,-73.869503,2,1,1,0,0,0,6,8,414,31
2018,360012002651,PS 190 SHEFFIELD,NEW YORK CITY GEOGRAPHIC DISTRICT #19,590 SHEFFIELD AVE,BROOKLYN,11207,36047,40.662294,-73.894754,1,1,1,0,0,0,-1,5,179,15
2018,360012002684,PS 202 ERNEST S JENKYNS,NEW YORK CITY GEOGRAPHIC DISTRICT #19,982 HEGEMAN AVE,BROOKLYN,11208,36047,40.666139,-73.87634,1,1,1,0,0,0,-1,5,337,29
2018,360012002710,PS 213 NEW LOTS,NEW YORK CITY GEOGRAPHIC DISTRICT #19,580 HEGEMAN AVE,BROOKLYN,11207,36047,40.660112,-73.890176,1,1,1,0,0,0,-1,5,264,18
2018,360012002712,PS 214 MICHAEL FRIEDSAM,NEW YORK CITY GEOGRAPHIC DISTRICT #19,2944 PITKIN AVE,BROOKLYN,11208,36047,40.676336,-73.863095,1,1,1,0,0,0,-1,5,875,65
2018,360012002720,JHS 218 JAMES P SINNOTT,NEW YORK CITY GEOGRAPHIC DISTRICT #19,370 FOUNTAIN AVE,BROOKLYN,11208,36047,40.670536,-73.874539,2,1,1,0,0,0,6,8,427,38
2018,360012002730,PS 224 HALE A WOODRUFF,NEW YORK CITY GEOGRAPHIC DISTRICT #19,755 WORTMAN AVE,BROOKLYN,11208,36047,40.664351,-73.865924,1,1,1,0,0,0,-1,5,388,26
2018,360012002787,PS 273 WORTMAN,NEW YORK CITY GEOGRAPHIC DISTRICT #19,923 JEROME ST,BROOKLYN,11207,36047,40.658219,-73.879167,1,1,1,0,0,0,-1,5,343,22
2018,360012002800,JHS 292 MARGARET S DOUGLAS,NEW YORK CITY GEOGRAPHIC DISTRICT #19,301 VERMONT ST,BROOKLYN,11207,36047,40.671975,-73.893463,2,1,1,0,0,0,6,8,556,41
2018,360012002810,PS 306 ETHAN ALLEN,NEW YORK CITY GEOGRAPHIC DISTRICT #19,970 VERMONT ST,BROOKLYN,11207,36047,40.655187,-73.886359,1,1,1,0,0,0,-1,5,296,24
2018,360012002820,PS 328 PHYLLIS WHEATLEY,NEW YORK CITY GEOGRAPHIC DISTRICT #19,330 ALABAMA AVE,BROOKLYN,11207,36047,40.667753,-73.898297,1,1,1,0,0,0,-1,5,280,24
2018,360012002824,PS 345 PATROLMAN ROBERT BOLDEN,NEW YORK CITY GEOGRAPHIC DISTRICT #19,111 BERRIMAN ST,BROOKLYN,11208,36047,40.67637,-73.880038,1,1,1,0,0,0,-1,5,539,35
2018,360012002855,PS 346 ABE STARK,NEW YORK CITY GEOGRAPHIC DISTRICT #19,1400 PENNSYLVANIA AVE,BROOKLYN,11239,36047,40.646801,-73.881807,1,1,1,0,0,0,-1,5,565,47
2018,360012002889,W H MAXWELL CAREER AND TECHNICAL EDUCATION HIGH SCHOOL,NEW YORK CITY GEOGRAPHIC DISTRICT #19,145 PENNSYLVANIA AVE,BROOKLYN,11207,36047,40.673649,-73.895928,3,3,1,0,0,0,9,12,373,32
2018,360012003000,PS 89 CYPRESS HILLS,NEW YORK CITY GEOGRAPHIC DISTRICT #19,265 WARWICK ST,BROOKLYN,11207,36047,40.677682,-73.886724,1,1,1,0,0,0,-1,8,462,40
2018,360012004316,PS 290 JUAN MOREL CAMPOS,NEW YORK CITY GEOGRAPHIC DISTRICT #19,135 SCHENCK AVE,BROOKLYN,11207,36047,40.678159,-73.889486,1,1,1,0,0,0,-1,5,470,43
2018,360012004351,PS 7 ABRAHAM LINCOLN,NEW YORK CITY GEOGRAPHIC DISTRICT #19,858 JAMAICA AVE,BROOKLYN,11208,36047,40.689426,-73.873169,1,1,1,0,0,0,-1,5,828,55
2018,360012005716,CAPTAIN VERNON A RICHARDS HS-FIRE,NEW YORK CITY GEOGRAPHIC DISTRICT #19,400 PENNSYLVANIA AVE,BROOKLYN,11207,36047,40.666884,-73.894911,3,1,1,0,0,0,9,12,278,20
2018,360012005717,HIGH SCHOOL FOR CIVIL RIGHTS,NEW YORK CITY GEOGRAPHIC DISTRICT #19,400 PENNSYLVANIA AVE,BROOKLYN,11207,36047,40.666915,-73.89491,3,1,1,0,0,0,9,12,221,13
2018,360012005718,PERFORMING ARTS AND TECHNOLOGY HIGH SCHOOL,NEW YORK CITY GEOGRAPHIC DISTRICT #19,400 PENNSYLVANIA AVE,BROOKLYN,11207,36047,40.666939,-73.894912,3,1,1,0,0,0,9,12,387,25
2018,360012005719,WORLD ACADEMY FOR TOTAL COMMUNITY HEALTH HIGH SCHOOL,NEW YORK CITY GEOGRAPHIC DISTRICT #19,400 PENNSYLVANIA AVE,BROOKLYN,11207,36047,40.666873,-73.894942,3,1,1,0,0,0,9,12,250,22
2018,360012005884,ACADEMY FOR YOUNG WRITERS,NEW YORK CITY GEOGRAPHIC DISTRICT #19,1065 ELTON ST,BROOKLYN,11208,36047,40.657378,-73.874065,3,1,1,0,0,0,6,12,552,46
2018,360012005895,FREDERICK DOUGLASS ACADEMY VIII MIDDLE SCHOOL,NEW YORK CITY GEOGRAPHIC DISTRICT #19,1400 PENNSYLVANIA AVE,BROOKLYN,11239,36047,40.646797,-73.881812,2,1,1,0,0,0,6,8,336,23
2018,360012005931,MULTICULTURAL HIGH SCHOOL,NEW YORK CITY GEOGRAPHIC DISTRICT #19,999 JAMAICA AVE,BROOKLYN,11208,36047,40.692988,-73.869113,3,1,1,0,0,0,9,12,265,18
2018,360012006031,CYPRESS HILLS COLLEGIATE PREPARATORY SCHOOL,NEW YORK CITY GEOGRAPHIC DISTRICT #19,999 JAMAICA AVE,BROOKLYN,11208,36047,40.692988,-73.869113,3,1,1,0,0,0,9,12,298,19
2018,360012006045,BROOKLYN LAB SCHOOL,NEW YORK CITY GEOGRAPHIC DISTRICT #19,999 JAMAICA AVE,BROOKLYN,11208,36047,40.692988,-73.869113,3,1,1,0,0,0,9,12,447,30
2018,360012006046,ACADEMY OF INNOVATIVE TECHNOLOGY,NEW YORK CITY GEOGRAPHIC DISTRICT #19,999 JAMAICA AVE,BROOKLYN,11208,36047,40.692988,-73.869113,3,3,1,0,0,0,9,12,426,36
2018,360012006100,EAST NEW YORK MIDDLE SCHOOL OF EXCELLENCE,NEW YORK CITY GEOGRAPHIC DISTRICT #19,605 SHEPHERD AVE,BROOKLYN,11208,36047,40.669573,-73.87923,2,1,1,0,0,0,6,8,266,21
2018,360012006118,SCHOOL FOR CLASSICS HIGH SCHOOL,NEW YORK CITY GEOGRAPHIC DISTRICT #19,370 FOUNTAIN AVE,BROOKLYN,11208,36047,40.670506,-73.87453,3,1,1,0,0,0,9,12,266,19
2018,360012006153,EAST NEW YORK ELEMENTARY SCHOOL OF EXCELLENCE,NEW YORK CITY GEOGRAPHIC DISTRICT #19,605 SHEPHERD AVE,BROOKLYN,11208,36047,40.669573,-73.87923,1,1,1,0,0,0,-1,5,506,43
2018,360012006280,FRESH CREEK SCHOOL (THE),NEW YORK CITY GEOGRAPHIC DISTRICT #19,875 WILLIAMS RD,BROOKLYN,11207,36047,40.654136,-73.894362,1,1,1,0,0,0,-1,5,198,16
2018,360012006339,SPRING CREEK COMMUNITY SCHOOL,NEW YORK CITY GEOGRAPHIC DISTRICT #19,1065 ELTON ST,BROOKLYN,11239,36047,40.657378,-73.874065,3,1,1,0,0,0,6,12,524,45
2018,360012006416,BROOKLYN GARDENS ELEMENTARY SCHOOL,NEW YORK CITY GEOGRAPHIC DISTRICT #19,574 DUMONT AVE,BROOKLYN,11207,36047,40.665576,-73.89763,1,1,1,0,0,0,-1,5,290,29
2018,360012006417,VAN SICLEN COMMUNITY MIDDLE SCHOOL,NEW YORK CITY GEOGRAPHIC DISTRICT #19,800 VAN SICLEN AVE,BROOKLYN,11207,36047,40.660087,-73.885767,2,1,1,0,0,0,6,8,313,21
2018,360012006418,VISTA ACADEMY,NEW YORK CITY GEOGRAPHIC DISTRICT #19,350 LINWOOD ST,BROOKLYN,11208,36047,40.677027,-73.883904,2,1,1,0,0,0,6,8,473,31
2018,360012006419,LIBERTY AVENUE MIDDLE SCHOOL,NEW YORK CITY GEOGRAPHIC DISTRICT #19,350 LINWOOD ST,BROOKLYN,11208,36047,40.677027,-73.883904,2,1,1,0,0,0,6,8,486,36
2018,360012006420,SCHOOL OF THE FUTURE BROOKLYN,NEW YORK CITY GEOGRAPHIC DISTRICT #19,574 DUMONT AVE,BROOKLYN,11207,36047,40.665576,-73.89763,2,1,1,0,0,0,6,8,191,19
2018,360012006483,HIGHLAND PARK COMMUNITY SCHOOL,NEW YORK CITY GEOGRAPHIC DISTRICT #19,528 RIDGEWOOD AVE,BROOKLYN,11208,36047,40.68604,-73.869471,2,1,1,0,0,0,6,8,347,24
2018,360012006484,URBAN ASSEMBLY SCHOOL FOR COLLABORATIVE HEALTHCARE (THE),NEW YORK CITY GEOGRAPHIC DISTRICT #19,999 JAMAICA AVE,BROOKLYN,11208,36047,40.692988,-73.869113,3,3,1,0,0,0,9,12,337,27
2018,360012006666,MS 907,NEW YORK CITY GEOGRAPHIC DISTRICT #19,590 SHEFFIELD AVE,BROOKLYN,11207,36047,40.66229,-73.894601,2,1,3,0,0,0,6,6,40,4
2018,360012102182,PS 41 FRANCIS WHITE,NEW YORK CITY GEOGRAPHIC DISTRICT #23,411 THATFORD AVE,BROOKLYN,11212,36047,40.659987,-73.906855,1,1,1,0,0,0,0,8,400,35
2018,360012102501,PS/IS 137 RACHAEL JEAN MITCHELL,NEW YORK CITY GEOGRAPHIC DISTRICT #23,121 SARATOGA AVE,BROOKLYN,11233,36047,40.68221,-73.916716,1,1,1,0,0,0,-1,8,286,28
2018,360012102542,PS 150 CHRISTOPHER,NEW YORK CITY GEOGRAPHIC DISTRICT #23,364 SACKMAN ST,BROOKLYN,11212,36047,40.668661,-73.904944,1,1,1,0,0,0,-1,5,191,19
2018,360012102559,PS/IS 155 NICHOLAS HERKIMER,NEW YORK CITY GEOGRAPHIC DISTRICT #23,1355 HERKIMER ST,BROOKLYN,11233,36047,40.677621,-73.908822,1,1,1,0,0,0,-1,8,444,33
2018,360012102564,PS 156 WAVERLY,NEW YORK CITY GEOGRAPHIC DISTRICT #23,104 SUTTER AVE,BROOKLYN,11212,36047,40.665635,-73.918199,1,1,1,0,0,0,-1,5,644,44
2018,360012102590,PS 165 IDA POSNER,NEW YORK CITY GEOGRAPHIC DISTRICT #23,76 LOTT AVE,BROOKLYN,11212,36047,40.657254,-73.910963,1,1,1,0,0,0,-1,5,279,24
2018,360012102623,PS 178 SAINT CLAIR MCKELWAY,NEW YORK CITY GEOGRAPHIC DISTRICT #23,2163 DEAN ST,BROOKLYN,11233,36047,40.675267,-73.915473,1,1,1,0,0,0,-1,8,342,25
2018,360012102636,PS 184 NEWPORT,NEW YORK CITY GEOGRAPHIC DISTRICT #23,273 NEWPORT ST,BROOKLYN,11212,36047,40.660223,-73.90498,1,1,1,0,0,0,-1,8,518,41
2018,360012102794,GREGORY JOCKO JACKSON-SPORTS-ARTS,NEW YORK CITY GEOGRAPHIC DISTRICT #23,213 OSBORN ST,BROOKLYN,11212,36047,40.666988,-73.907466,1,1,1,0,0,0,-1,5,275,23
2018,360012102805,PS 298 DR BETTY SHABAZZ,NEW YORK CITY GEOGRAPHIC DISTRICT #23,85 WATKINS ST,BROOKLYN,11212,36047,40.670983,-73.907859,1,1,1,0,0,0,-1,5,278,14
2018,360012102819,PS 327 DR ROSE B ENGLISH,NEW YORK CITY GEOGRAPHIC DISTRICT #23,111 BRISTOL ST,BROOKLYN,11212,36047,40.668069,-73.911985,1,1,1,0,0,0,-1,5,284,28
2018,360012104886,PS/IS 323,NEW YORK CITY GEOGRAPHIC DISTRICT #23,210 CHESTER ST,BROOKLYN,11212,36047,40.666427,-73.911528,1,1,1,0,0,0,-1,8,611,35
2018,360012105237,IS 392,NEW YORK CITY GEOGRAPHIC DISTRICT #23,104 SUTTER AVE,BROOKLYN,11212,36047,40.665631,-73.918165,2,1,1,0,0,0,6,8,311,20
2018,360012105242,TEACHERS PREPARATORY HIGH SCHOOL,NEW YORK CITY GEOGRAPHIC DISTRICT #23,226 BRISTOL ST,BROOKLYN,11212,36047,40.665506,-73.912094,3,1,1,0,0,0,8,12,202,18
2018,360012105721,BROOKLYN COLLEGIATE: A COLLEGE BOARD SCHOOL,NEW YORK CITY GEOGRAPHIC DISTRICT #23,2021 BERGEN ST,BROOKLYN,11233,36047,40.674482,-73.913259,3,1,1,0,0,0,9,12,240,17
2018,360012105722,FREDERICK DOUGLASS ACADEMY VII HIGH SCHOOL,NEW YORK CITY GEOGRAPHIC DISTRICT #23,226 BRISTOL ST,BROOKLYN,11212,36047,40.665513,-73.912105,3,1,1,0,0,0,9,12,159,13
2018,360012105723,KAPPA V (KNOWLEDGE AND POWER PREP ACADEMY),NEW YORK CITY GEOGRAPHIC DISTRICT #23,985 ROCKAWAY AVE,BROOKLYN,11212,36047,40.65571,-73.906749,2,1,1,0,0,0,6,8,195,14
2018,360012105724,MOTT HALL IV,NEW YORK CITY GEOGRAPHIC DISTRICT #23,1137 HERKIMER ST,BROOKLYN,11233,36047,40.678117,-73.915894,2,1,1,0,0,0,6,8,173,11
2018,360012105994,ASPIRATIONS DIPLOMA PLUS HIGH SCHOOL,NEW YORK CITY GEOGRAPHIC DISTRICT #23,402 EASTERN PKWY,BROOKLYN,11225,36047,40.66972,-73.955111,3,1,1,0,0,0,9,12,199,22
2018,360012105997,BROOKLYN DEMOCRACY ACADEMY,NEW YORK CITY GEOGRAPHIC DISTRICT #23,985 ROCKAWAY AVE,BROOKLYN,11212,36047,40.655765,-73.906897,3,1,1,0,0,0,9,12,208,13
2018,360012106064,METROPOLITAN DIPLOMA PLUS HIGH SCHOOL,NEW YORK CITY GEOGRAPHIC DISTRICT #23,985 ROCKAWAY AVE,BROOKLYN,11212,36047,40.655917,-73.90691,3,1,1,0,0,0,9,12,178,21
2018,360012106078,EAGLE ACADEMY FOR YOUNG MEN II,NEW YORK CITY GEOGRAPHIC DISTRICT #23,1137 HERKIMER ST,BROOKLYN,11233,36047,40.677986,-73.915445,3,1,1,0,0,0,6,12,652,44
2018,360012106175,MOTT HALL BRIDGES ACADEMY,NEW YORK CITY GEOGRAPHIC DISTRICT #23,210 CHESTER ST,BROOKLYN,11212,36047,40.666481,-73.911145,2,1,1,0,0,0,6,8,200,17
2018,360012106288,CHRISTOPHER AVENUE COMMUNITY SCHOOL,NEW YORK CITY GEOGRAPHIC DISTRICT #23,51 CHRISTOPHER AVE,BROOKLYN,11212,36047,40.672236,-73.906079,1,1,1,0,0,0,-1,5,314,30
2018,360012106313,RIVERDALE AVENUE COMMUNITY SCHOOL,NEW YORK CITY GEOGRAPHIC DISTRICT #23,76 RIVERDALE AVE,BROOKLYN,11212,36047,40.660018,-73.913481,1,1,1,0,0,0,-1,5,379,30
2018,360012106351,BROWNSVILLE COLLABORATIVE MIDDLE SCHOOL,NEW YORK CITY GEOGRAPHIC DISTRICT #23,85 WATKINS ST,BROOKLYN,11212,36047,40.671,-73.907731,2,1,1,0,0,0,6,8,279,17
2018,360012106426,BROOKLYN LANDMARK ELEMENTARY SCHOOL,NEW YORK CITY GEOGRAPHIC DISTRICT #23,251 MACDOUGAL ST,BROOKLYN,11233,36047,40.680512,-73.910819,1,1,1,0,0,0,-1,5,380,23
2018,360012106427,BROOKLYN ENVIRONMENTAL EXPLORATION SCHOOL (BEES),NEW YORK CITY GEOGRAPHIC DISTRICT #23,251 MACDOUGAL ST,BROOKLYN,11233,36047,40.680512,-73.910819,2,1,1,0,0,0,6,8,99,12
2018,360012106428,RIVERDALE AVENUE MIDDLE SCHOOL,NEW YORK CITY GEOGRAPHIC DISTRICT #23,76 RIVERDALE AVE,BROOKLYN,11212,36047,40.660018,-73.913481,2,1,1,0,0,0,6,8,132,11
2018,360012200249,IS 250 ROBERT F KENNEDY COMMUNITY MIDDLE SCHOOL (THE),NEW YORK CITY GEOGRAPHIC DISTRICT #25,158-40 76TH RD,FLUSHING,11366,36081,40.725375,-73.811245,2,1,1,0,0,0,6,8,363,30
2018,360012200954,ROBERT F KENNEDY COMMUNITY HIGH SCHOOL,NEW YORK CITY GEOGRAPHIC DISTRICT #25,75-40 PARSONS BLVD,FLUSHING,11366,36081,40.725367,-73.81125,3,1,1,0,0,0,9,12,694,41
2018,360012201950,FLUSHING HIGH SCHOOL,NEW YORK CITY GEOGRAPHIC DISTRICT #25,35-01 UNION ST,FLUSHING,11354,36081,40.765047,-73.827761,3,1,1,0,0,0,9,12,1620,112
2018,360012201969,IS 25 ADRIEN BLOCK,NEW YORK CITY GEOGRAPHIC DISTRICT #25,34-65 192ND ST,FLUSHING,11358,36081,40.764882,-73.789783,2,1,1,0,0,0,6,8,1049,62
2018,360012201996,IS 237,NEW YORK CITY GEOGRAPHIC DISTRICT #25,46-21 COLDEN ST,FLUSHING,11355,36081,40.749628,-73.821582,2,1,1,0,0,0,6,8,1382,82
2018,360012202014,JOHN BOWNE HIGH SCHOOL,NEW YORK CITY GEOGRAPHIC DISTRICT #25,63-25 MAIN ST,FLUSHING,11367,36081,40.738677,-73.824316,3,1,1,0,0,0,9,12,3527,198
2018,360012202105,PS 20 JOHN BOWNE,NEW YORK CITY GEOGRAPHIC DISTRICT #25,142-30 BARCLAY AVE,FLUSHING,11355,36081,40.758429,-73.823987,1,1,1,0,0,0,-1,5,1205,81
2018,360012202109,PS 21 EDWARD HART,NEW YORK CITY GEOGRAPHIC DISTRICT #25,147-36 26TH AVE,FLUSHING,11354,36081,40.774296,-73.818429,1,1,1,0,0,0,-1,5,1347,89
2018,360012202115,PS 22 THOMAS JEFFERSON,NEW YORK CITY GEOGRAPHIC DISTRICT #25,153-33 SANFORD AVE,FLUSHING,11355,36081,40.761731,-73.811291,1,1,1,0,0,0,-1,5,918,67
2018,360012202119,PS 24 ANDREW JACKSON,NEW YORK CITY GEOGRAPHIC DISTRICT #25,141-11 HOLLY AVE,FLUSHING,11355,36081,40.75178,-73.817856,1,1,1,0,0,0,-1,5,1048,64
2018,360012202136,PS 29,NEW YORK CITY GEOGRAPHIC DISTRICT #25,125-10 23RD AVE,COLLEGE POINT,11356,36081,40.778139,-73.843005,1,1,1,0,0,0,-1,5,701,50
2018,360012202148,PS 32 STATE STREET,NEW YORK CITY GEOGRAPHIC DISTRICT #25,171-11 35TH AVE,FLUSHING,11358,36081,40.765075,-73.79445,1,1,1,0,0,0,-1,5,996,65
2018,360012202314,PS 79 FRANCIS LEWIS,NEW YORK CITY GEOGRAPHIC DISTRICT #25,147-27 15TH DR,WHITESTONE,11357,36081,40.786283,-73.81791,1,1,1,0,0,0,-1,5,1084,63
2018,360012202402,PS 107 THOMAS A DOOLEY,NEW YORK CITY GEOGRAPHIC DISTRICT #25,167-02 45TH AVE,FLUSHING,11358,36081,40.755799,-73.799456,1,1,1,0,0,0,-1,5,929,70
2018,360012202444,PS 120,NEW YORK CITY GEOGRAPHIC DISTRICT #25,58-01 136TH ST,FLUSHING,11355,36081,40.745295,-73.829169,1,1,1,0,0,0,-1,5,993,65
2018,360012202476,PS 129 PATRICIA LARKIN,NEW YORK CITY GEOGRAPHIC DISTRICT #25,128-02 7TH AVE,COLLEGE POINT,11356,36081,40.790187,-73.839727,1,1,1,0,0,0,0,5,1079,77
2018,360012202555,PS 154,NEW YORK CITY GEOGRAPHIC DISTRICT #25,75-02 162ND ST,FLUSHING,11366,36081,40.726574,-73.807157,1,1,1,0,0,0,-1,5,661,48
2018,360012202586,PS 163 FLUSHING HEIGHTS,NEW YORK CITY GEOGRAPHIC DISTRICT #25,159-01 59TH AVE,FLUSHING,11365,36081,40.740812,-73.808814,1,1,1,0,0,0,-1,5,815,55
2018,360012202589,PS 164 QUEENS VALLEY,NEW YORK CITY GEOGRAPHIC DISTRICT #25,138-01 77TH AVE,FLUSHING,11367,36081,40.721345,-73.823543,1,1,1,0,0,0,-1,8,680,54
2018,360012202592,PS 165 EDITH K BERGTRAUM,NEW YORK CITY GEOGRAPHIC DISTRICT #25,70-35 150TH ST,FLUSHING,11367,36081,40.729574,-73.817942,1,1,1,0,0,0,-1,5,731,88
2018,360012202600,PS 169 BAY TERRACE,NEW YORK CITY GEOGRAPHIC DISTRICT #25,18-25 212TH ST,BAYSIDE,11360,36081,40.782568,-73.778761,1,1,1,0,0,0,-1,5,428,31
2018,360012202637,PS 184 FLUSHING MANOR,NEW YORK CITY GEOGRAPHIC DISTRICT #25,163-15 21ST RD,WHITESTONE,11357,36081,40.778272,-73.79985,1,1,1,0,0,0,-1,5,521,34
2018,360012202639,JHS 185 EDWARD BLEEKER,NEW YORK CITY GEOGRAPHIC DISTRICT #25,147-26 25TH DR,FLUSHING,11354,36081,40.774988,-73.818506,2,1,1,0,0,0,6,8,1514,89
2018,360012202650,JHS 189 DANIEL CARTER BEARD,NEW YORK CITY GEOGRAPHIC DISTRICT #25,144-80 BARCLAY AVE,FLUSHING,11355,36081,40.760206,-73.81851,2,1,1,0,0,0,6,8,774,52
2018,360012202661,PS 193 ALFRED J KENNEDY,NEW YORK CITY GEOGRAPHIC DISTRICT #25,152-20 11TH AVE,WHITESTONE,11357,36081,40.79214,-73.809574,1,1,1,0,0,0,-1,5,560,38
2018,360012202664,JHS 194 WILLIAM CARR,NEW YORK CITY GEOGRAPHIC DISTRICT #25,154-60 17TH AVE,WHITESTONE,11357,36081,40.783271,-73.806508,2,1,1,0,0,0,6,8,1273,78
2018,360012202681,PS/MS 200 MAGNET SCHOOL-GLOBAL STUDI,NEW YORK CITY GEOGRAPHIC DISTRICT #25,70-10 164TH ST,FLUSHING,11365,36081,40.7311,-73.805489,1,1,1,0,1,0,-1,8,541,43
2018,360012202683,PS 201 DISCOVERY SCHOOL FOR INQUIRY AND RESEARCH (THE),NEW YORK CITY GEOGRAPHIC DISTRICT #25,65-11 155TH ST,FLUSHING,11367,36081,40.736535,-73.813128,1,1,1,0,1,0,-1,5,481,37
2018,360012202703,PS 209 CLEARVIEW GARDENS,NEW YORK CITY GEOGRAPHIC DISTRICT #25,16-10 UTOPIA PKWY,WHITESTONE,11357,36081,40.783764,-73.795295,1,1,1,0,0,0,-1,5,560,38
2018,360012202711,PS 214 CADWALLADER COLDEN,NEW YORK CITY GEOGRAPHIC DISTRICT #25,31-15 140TH ST,FLUSHING,11354,36081,40.770167,-73.828318,1,1,1,0,0,0,-1,5,447,33
2018,360012202722,PS 219 PAUL KLAPPER,NEW YORK CITY GEOGRAPHIC DISTRICT #25,144-39 GRAVETT RD,FLUSHING,11367,36081,40.735798,-73.824465,1,1,1,0,0,0,-1,8,622,76
2018,360012204175,QUEENS COLLEGE SCHOOL FOR MATH SCIENCE & TECHNOLOGY (THE),NEW YORK CITY GEOGRAPHIC DISTRICT #25,148-20 REEVES AVE,FLUSHING,11367,36081,40.738651,-73.82115,1,1,1,0,0,0,-1,8,516,29
2018,360012204485,TOWNSEND HARRIS HIGH SCHOOL,NEW YORK CITY GEOGRAPHIC DISTRICT #25,149-11 MELBOURNE AVE,FLUSHING,11367,36081,40.73498,-73.821274,3,1,1,0,0,0,9,12,1183,56
2018,360012204610,PS 130,NEW YORK CITY GEOGRAPHIC DISTRICT #25,200-01 42ND AVE,BAYSIDE,11361,36081,40.75986,-73.783861,1,1,1,0,0,0,-1,5,403,32
2018,360012204892,PS 242 LEONARD P STAVISKY EARLY CHILDHOOD SCHOOL,NEW YORK CITY GEOGRAPHIC DISTRICT #25,29-66 137TH ST,FLUSHING,11354,36081,40.769808,-73.831911,1,1,1,0,0,0,-1,3,400,33
2018,360012205503,QUEENS ACADEMY HIGH SCHOOL,NEW YORK CITY GEOGRAPHIC DISTRICT #25,138-11 35TH AVE,FLUSHING,11354,36081,40.765662,-73.828369,3,1,1,0,0,0,10,12,309,20
2018,360012205727,FLUSHING INTERNATIONAL HIGH SCHOOL,NEW YORK CITY GEOGRAPHIC DISTRICT #25,144-80 BARCLAY AVE,FLUSHING,11355,36081,40.760209,-73.818518,3,1,1,0,0,0,9,12,401,29
2018,360012205830,QUEENS SCHOOL OF INQUIRY (THE),NEW YORK CITY GEOGRAPHIC DISTRICT #25,158-40 76TH RD,FLUSHING,11366,36081,40.724238,-73.809148,3,1,1,0,0,0,6,12,589,46
2018,360012205869,WORLD JOURNALISM PREPARATORY:  A COLLEGE BOARD SCHOOL,NEW YORK CITY GEOGRAPHIC DISTRICT #25,34-65 192ND ST,FLUSHING,11358,36081,40.764882,-73.789786,3,1,1,0,0,0,6,12,587,39
2018,360012205879,EAST-WEST SCHOOL OF INTERNATIONAL STUDIES,NEW YORK CITY GEOGRAPHIC DISTRICT #25,46-21 COLDEN ST,FLUSHING,11355,36081,40.749633,-73.821597,3,1,1,0,0,0,6,12,651,58
2018,360012205979,BELL ACADEMY,NEW YORK CITY GEOGRAPHIC DISTRICT #25,18-25 212TH ST,BAYSIDE,11360,36081,40.782568,-73.77878,2,1,1,0,0,0,6,8,364,23
2018,360012205980,NORTH QUEENS COMMUNITY HIGH SCHOOL,NEW YORK CITY GEOGRAPHIC DISTRICT #25,141-25 77TH RD,FLUSHING,11367,36081,40.720694,-73.81952,3,1,1,0,0,0,9,12,171,13
2018,360012206032,ACTIVE LEARNING ELEMENTARY SCHOOL (THE),NEW YORK CITY GEOGRAPHIC DISTRICT #25,137-20 FRANKLIN AVE,FLUSHING,11367,36081,40.754419,-73.826606,1,1,1,0,0,0,-1,3,454,29
2018,360012206434,VERITAS ACADEMY,NEW YORK CITY GEOGRAPHIC DISTRICT #25,35-01 UNION ST,FLUSHING,11354,36081,40.76487,-73.826801,3,1,1,0,0,0,9,12,571,35
2018,360012206435,QUEENS HIGH SCHOOL FOR LANGUAGE STUDIES,NEW YORK CITY GEOGRAPHIC DISTRICT #25,35-01 UNION ST,FLUSHING,11354,36081,40.765078,-73.826522,3,1,1,0,0,0,9,12,426,30
2018,360012206665,COLLEGE POINT COLLABORATIVE,NEW YORK CITY GEOGRAPHIC DISTRICT #25,124-06 14TH AVE,COLLEGE POINT,11356,36081,40.78513,-73.843511,2,1,3,0,0,0,6,6,154,12
2018,360012301790,PS 51,NEW YORK CITY GEOGRAPHIC DISTRICT #27,87-45 117TH ST,RICHMOND HILL,11418,36081,40.69822,-73.831684,1,1,1,0,0,0,-1,1,246,17
2018,360012301912,AUGUST MARTIN HIGH SCHOOL,NEW YORK CITY GEOGRAPHIC DISTRICT #27,156-10 BAISLEY BLVD,JAMAICA,11434,36081,40.674826,-73.783448,3,1,1,0,0,0,9,12,311,25
2018,360012301972,MS 53 BRIAN PICCOLO,NEW YORK CITY GEOGRAPHIC DISTRICT #27,10-45 NAMEOKE ST,FAR ROCKAWAY,11691,36081,40.60394,-73.749518,2,1,1,0,0,0,6,8,227,21
2018,360012301995,JHS 226 VIRGIL I GRISSON,NEW YORK CITY GEOGRAPHIC DISTRICT #27,121-10 ROCKAWAY BLVD,SOUTH OZONE PARK,11420,36081,40.675385,-73.816627,2,1,1,0,0,0,6,8,943,58
2018,360012302013,JOHN ADAMS HIGH SCHOOL,NEW YORK CITY GEOGRAPHIC DISTRICT #27,101-01 ROCKAWAY BLVD,OZONE PARK,11417,36081,40.67869,-73.836994,3,1,1,0,0,0,9,12,2337,161
2018,360012302190,PS/MS 42 R VERNAM,NEW YORK CITY GEOGRAPHIC DISTRICT #27,488 BEACH 66TH ST,ARVERNE,11692,36081,40.594441,-73.79492,1,1,1,0,0,0,-1,8,644,58
2018,360012302198,PS 45 CLARENCE WITHERSPOON,NEW YORK CITY GEOGRAPHIC DISTRICT #27,126-28 150TH ST,SOUTH OZONE PARK,11436,36081,40.671907,-73.788661,1,1,1,0,0,0,-1,5,320,22
2018,360012302208,PS 47 CHRIS GALAS,NEW YORK CITY GEOGRAPHIC DISTRICT #27,9 POWER RD,BROAD CHANNEL,11693,36081,40.60648,-73.820831,1,1,1,0,0,0,-1,8,242,26
2018,360012302259,PS 60 WOODHAVEN,NEW YORK CITY GEOGRAPHIC DISTRICT #27,91-02 88TH AVE,WOODHAVEN,11421,36081,40.691596,-73.852899,1,1,1,0,0,0,-1,5,1185,76
2018,360012302265,PS 62 CHESTER PARK SCHOOL,NEW YORK CITY GEOGRAPHIC DISTRICT #27,97-25 108TH ST,SOUTH RICHMOND HILL,11419,36081,40.688356,-73.835837,1,1,1,0,1,0,-1,5,903,58
2018,360012302268,PS 63 OLD SOUTH,NEW YORK CITY GEOGRAPHIC DISTRICT #27,90-15 SUTTER AVE,OZONE PARK,11417,36081,40.676863,-73.846805,1,1,1,0,0,0,-1,5,1214,77
2018,360012302273,PS 64 JOSEPH P ADDABBO,NEW YORK CITY GEOGRAPHIC DISTRICT #27,82-01 101ST AVE,OZONE PARK,11416,36081,40.681963,-73.856929,1,1,1,0,0,0,0,5,553,37
2018,360012302278,PS 66 JACQUELINE KENNEDY-ONASSIS,NEW YORK CITY GEOGRAPHIC DISTRICT #27,85-11 102ND ST,RICHMOND HILL,11418,36081,40.697942,-73.846218,1,1,1,0,0,0,-1,5,491,40
2018,360012302345,PS 90 HORACE MANN,NEW YORK CITY GEOGRAPHIC DISTRICT #27,86-50 109TH ST,RICHMOND HILL,11418,36081,40.696697,-73.839496,1,1,1,0,0,0,-1,5,807,55
2018,360012302365,PS 96,NEW YORK CITY GEOGRAPHIC DISTRICT #27,130-01 ROCKAWAY BLVD,SOUTH OZONE PARK,11420,36081,40.675401,-73.80804,1,1,1,0,0,0,-1,5,313,19
2018,360012302369,PS 97 FOREST PARK,NEW YORK CITY GEOGRAPHIC DISTRICT #27,85-52 85TH ST,WOODHAVEN,11421,36081,40.694161,-73.859906,1,1,1,0,0,0,-1,5,706,49
2018,360012302379,PS 100 GLEN MORRIS,NEW YORK CITY GEOGRAPHIC DISTRICT #27,111-11 118TH ST,SOUTH OZONE PARK,11420,36081,40.679792,-73.821777,1,1,1,0,0,0,-1,5,961,62
2018,360012302392,PS 104 BAYS WATER (THE),NEW YORK CITY GEOGRAPHIC DISTRICT #27,26-01 MOTT AVE,FAR ROCKAWAY,11691,36081,40.608154,-73.764921,1,1,1,0,0,0,-1,5,628,48
2018,360012302395,PS 105 BAY SCHOOL (THE),NEW YORK CITY GEOGRAPHIC DISTRICT #27,420 BEACH 51ST ST,FAR ROCKAWAY,11691,36081,40.595695,-73.78139,1,1,1,0,0,0,-1,8,833,60
2018,360012302398,LIGHTHOUSE ELEMENTARY SCHOOL,NEW YORK CITY GEOGRAPHIC DISTRICT #27,180 BEACH 35TH ST,FAR ROCKAWAY,11691,36081,40.594664,-73.767029,1,1,1,0,0,0,-1,5,208,21
2018,360012302405,PS 108 CAPT VINCENT G FOWLER,NEW YORK CITY GEOGRAPHIC DISTRICT #27,108-10 109TH AVE,SOUTH OZONE PARK,11420,36081,40.679389,-73.831167,1,1,1,0,0,0,-1,5,1410,94
2018,360012302426,PS/MS 114 BELLE HARBOR,NEW YORK CITY GEOGRAPHIC DISTRICT #27,134-01 CRONSTON AVE,ROCKAWAY PARK,11694,36081,40.57801,-73.85456,1,1,1,0,0,0,-1,8,679,47
2018,360012302454,PS 123,NEW YORK CITY GEOGRAPHIC DISTRICT #27,145-01 119TH AVE,SOUTH OZONE PARK,11436,36081,40.678659,-73.795476,1,1,1,0,0,0,-1,5,669,46
2018,360012302460,PS 124 OSMOND A CHURCH,NEW YORK CITY GEOGRAPHIC DISTRICT #27,129-15 150TH AVE,SOUTH OZONE PARK,11420,36081,40.665309,-73.811406,1,1,1,0,0,0,0,8,1133,67
2018,360012302512,PS 43,NEW YORK CITY GEOGRAPHIC DISTRICT #27,160 BEACH 29TH ST,FAR ROCKAWAY,11691,36081,40.593665,-73.76144,1,1,1,0,0,0,-1,8,894,63
2018,360012302516,PS 65 RAYMOND YORK ELEMENTARY SCHOOL (THE),NEW YORK CITY GEOGRAPHIC DISTRICT #27,103-22 99TH ST,OZONE PARK,11417,36081,40.682671,-73.841456,1,1,1,0,0,0,-1,5,457,34
2018,360012302531,PS 146 HOWARD BEACH,NEW YORK CITY GEOGRAPHIC DISTRICT #27,98-01 159TH AVE,HOWARD BEACH,11414,36081,40.660195,-73.834683,1,1,1,0,0,0,-1,8,623,44
2018,360012302558,PS 155,NEW YORK CITY GEOGRAPHIC DISTRICT #27,130-02 115TH AVE,SOUTH OZONE PARK,11420,36081,40.679478,-73.810178,1,1,1,0,0,0,-1,5,550,33
2018,360012302634,PS 183 DR RICHARD R GREEN,NEW YORK CITY GEOGRAPHIC DISTRICT #27,2-45 BEACH 79TH ST,ROCKAWAY BEACH,11693,36081,40.589412,-73.805963,1,1,1,0,0,0,-1,8,484,50
2018,360012302671,PS 197 OCEAN SCHOOL (THE),NEW YORK CITY GEOGRAPHIC DISTRICT #27,825 HICKSVILLE RD,FAR ROCKAWAY,11691,36081,40.599888,-73.74429,1,1,1,0,0,0,-1,5,525,43
2018,360012302685,JHS 202 ROBERT H GODDARD,NEW YORK CITY GEOGRAPHIC DISTRICT #27,138-30 LAFAYETTE ST,OZONE PARK,11417,36081,40.670872,-73.845662,2,1,1,0,0,0,6,8,1100,65
2018,360012302699,PS 207 ROCKWOOD PARK,NEW YORK CITY GEOGRAPHIC DISTRICT #27,159-15 88TH ST,HOWARD BEACH,11414,36081,40.658294,-73.844,1,1,1,0,0,0,-1,8,682,58
2018,360012302704,JHS 210 ELIZABETH BLACKWELL,NEW YORK CITY GEOGRAPHIC DISTRICT #27,93-11 101ST AVE,OZONE PARK,11416,36081,40.684473,-73.847401,2,1,1,0,0,0,6,8,1873,122
2018,360012302728,PS 223 LYNDON B JOHNSON,NEW YORK CITY GEOGRAPHIC DISTRICT #27,125-20 SUTPHIN BLVD,JAMAICA,11436,36081,40.67449,-73.790213,1,1,1,0,0,0,-1,5,569,42
2018,360012302743,PS 232 LINDENWOOD,NEW YORK CITY GEOGRAPHIC DISTRICT #27,153-23 83RD ST,HOWARD BEACH,11414,36081,40.66541,-73.850833,1,1,1,0,0,0,-1,8,954,63
2018,360012302863,RICHMOND HILL HIGH SCHOOL,NEW YORK CITY GEOGRAPHIC DISTRICT #27,89-30 114TH ST,RICHMOND HILL,11418,36081,40.694963,-73.833492,3,1,1,0,0,0,9,12,1569,125
2018,360012304352,PS 56 HARRY EICHLER,NEW YORK CITY GEOGRAPHIC DISTRICT #27,86-10 114TH ST,RICHMOND HILL,11418,36081,40.699122,-73.835597,1,1,1,0,0,0,2,5,362,22
2018,360012305269,MS 137 AMERICAS SCHOOL OF HEROES,NEW YORK CITY GEOGRAPHIC DISTRICT #27,109-15 98TH ST,OZONE PARK,11417,36081,40.67815,-73.839553,2,1,1,0,0,0,6,8,1916,117
2018,360012305728,PS 253,NEW YORK CITY GEOGRAPHIC DISTRICT #27,1307 CENTRAL AVE,FAR ROCKAWAY,11691,36081,40.607364,-73.748961,1,1,1,0,0,0,-1,5,568,
2018,360012305729,PS 254 ROSA PARKS SCHOOL (THE),NEW YORK CITY GEOGRAPHIC DISTRICT #27,84-40 101ST ST,RICHMOND HILL,11418,36081,40.697424,-73.847926,1,1,1,0,1,0,-1,5,601,39
2018,360012305730,FREDERICK DOUGLASS ACADEMY VI HIGH SCHOOL,NEW YORK CITY GEOGRAPHIC DISTRICT #27,8-21 BAY 25TH ST,FAR ROCKAWAY,11691,36081,40.601847,-73.763457,3,1,1,0,0,0,9,12,331,29
2018,360012305731,CHANNEL VIEW SCHOOL FOR RESEARCH,NEW YORK CITY GEOGRAPHIC DISTRICT #27,100-00 BEACH CHANNEL DR,ROCKAWAY PARK,11694,36081,40.58651,-73.82269,3,1,1,0,0,0,6,12,960,68
2018,360012305831,SCHOLARS ACADEMY,NEW YORK CITY GEOGRAPHIC DISTRICT #27,320 BEACH 104TH ST,ROCKAWAY PARK,11694,36081,40.584457,-73.825514,3,1,1,0,0,0,6,12,1348,70
2018,360012305883,GOLDIE MAPLE ACADEMY,NEW YORK CITY GEOGRAPHIC DISTRICT #27,3-65 BEACH 56TH ST,ARVERNE,11692,36081,40.590935,-73.786658,1,1,1,0,0,0,-1,8,398,27
2018,360012305890,KNOWLEDGE AND POWER PREPARATORY ACADEMY VI,NEW YORK CITY GEOGRAPHIC DISTRICT #27,8-21 BAY 25TH ST,FAR ROCKAWAY,11691,36081,40.601852,-73.763456,2,1,1,0,0,0,6,8,265,17
2018,360012305899,HIGH SCHOOL-CONSTRUCTION TRADES ENGINEERING & ARCHITECTUR,NEW YORK CITY GEOGRAPHIC DISTRICT #27,94-06 104TH ST,OZONE PARK,11416,36081,40.68946,-73.841156,3,3,1,0,0,0,9,12,1066,65
2018,360012305999,QUEENS HIGH SCHOOL FOR INFORMATION RESEARCH AND TECHNOLOGY,NEW YORK CITY GEOGRAPHIC DISTRICT #27,8-21 BAY 25TH ST,FAR ROCKAWAY,11691,36081,40.601824,-73.763384,3,1,1,0,0,0,9,12,469,32
2018,360012306036,NEW YORK CITY ACADEMY FOR DISCOVERY,NEW YORK CITY GEOGRAPHIC DISTRICT #27,95-16 89TH AVE,WOODHAVEN,11421,36081,40.691655,-73.848574,1,1,1,0,0,0,-1,5,393,29
2018,360012306047,ROBERT H GODDARD HS-COMM/TECH,NEW YORK CITY GEOGRAPHIC DISTRICT #27,138-30 LAFAYETTE ST,OZONE PARK,11417,36081,40.671204,-73.845509,3,1,1,0,0,0,9,12,629,38
2018,360012306079,ACADEMY OF MEDICAL TECHNOLOGY - A COLLEGE BOARD SCHOOL,NEW YORK CITY GEOGRAPHIC DISTRICT #27,8-21 BAY 25TH ST,FAR ROCKAWAY,11691,36081,40.601681,-73.763352,3,1,1,0,0,0,6,12,621,45
2018,360012306104,VILLAGE ACADEMY,NEW YORK CITY GEOGRAPHIC DISTRICT #27,10-45 NAMEOKE ST,FAR ROCKAWAY,11691,36081,40.604162,-73.749584,2,1,1,0,0,0,6,8,376,33
2018,360012306106,WATERSIDE CHILDRENS STUDIO SCHOOL,NEW YORK CITY GEOGRAPHIC DISTRICT #27,190 BEACH 110TH ST,ROCKAWAY PARK,11694,36081,40.580915,-73.831606,1,1,1,0,0,0,-1,5,517,45
2018,360012306127,WATERSIDE SCHOOL FOR LEADERSHIP,NEW YORK CITY GEOGRAPHIC DISTRICT #27,190 BEACH 110TH ST,ROCKAWAY PARK,11694,36081,40.580915,-73.831606,2,1,1,0,0,0,6,8,245,22
2018,360012306194,ROCKAWAY PARK HIGH SCHOOL FOR ENVIRONMENTAL SUSTAINABILITY,NEW YORK CITY GEOGRAPHIC DISTRICT #27,100-00 BEACH CHANNEL DR,ROCKAWAY PARK,11694,36081,40.58651,-73.82269,3,1,1,0,0,0,9,12,310,21
2018,360012306195,PS 273,NEW YORK CITY GEOGRAPHIC DISTRICT #27,88-07 102ND ST,RICHMOND HILL,11418,36081,40.693615,-73.844502,1,1,1,0,0,0,-1,5,313,27
2018,360012306277,ROCKAWAY COLLEGIATE HIGH SCHOOL,NEW YORK CITY GEOGRAPHIC DISTRICT #27,100-00 BEACH CHANNEL DR,ROCKAWAY PARK,11694,36081,40.58651,-73.82269,3,1,1,0,0,0,9,12,300,23
2018,360012306360,WAVE PREPARATORY ELEMENTARY SCHOOL,NEW YORK CITY GEOGRAPHIC DISTRICT #27,535 BRIAR PL,FAR ROCKAWAY,11691,36081,40.599606,-73.758266,1,1,1,0,0,0,-1,5,546,31
2018,360012306436,HAWTREE CREEK MIDDLE SCHOOL,NEW YORK CITY GEOGRAPHIC DISTRICT #27,121-10 ROCKAWAY BLVD,SOUTH OZONE PARK,11420,36081,40.675385,-73.816627,2,1,1,0,0,0,6,8,377,30
2018,360012306437,VOYAGES PREP-SOUTH QUEENS,NEW YORK CITY GEOGRAPHIC DISTRICT #27,156-10 BAISLEY BLVD,JAMAICA,11434,36081,40.674538,-73.783185,3,1,1,0,0,0,9,12,256,19
2018,360012306525,QUEENS EXPLORERS ELEMENTARY SCHOOL,NEW YORK CITY GEOGRAPHIC DISTRICT #27,90-07 101ST ST,OZONE PARK,11416,36081,40.683354,-73.849973,1,1,1,0,1,0,-1,4,399,34
2018,360012306528,EPIC HIGH SCHOOL - NORTH,NEW YORK CITY GEOGRAPHIC DISTRICT #27,94-25 117TH ST,RICHMOND HILL,11418,36081,40.692907,-73.82911,3,1,1,0,0,0,9,12,405,27
2018,360012306535,EPIC HIGH SCHOOL-SOUTH,NEW YORK CITY GEOGRAPHIC DISTRICT #27,121-10 ROCKAWAY BLVD,SOUTH OZONE PARK,11420,36081,40.675385,-73.816627,3,1,1,0,0,0,9,12,388,27
2018,360012306606,PS 377,NEW YORK CITY GEOGRAPHIC DISTRICT #27,150-15 RALEIGH ST,RICHMOND HILL,11418,36081,40.667906,-73.836692,1,1,1,0,0,0,-1,1,290,22
2018,360012706515,SOUTH BEACH PSYCHIATRIC CENTER,NEW YORK STATE OFFICE MENTAL HEALTH (OMH),777 SEAVIEW AVE,STATEN ISLAND,10305,36085,40.5822,-74.079471,7,2,1,0,0,0,8,11,7,42
2018,360012706536,NEW YORK CITY CHILDRENS CENTER,NEW YORK STATE OFFICE MENTAL HEALTH (OMH),74-03 COMMONWEALTH BLVD,BELLEROSE,11426,36081,40.745536,-73.725987,4,4,1,0,0,0,1,12,78,42
2018,360013500554,PS 723,NYC SPECIAL SCHOOLS - DISTRICT 75,3540 BIVONA ST,BRONX,10475,36005,40.883084,-73.832645,4,2,1,0,0,0,0,12,479,93
2018,360013500806,PS 373 BROOKLYN TRANSITION CENTER,NYC SPECIAL SCHOOLS - DISTRICT 75,185 ELLERY ST,BROOKLYN,11206,36047,40.699189,-73.945147,3,2,1,0,0,0,9,12,452,61
2018,360013500812,PS 372 CHILDRENS SCHOOL (THE),NYC SPECIAL SCHOOLS - DISTRICT 75,512 CARROLL ST,BROOKLYN,11215,36047,40.676143,-73.985519,1,2,1,0,0,0,-1,7,498,74
2018,360013500957,PS 373,NYC SPECIAL SCHOOLS - DISTRICT 75,91 HENDERSON AVE,STATEN ISLAND,10301,36085,40.640918,-74.095196,1,2,1,0,0,0,-1,6,564,150
2018,360013501923,PS 721 STEPHEN MCSWEENEY SCHOOL,NYC SPECIAL SCHOOLS - DISTRICT 75,2697 WESTCHESTER AVE,BRONX,10461,36005,40.842698,-73.838885,3,2,1,0,0,0,9,12,533,71
2018,360013501926,PS 811 CONNIE LEKAS SCHOOL,NYC SPECIAL SCHOOLS - DISTRICT 75,2525 HARING ST,BROOKLYN,11235,36047,40.591104,-73.938768,3,2,1,0,0,0,6,12,334,36
2018,360013501927,PS 721 BROOKLYN OCCUPATIONAL TRAINING CENTER,NYC SPECIAL SCHOOLS - DISTRICT 75,64 AVE X,BROOKLYN,11223,36047,40.587747,-73.981568,4,2,1,0,0,0,0,12,481,66
2018,360013501932,PS 811 MICKEY MANTLE SCHOOL,NYC SPECIAL SCHOOLS - DISTRICT 75,466 W END AVE,NEW YORK,10024,36061,40.786397,-73.979364,1,2,1,0,0,0,-1,8,359,71
2018,360013502020,PS 368,NYC SPECIAL SCHOOLS - DISTRICT 75,70 TOMPKINS AVE,BROOKLYN,11206,36047,40.696734,-73.947051,4,2,1,0,0,0,0,12,240,47
2018,360013502026,PS 721 MANHATTAN OCCUPATIONAL TRAINING CENTER,NYC SPECIAL SCHOOLS - DISTRICT 75,250 W HOUSTON ST,NEW YORK,10014,36061,40.729139,-74.006175,3,2,1,0,0,0,9,12,197,28
2018,360013502070,PS 9,NYC SPECIAL SCHOOLS - DISTRICT 75,58-74 57TH ST,MASPETH,11378,36081,40.718463,-73.912507,1,2,1,0,0,0,0,8,646,100
2018,360013502079,PS 12 LEWIS AND CLARK SCHOOL,NYC SPECIAL SCHOOLS - DISTRICT 75,2555 TRATMAN AVE,BRONX,10461,36005,40.84039,-73.844419,7,2,1,0,0,0,11,11,269,46
2018,360013502124,SOUTH RICHMOND HIGH SCHOOL IS/PS 25,NYC SPECIAL SCHOOLS - DISTRICT 75,6581 HYLAN BLVD,STATEN ISLAND,10309,36085,40.512022,-74.22237,4,2,1,0,0,0,-1,12,587,94
2018,360013502170,DAVID MARQUIS SCHOOL OF THE ARTS (THE),NYC SPECIAL SCHOOLS - DISTRICT 75,15 FAIRFIELD ST,STATEN ISLAND,10308,36085,40.56417,-74.151365,4,2,1,0,0,0,-1,12,368,79
2018,360013502224,PS 168,NYC SPECIAL SCHOOLS - DISTRICT 75,3050 WEBSTER AVE,BRONX,10467,36005,40.869643,-73.879052,4,2,1,0,0,0,-1,12,526,91
2018,360013502305,ROBERT E PEARY SCHOOL,NYC SPECIAL SCHOOLS - DISTRICT 75,16-66 HANCOCK ST,RIDGEWOOD,11385,36081,40.69878,-73.904992,1,2,1,0,0,0,-1,8,557,100
2018,360013502311,PS 77,NYC SPECIAL SCHOOLS - DISTRICT 75,62 PARK PL,BROOKLYN,11217,36047,40.67892,-73.976591,4,2,1,0,0,0,0,11,272,61
2018,360013502601,PS 169 ROBERT F KENNEDY,NYC SPECIAL SCHOOLS - DISTRICT 75,110 E 88TH ST,NEW YORK,10028,36061,40.781007,-73.955489,4,2,1,0,0,0,0,11,357,73
2018,360013502733,PS 226,NYC SPECIAL SCHOOLS - DISTRICT 75,345 E 15TH ST,NEW YORK,10003,36061,40.732642,-73.982583,4,2,1,0,0,0,-1,12,294,56
2018,360013502770,PS 255,NYC SPECIAL SCHOOLS - DISTRICT 75,158-40 76TH RD,FLUSHING,11366,36081,40.724251,-73.809031,1,2,1,0,0,0,0,8,421,98
2018,360013502825,PS 369 COY L COX SCHOOL,NYC SPECIAL SCHOOLS - DISTRICT 75,383 STATE ST,BROOKLYN,11217,36047,40.687314,-73.983319,4,2,1,0,0,0,0,12,529,112
2018,360013502826,PS 370,NYC SPECIAL SCHOOLS - DISTRICT 75,3000 W 1ST ST,BROOKLYN,11224,36047,40.577609,-73.969838,4,2,1,0,0,0,1,11,248,54
2018,360013502827,PS 371 LILLIAN L RASHKIS,NYC SPECIAL SCHOOLS - DISTRICT 75,355 37TH ST,BROOKLYN,11232,36047,40.654193,-74.005318,3,2,1,0,0,0,9,12,244,39
2018,360013502843,PS Q811,NYC SPECIAL SCHOOLS - DISTRICT 75,61-25 MARATHON PKWY,LITTLE NECK,11362,36081,40.756364,-73.728806,4,2,1,0,0,0,0,12,425,86
2018,360013502844,PS 811,NYC SPECIAL SCHOOLS - DISTRICT 75,1434 LONGFELLOW AVE,BRONX,10459,36005,40.830768,-73.887099,3,2,1,0,0,0,9,12,630,96
2018,360013502858,PS 224,NYC SPECIAL SCHOOLS - DISTRICT 75,252-12 72ND AVE,BELLEROSE,11426,36081,40.749652,-73.721363,1,2,1,0,0,0,-1,8,396,89
2018,360013502859,JOHN F KENNEDY JR SCHOOL,NYC SPECIAL SCHOOLS - DISTRICT 75,57-12 94TH ST,ELMHURST,11373,36081,40.735775,-73.86799,3,2,1,0,0,0,11,12,488,72
2018,360013502864,RICHARD H HUNGERFORD SCHOOL (THE),NYC SPECIAL SCHOOLS - DISTRICT 75,155 TOMPKINS AVE,STATEN ISLAND,10304,36085,40.620735,-74.077078,7,2,1,0,0,0,11,11,461,72
2018,360013502870,MANHATTAN SCHOOL FOR CAREER DEVELOPMENT,NYC SPECIAL SCHOOLS - DISTRICT 75,113 E 4TH ST,NEW YORK,10003,36061,40.725707,-73.987899,3,2,1,0,0,0,5,12,243,32
2018,360013503340,PS 35,NYC SPECIAL SCHOOLS - DISTRICT 75,317 W 52ND ST,NEW YORK,10019,36061,40.764061,-73.986004,4,2,1,0,0,0,2,12,290,42
2018,360013503373,PS 17,NYC SPECIAL SCHOOLS - DISTRICT 75,778 FOREST AVE,BRONX,10456,36005,40.81897,-73.905466,4,2,1,0,0,0,0,11,445,100
2018,360013504319,PS 753 SCHOOL FOR CAREER DEVELOPMENT,NYC SPECIAL SCHOOLS - DISTRICT 75,510 CLERMONT AVE,BROOKLYN,11238,36047,40.682578,-73.968969,3,2,1,0,0,0,9,12,261,54
2018,360013504354,PS 177,NYC SPECIAL SCHOOLS - DISTRICT 75,56-37 188TH ST,FLUSHING,11365,36081,40.743297,-73.787343,1,2,1,0,0,0,0,8,489,87
2018,360013504409,PS  4,NYC SPECIAL SCHOOLS - DISTRICT 75,530 STANLEY AVE,BROOKLYN,11207,36047,40.657079,-73.888759,1,2,1,0,0,0,-1,5,315,83
2018,360013504468,PS 186 WALTER J DAMROSCH SCHOOL,NYC SPECIAL SCHOOLS - DISTRICT 75,750 JENNINGS ST,BRONX,10459,36005,40.831495,-73.898159,4,2,1,0,0,0,0,10,699,117
2018,360013504469,PS 188,NYC SPECIAL SCHOOLS - DISTRICT 75,770 GROTE ST,BRONX,10460,36005,40.850428,-73.883856,4,2,1,0,0,0,-1,12,500,113
2018,360013504476,PS 36,NYC SPECIAL SCHOOLS - DISTRICT 75,2045 LINDEN BLVD,BROOKLYN,11207,36047,40.660463,-73.887256,4,2,1,0,0,0,-1,12,379,95
2018,360013504477,PS 141,NYC SPECIAL SCHOOLS - DISTRICT 75,655 PARKSIDE AVE,BROOKLYN,11226,36047,40.656377,-73.951589,4,2,1,0,0,0,-1,10,345,60
2018,360013504478,PS 231,NYC SPECIAL SCHOOLS - DISTRICT 75,5601 16TH AVE,BROOKLYN,11204,36047,40.626612,-73.989434,1,2,1,0,0,0,0,8,343,70
2018,360013504480,PS 23 AT QUEENS CHILDREN CENTER,NYC SPECIAL SCHOOLS - DISTRICT 75,74-03 COMMONWEALTH BLVD-BLDG 39,BELLEROSE,11426,36081,40.745536,-73.725987,4,2,1,0,0,0,0,12,280,66
2018,360013504481,QUEENS TRANSITION CENTER,NYC SPECIAL SCHOOLS - DISTRICT 75,142-10 LINDEN BLVD,JAMAICA,11436,36081,40.683669,-73.801249,3,2,1,0,0,0,9,12,394,66
2018,360013504521,PS 176,NYC SPECIAL SCHOOLS - DISTRICT 75,750 BAYCHESTER AVE,BRONX,10475,36005,40.877929,-73.83301,2,2,1,0,0,0,6,11,557,98
2018,360013504522,JM RAPPORT SCHOOL FOR CAREER DEVELOPMENT,NYC SPECIAL SCHOOLS - DISTRICT 75,470 JACKSON AVE,BRONX,10455,36005,40.811154,-73.909542,3,2,1,0,0,0,9,12,483,58
2018,360013504560,PS 10,NYC SPECIAL SCHOOLS - DISTRICT 75,888 REV JAMES A POLITE AVE,BRONX,10459,36005,40.820162,-73.898644,4,2,1,0,0,0,-1,11,581,95
2018,360013504561,PS 140,NYC SPECIAL SCHOOLS - DISTRICT 75,141 MACON ST,BROOKLYN,11216,36047,40.655719,-73.90675,1,2,1,0,0,0,0,8,336,65
2018,360013504596,PS 94,NYC SPECIAL SCHOOLS - DISTRICT 75,55 BATTERY PL,NEW YORK,10280,36061,40.706482,-74.017513,1,2,1,0,0,0,0,8,409,94
2018,360013504597,HOSPITAL SCHOOLS,NYC SPECIAL SCHOOLS - DISTRICT 75,3450 E TREMONT AVE,BRONX,10465,36005,40.831869,-73.827716,-1,2,6,0,,,,,,
2018,360013504605,PS 53,NYC SPECIAL SCHOOLS - DISTRICT 75,544 7TH AVE,BROOKLYN,11215,36047,40.660567,-73.988311,4,2,1,0,0,0,0,12,450,98
2018,360013504699,PS Q4,NYC SPECIAL SCHOOLS - DISTRICT 75,196-25 PECK AVE,FLUSHING,11365,36081,40.74188,-73.778671,1,2,1,0,0,0,-1,5,401,80
2018,360013504780,PS 138,NYC SPECIAL SCHOOLS - DISTRICT 75,144-176 E 128TH ST,NEW YORK,10035,36061,40.805648,-73.935441,4,2,1,0,0,0,-1,12,601,134
2018,360013504781,PS 233,NYC SPECIAL SCHOOLS - DISTRICT 75,91-30 METROPOLITAN AVE,FOREST HILLS,11375,36081,40.708456,-73.855888,4,2,1,0,0,0,0,12,506,89
2018,360013504782,PS 396,NYC SPECIAL SCHOOLS - DISTRICT 75,110 CHESTER ST,BROOKLYN,11212,36047,40.667611,-73.911427,1,2,1,0,0,0,0,8,420,82
2018,360013504807,PS 79 HORAN SCHOOL,NYC SPECIAL SCHOOLS - DISTRICT 75,55 E 120TH ST,NEW YORK,10035,36061,40.802766,-73.942399,7,2,1,0,0,0,8,11,262,46
2018,360013504815,PS 771,NYC SPECIAL SCHOOLS - DISTRICT 75,1075 OCEANVIEW AVE,BROOKLYN,11235,36047,40.579929,-73.956078,4,2,1,0,0,0,0,12,424,86
2018,360013504818,PS 993,NYC SPECIAL SCHOOLS - DISTRICT 75,85-15 258TH ST,FLORAL PARK,11001,36081,40.73429,-73.708851,4,2,1,0,0,0,0,12,572,110
2018,360013505853,VIDA BOGART SCHOOL FOR ALL CHILDREN (THE),NYC SPECIAL SCHOOLS - DISTRICT 75,1000 E TREMONT AVE,BRONX,10460,36005,40.840606,-73.882084,1,2,1,0,0,0,0,8,494,94
2018,360013506368,RIVERVIEW SCHOOL (THE),NYC SPECIAL SCHOOLS - DISTRICT 75,50-15 44TH ST,WOODSIDE,11377,36081,40.736952,-73.921599,4,2,1,0,0,0,0,9,477,82
2018,360013506605,PS 469-BRONX SCHOOL FOR CONTINUOUS LEARNING (THE),NYC SPECIAL SCHOOLS - DISTRICT 75,3177 WEBSTER AVE,BRONX,10467,36005,40.87227,-73.875891,1,2,1,0,0,0,0,7,317,94
2018,360013506649,MS 596,NYC SPECIAL SCHOOLS - DISTRICT 75,850 BAYCHESTER AVE,BRONX,10475,36005,40.875177,-73.833079,1,2,3,0,0,0,-1,8,406,72
2018,360013605765,GIRLS PREPARATORY CHARTER SCHOOL OF NEW YORK,GIRLS PREPARATORY CHARTER SCHOOL OF NEW YORK,442 E HOUSTON ST-RM 312,NEW YORK,10002,36061,40.719714,-73.977508,1,1,1,1,0,0,0,8,650,57
2018,360013705766,MANHATTAN CHARTER SCHOOL,MANHATTAN CHARTER SCHOOL,100 ATTORNEY ST,NEW YORK,10002,36061,40.71835,-73.984043,1,1,1,1,0,0,0,5,241,20
2018,360013805775,HARLEM LINK CHARTER SCHOOL,HARLEM LINK CHARTER SCHOOL,21 W 111TH ST-RM 357,NEW YORK,10026,36061,40.79849,-73.95031,1,1,1,1,0,0,-1,5,392,35
2018,360013905776,FUTURE LEADERS INSTITUTE CHARTER SCHOOL,FUTURE LEADERS INSTITUTE CHARTER SCHOOL,134 W 122ND ST,NEW YORK,10027,36061,40.806123,-73.948557,1,1,1,1,0,0,0,8,370,31
2018,360014005777,HARLEM CHILDRENS ZONE PROMISE ACADEMY II CHARTER SCHOOL,HARLEM CHILDRENS ZONE PROMISE ACADEMY II CHARTER SCHOOL,35 E 125TH ST,NEW YORK,10035,36061,40.807016,-73.93866,4,1,1,1,0,0,0,12,1039,77
2018,360014105778,HARLEM VILLAGE ACADEMY EAST CHARTER SCHOOL,HARLEM VILLAGE ACADEMY EAST CHARTER SCHOOL,2351 1ST AVE-4TH FL,NEW YORK,10035,36061,40.799172,-73.933593,4,1,1,1,0,0,0,12,676,59
2018,360014205779,NEW YORK CENTER FOR AUTISM CHARTER SCHOOL,NEW YORK CENTER FOR AUTISM CHARTER SCHOOL,433 E 100TH ST,NEW YORK,10029,36061,40.785649,-73.941045,1,2,1,1,0,0,0,0,39,10
2018,360014305781,KIPP INFINITY CHARTER SCHOOL,KIPP INFINITY CHARTER SCHOOL,625 W 133 ST-RM 308D,NEW YORK,10027,36061,40.819609,-73.95729,4,1,1,1,0,0,0,12,1099,81
2018,360014405787,SOUTH BRONX CHARTER SCHOOL,SOUTH BRONX CHARTER SCHOOL,164 BRUCKNER BLVD,BRONX,10454,36005,40.802884,-73.917771,1,1,1,1,0,0,0,6,451,
2018,360014505814,WILLIAMSBURG COLLEGIATE CHARTER SCHOOL,WILLIAMSBURG COLLEGIATE CHARTER SCHOOL,157 WILSON ST-4TH FL,BROOKLYN,11211,36047,40.705968,-73.961927,2,1,1,1,0,0,5,8,333,29
2018,360014605815,HELLENIC CLASSICAL CHARTER SCHOOL,HELLENIC CLASSICAL CHARTER SCHOOL,646 5TH AVE,BROOKLYN,11215,36047,40.662747,-73.992364,1,1,1,1,0,0,0,8,477,36
2018,360014705821,ACHIEVEMENT FIRST CROWN HEIGHTS CHARTER SCHOOL,ACHIEVEMENT FIRST CROWN HEIGHTS CHARTER SCHOOL,790 E NEW YORK AVE,BROOKLYN,11203,36047,40.662084,-73.936465,4,1,1,1,0,0,0,12,1287,82
2018,360014805822,KIPP ALWAYS MENTALLY PREPARED CHARTER SCHOOL,KIPP ALWAYS MENTALLY PREPARED CHARTER SCHOOL,1224 PARK PL-4TH FL,BROOKLYN,11213,36047,40.672436,-73.937226,4,1,1,1,0,0,0,12,870,72
2018,360014905824,ACHIEVEMENT FIRST EAST NEW YORK CHARTER SCHOOL,ACHIEVEMENT FIRST EAST NEW YORK CHARTER SCHOOL,557 PENNSYLVANIA AVE,BROOKLYN,11207,36047,40.663805,-73.893284,4,1,1,1,0,0,0,12,,64
2018,360015005825,UFT CHARTER SCHOOL,UFT CHARTER SCHOOL,800 VAN SICLEN,BROOKLYN,11207,36047,40.660087,-73.885767,3,1,1,1,0,0,9,12,218,15
2018,360015101348,IS 187 CHRISTA MCAULIFFE SCHOOL (THE),NEW YORK CITY GEOGRAPHIC DISTRICT #20,1171 65TH ST,BROOKLYN,11219,36047,40.627864,-74.003951,2,1,1,0,0,0,6,8,952,55
2018,360015101916,HIGH SCHOOL OF TELECOMMUNICATION ARTS AND TECHNOLOGY,NEW YORK CITY GEOGRAPHIC DISTRICT #20,350 67TH ST,BROOKLYN,11220,36047,40.636808,-74.023364,3,1,1,0,0,0,9,12,1228,85
2018,360015101947,FRANKLIN DELANO ROOSEVELT HIGH SCHOOL,NEW YORK CITY GEOGRAPHIC DISTRICT #20,5800 20TH AVE,BROOKLYN,11204,36047,40.621201,-73.98263,3,1,1,0,0,0,9,12,3186,191
2018,360015101952,FORT HAMILTON HIGH SCHOOL,NEW YORK CITY GEOGRAPHIC DISTRICT #20,8301 SHORE RD,BROOKLYN,11209,36047,40.627408,-74.038923,3,1,1,0,0,0,9,12,4550,232
2018,360015102036,NEW UTRECHT HIGH SCHOOL,NEW YORK CITY GEOGRAPHIC DISTRICT #20,1601 80TH ST,BROOKLYN,11214,36047,40.613582,-74.003102,3,1,1,0,0,0,9,12,3409,205
2018,360015102212,PS 48 MAPLETON,NEW YORK CITY GEOGRAPHIC DISTRICT #20,6015 18TH AVE,BROOKLYN,11204,36047,40.621577,-73.987257,1,1,1,0,0,0,-1,5,558,43
2018,360015102266,JHS 62 DITMAS,NEW YORK CITY GEOGRAPHIC DISTRICT #20,700 CORTELYOU RD,BROOKLYN,11218,36047,40.63829,-73.971351,2,1,1,0,0,0,6,8,1204,77
2018,360015102385,PS 102 BAYVIEW (THE),NEW YORK CITY GEOGRAPHIC DISTRICT #20,211 72ND ST,BROOKLYN,11209,36047,40.63435,-74.028966,1,1,1,0,0,0,0,5,1422,98
2018,360015102391,PS/IS 104 FORT HAMILTON SCHOOL (THE),NEW YORK CITY GEOGRAPHIC DISTRICT #20,9115 5TH AVE,BROOKLYN,11209,36047,40.618052,-74.02871,1,1,1,0,0,0,0,8,1250,66
2018,360015102396,PS 105 BLYTHEBOURNE (THE),NEW YORK CITY GEOGRAPHIC DISTRICT #20,1031 59TH ST,BROOKLYN,11219,36047,40.633146,-74.003574,1,1,1,0,0,0,0,5,1424,87
2018,360015102421,PS 112 LEFFERTS PARK,NEW YORK CITY GEOGRAPHIC DISTRICT #20,7115 15TH AVE,BROOKLYN,11228,36047,40.619442,-74.000593,1,1,1,0,0,0,-1,5,681,57
2018,360015102471,PS 127 MCKINLEY PARK,NEW YORK CITY GEOGRAPHIC DISTRICT #20,7805 7TH AVE,BROOKLYN,11228,36047,40.623799,-74.018652,1,1,1,0,0,0,0,5,502,39
2018,360015102575,PS 160 WILLIAM T SAMPSON,NEW YORK CITY GEOGRAPHIC DISTRICT #20,5105 FORT HAMILTON PKWY,BROOKLYN,11219,36047,40.636979,-73.999099,1,1,1,0,0,0,0,5,1276,94
2018,360015102585,PS 163 BATH BEACH,NEW YORK CITY GEOGRAPHIC DISTRICT #20,109 BAY 14TH ST,BROOKLYN,11214,36047,40.606698,-74.007855,1,1,1,0,0,0,0,8,605,46
2018,360015102587,PS 164 CAESAR RODNEY,NEW YORK CITY GEOGRAPHIC DISTRICT #20,4211 14TH AVE,BROOKLYN,11219,36047,40.637224,-73.985913,1,1,1,0,0,0,-1,5,680,53
2018,360015102603,RALPH A FABRIZIO SCHOOL,NEW YORK CITY GEOGRAPHIC DISTRICT #20,619 72ND ST,BROOKLYN,11209,36047,40.63024,-74.018654,1,1,1,0,0,0,0,5,1018,74
2018,360015102618,PS 176 OVINGTON,NEW YORK CITY GEOGRAPHIC DISTRICT #20,1225 69TH ST,BROOKLYN,11219,36047,40.624762,-74.005145,1,1,1,0,0,0,0,5,1295,94
2018,360015102625,PS 179 KENSINGTON,NEW YORK CITY GEOGRAPHIC DISTRICT #20,202 AVE C,BROOKLYN,11218,36047,40.64028,-73.9773,1,1,1,0,0,0,-1,5,818,62
2018,360015102626,SEEALL ACADEMY (THE),NEW YORK CITY GEOGRAPHIC DISTRICT #20,5601 16TH AVE,BROOKLYN,11204,36047,40.626472,-73.989269,1,1,1,0,0,0,-1,8,1074,91
2018,360015102638,PS 185 WALTER KASSENBROCK,NEW YORK CITY GEOGRAPHIC DISTRICT #20,8601 RIDGE BLVD,BROOKLYN,11209,36047,40.623647,-74.033644,1,1,1,0,0,0,0,5,635,42
2018,360015102641,PS 186 DR IRVING A GLADSTONE,NEW YORK CITY GEOGRAPHIC DISTRICT #20,7601 19TH AVE,BROOKLYN,11214,36047,40.611027,-73.994497,1,1,1,0,0,0,0,5,1057,74
2018,360015102657,PS 192 MAGNET SCHOOL FOR MATH AND SCIENCE INQUIRY (THE),NEW YORK CITY GEOGRAPHIC DISTRICT #20,4715 18TH AVE,BROOKLYN,11204,36047,40.628996,-73.979782,1,1,1,0,0,0,-1,8,645,51
2018,360015102679,PS 200 BENSON SCHOOL,NEW YORK CITY GEOGRAPHIC DISTRICT #20,1940 BENSON AVE,BROOKLYN,11214,36047,40.603035,-74.001697,1,1,1,0,0,0,-1,5,1352,81
2018,360015102682,JHS 201 DYKER HEIGHTS (THE),NEW YORK CITY GEOGRAPHIC DISTRICT #20,8010 12TH AVE,BROOKLYN,11228,36047,40.618683,-74.01314,2,1,1,0,0,0,6,8,1652,84
2018,360015102689,PS 204 VINCE LOMBARDI,NEW YORK CITY GEOGRAPHIC DISTRICT #20,8101 15TH AVE,BROOKLYN,11228,36047,40.61381,-74.006429,1,1,1,0,0,0,-1,5,1108,69
2018,360015102692,PS 205 CLARION,NEW YORK CITY GEOGRAPHIC DISTRICT #20,6701 20TH AVE,BROOKLYN,11204,36047,40.614945,-73.987175,1,1,1,0,0,0,-1,5,1307,95
2018,360015102724,JHS 220 JOHN J PERSHING,NEW YORK CITY GEOGRAPHIC DISTRICT #20,4812 9TH AVE,BROOKLYN,11220,36047,40.640819,-74.00098,2,1,1,0,0,0,6,8,1526,109
2018,360015102729,JHS 223 MONTAUK (THE),NEW YORK CITY GEOGRAPHIC DISTRICT #20,4200 16TH AVE,BROOKLYN,11204,36047,40.634838,-73.981976,2,1,1,0,0,0,6,8,936,67
2018,360015102735,JHS 227 EDWARD B SHALLOW,NEW YORK CITY GEOGRAPHIC DISTRICT #20,6500 16TH AVE,BROOKLYN,11204,36047,40.621838,-73.995486,2,1,1,0,0,0,6,8,1620,97
2018,360015102738,PS 229 DYKER,NEW YORK CITY GEOGRAPHIC DISTRICT #20,1400 BENSON AVE,BROOKLYN,11228,36047,40.610606,-74.013293,1,1,1,0,0,0,-1,8,1242,71
2018,360015102761,PS 247,NEW YORK CITY GEOGRAPHIC DISTRICT #20,7000 21ST AVE,BROOKLYN,11204,36047,40.612219,-73.987088,1,1,1,0,0,0,0,5,868,59
2018,360015102775,JHS 259 WILLIAM MCKINLEY,NEW YORK CITY GEOGRAPHIC DISTRICT #20,7301 FT HAMILTON PKWY,BROOKLYN,11228,36047,40.626344,-74.015053,2,1,1,0,0,0,6,8,1886,102
2018,360015103006,PS/IS 30 MARY WHITE OVINGTON,NEW YORK CITY GEOGRAPHIC DISTRICT #20,7002 4TH AVE,BROOKLYN,11209,36047,40.633651,-74.023069,1,1,1,0,0,0,0,8,993,73
2018,360015105227,PS 69 VINCENT D GRIPPO SCHOOL,NEW YORK CITY GEOGRAPHIC DISTRICT #20,6302 9TH AVE,BROOKLYN,11220,36047,40.632512,-74.009648,1,1,1,0,0,0,0,5,769,50
2018,360015105877,PS 506 SCHOOL OF JOURNALISM AND TECHNOLOGY (THE),NEW YORK CITY GEOGRAPHIC DISTRICT #20,330 59TH ST,BROOKLYN,11220,36047,40.641996,-74.019139,1,1,1,0,0,0,0,5,784,66
2018,360015105908,PS 503 SCHOOL OF DISCOVERY (THE),NEW YORK CITY GEOGRAPHIC DISTRICT #20,330 59TH ST,BROOKLYN,11220,36047,40.641942,-74.019112,1,1,1,0,0,0,0,5,992,94
2018,360015105955,URBAN ASSEMBLY SCHOOL FOR CRIMINAL JUSTICE,NEW YORK CITY GEOGRAPHIC DISTRICT #20,4200 16TH AVE,BROOKLYN,11204,36047,40.634835,-73.981989,3,1,1,0,0,0,6,12,547,44
2018,360015106120,ACADEMY OF TALENTED SCHOLARS (THE),NEW YORK CITY GEOGRAPHIC DISTRICT #20,50 AVE P,BROOKLYN,11218,36047,40.607089,-73.986629,1,1,1,0,0,0,0,5,388,50
2018,360015106138,BROOKLYN SCHOOL OF INQUIRY,NEW YORK CITY GEOGRAPHIC DISTRICT #20,50 AVE P,BROOKLYN,11218,36047,40.607089,-73.986629,1,1,1,0,0,0,0,8,534,28
2018,360015106196,SCHOOL OF MATH SCIENCE AND HEALTHY LIVING,NEW YORK CITY GEOGRAPHIC DISTRICT #20,6214 4TH AVE,BROOKLYN,11220,36047,40.639517,-74.020323,1,1,1,0,0,0,0,5,340,31
2018,360015106197,PS 748 BROOKLYN SCHOOL FOR GLOBAL SCHOLARS,NEW YORK CITY GEOGRAPHIC DISTRICT #20,1664 BENSON AVE,BROOKLYN,11214,36047,40.606961,-74.007317,1,1,1,0,0,0,0,5,532,38
2018,360015106198,PS 264 BAY RIDGE ELEMENTARY SCHOOL FOR THE ARTS,NEW YORK CITY GEOGRAPHIC DISTRICT #20,371 89TH ST,BROOKLYN,11209,36047,40.621024,-74.029586,1,1,1,0,0,0,0,5,463,34
2018,360015106199,SCHOOL FOR FUTURE LEADERS (THE),NEW YORK CITY GEOGRAPHIC DISTRICT #20,942 62ND ST,BROOKLYN,11219,36047,40.632148,-74.007599,1,1,1,0,0,0,0,5,407,32
2018,360015201906,ABRAHAM LINCOLN HIGH SCHOOL,NEW YORK CITY GEOGRAPHIC DISTRICT #21,2800 OCEAN PKWY,BROOKLYN,11235,36047,40.582372,-73.968078,3,1,1,0,0,0,9,12,1914,121
2018,360015201943,EDWARD R MURROW HIGH SCHOOL,NEW YORK CITY GEOGRAPHIC DISTRICT #21,1600 AVE L,BROOKLYN,11230,36047,40.619853,-73.959004,3,1,1,0,0,0,9,12,3693,200
2018,360015202346,PS 90 EDNA COHEN SCHOOL,NEW YORK CITY GEOGRAPHIC DISTRICT #21,2840 W 12TH ST,BROOKLYN,11224,36047,40.578273,-73.979985,1,1,1,0,1,0,-1,5,643,50
2018,360015202363,PS 95 GRAVESEND (THE),NEW YORK CITY GEOGRAPHIC DISTRICT #21,345 VAN SICKLEN ST,BROOKLYN,11223,36047,40.595834,-73.974901,1,1,1,0,0,0,-1,8,985,66
2018,360015202367,IS 96 SETH LOW,NEW YORK CITY GEOGRAPHIC DISTRICT #21,99 AVE P,BROOKLYN,11204,36047,40.607797,-73.984895,2,1,1,0,0,0,6,8,794,74
2018,360015202370,PS 97 HIGHLAWN (THE),NEW YORK CITY GEOGRAPHIC DISTRICT #21,1855 STILLWELL AVE,BROOKLYN,11223,36047,40.601208,-73.985784,1,1,1,0,0,0,0,5,772,59
2018,360015202377,PS 99 ISAAC ASIMOV,NEW YORK CITY GEOGRAPHIC DISTRICT #21,1120 E 10TH ST,BROOKLYN,11230,36047,40.621568,-73.965818,1,1,1,0,0,0,-1,8,853,54
2018,360015202378,PS 100 CONEY ISLAND SCHOOL (THE),NEW YORK CITY GEOGRAPHIC DISTRICT #21,2951 W 3RD ST,BROOKLYN,11229,36047,40.577648,-73.970846,1,1,1,0,0,0,-1,5,824,48
2018,360015202382,PS 101 VERRAZANO (THE),NEW YORK CITY GEOGRAPHIC DISTRICT #21,2360 BENSON AVE,BROOKLYN,11214,36047,40.597661,-73.991938,1,1,1,0,0,0,0,5,872,64
2018,360015202447,PS 121 NELSON A ROCKEFELLER,NEW YORK CITY GEOGRAPHIC DISTRICT #21,5301 20TH AVE,BROOKLYN,11204,36047,40.62289,-73.978814,1,1,1,0,1,0,0,8,340,44
2018,360015202473,PS 128 BENSONHURST,NEW YORK CITY GEOGRAPHIC DISTRICT #21,2075 84TH ST,BROOKLYN,11214,36047,40.604924,-73.99529,1,1,1,0,0,0,0,5,466,37
2018,360015202552,PS 153 HOMECREST,NEW YORK CITY GEOGRAPHIC DISTRICT #21,1970 HOMECREST AVE,BROOKLYN,11229,36047,40.60119,-73.959982,1,1,1,0,0,0,-1,5,546,41
2018,360015202619,PS 177 MARLBORO (THE),NEW YORK CITY GEOGRAPHIC DISTRICT #21,346 AVE P,BROOKLYN,11204,36047,40.60842,-73.974521,1,1,1,0,0,0,-1,5,979,69
2018,360015202645,PS 188 MICHAEL E BERDY,NEW YORK CITY GEOGRAPHIC DISTRICT #21,3314 NEPTUNE AVE,BROOKLYN,11224,36047,40.576774,-74.000458,1,1,1,0,0,0,-1,5,387,29
2018,360015202676,PS 199 FREDERICK WACHTEL,NEW YORK CITY GEOGRAPHIC DISTRICT #21,1100 ELM AVE,BROOKLYN,11230,36047,40.616511,-73.963049,1,1,1,0,0,0,-1,5,561,57
2018,360015202702,PS 209 MARGARET MEAD,NEW YORK CITY GEOGRAPHIC DISTRICT #21,2609 E 7TH ST,BROOKLYN,11235,36047,40.586644,-73.961653,1,1,1,0,0,0,-1,8,704,54
2018,360015202708,PS 212 LADY DEBORAH MOODY,NEW YORK CITY GEOGRAPHIC DISTRICT #21,87 BAY 49TH ST,BROOKLYN,11214,36047,40.587464,-73.985596,1,1,1,0,0,0,-1,5,724,61
2018,360015202713,PS 215 MORRIS H WEISS,NEW YORK CITY GEOGRAPHIC DISTRICT #21,415 AVE S,BROOKLYN,11223,36047,40.602495,-73.969924,1,1,1,0,0,0,-1,5,834,51
2018,360015202715,PS 216 ARTURO TOSCANINI,NEW YORK CITY GEOGRAPHIC DISTRICT #21,350 AVE X,BROOKLYN,11223,36047,40.59035,-73.969757,1,1,1,0,0,0,-1,5,743,42
2018,360015202731,PS 225 EILEEN E ZAGLIN (THE),NEW YORK CITY GEOGRAPHIC DISTRICT #21,1075 OCEANVIEW AVE,BROOKLYN,11235,36047,40.579936,-73.956079,1,1,1,0,0,0,-1,8,997,72
2018,360015202734,PS 226 ALFRED DE B MASON,NEW YORK CITY GEOGRAPHIC DISTRICT #21,6006 23RD AVE,BROOKLYN,11204,36047,40.615224,-73.976863,1,1,1,0,0,0,-1,8,1014,74
2018,360015202736,IS 228 DAVID A BOODY,NEW YORK CITY GEOGRAPHIC DISTRICT #21,228 AVE S,BROOKLYN,11223,36047,40.601073,-73.976912,2,1,1,0,0,0,6,8,1403,92
2018,360015202753,PS 238 ANNE SULLIVAN,NEW YORK CITY GEOGRAPHIC DISTRICT #21,1633 E 8TH ST,BROOKLYN,11223,36047,40.608769,-73.964791,1,1,1,0,0,0,-1,8,613,47
2018,360015202754,MARK TWAIN IS 239 FOR THE GIFTED AND TALENTED,NEW YORK CITY GEOGRAPHIC DISTRICT #21,2401 NEPTUNE AVE,BROOKLYN,11224,36047,40.578638,-73.992556,2,1,1,0,0,0,6,8,1337,74
2018,360015202767,PS 253,NEW YORK CITY GEOGRAPHIC DISTRICT #21,601 OCEANVIEW AVE,BROOKLYN,11235,36047,40.579934,-73.96187,1,1,1,0,0,0,-1,5,933,68
2018,360015202792,IS 281 JOSEPH B CAVALLARO,NEW YORK CITY GEOGRAPHIC DISTRICT #21,8787 24TH AVE,BROOKLYN,11214,36047,40.594574,-73.993865,2,1,1,0,0,0,6,8,1353,81
2018,360015202797,PS 288 SHIRLEY TANYHILL (THE),NEW YORK CITY GEOGRAPHIC DISTRICT #21,2950 W 25TH ST,BROOKLYN,11224,36047,40.574245,-73.992487,1,1,1,0,0,0,-1,8,616,54
2018,360015202807,IS 303 HERBERT S EISENBERG,NEW YORK CITY GEOGRAPHIC DISTRICT #21,501 WEST AVE,BROOKLYN,11224,36047,40.582382,-73.972509,2,1,1,0,0,0,6,8,568,31
2018,360015202821,PS 329 SURFSIDE,NEW YORK CITY GEOGRAPHIC DISTRICT #21,2929 W 30TH ST,BROOKLYN,11224,36047,40.574756,-73.995775,1,1,1,0,0,0,-1,5,385,28
2018,360015202888,WILLIAM E GRADY CAREER AND TECHNICAL EDUCATION HIGH SCHOOL,NEW YORK CITY GEOGRAPHIC DISTRICT #21,25 BRIGHTON 4TH RD,BROOKLYN,11235,36047,40.583432,-73.963509,3,3,1,0,0,0,9,12,415,37
2018,360015203011,IS 98 BAY ACADEMY,NEW YORK CITY GEOGRAPHIC DISTRICT #21,1401 EMMONS AVE,BROOKLYN,11235,36047,40.583628,-73.95404,2,1,1,0,0,0,6,8,1562,70
2018,360015203107,BROOKLYN STUDIO SECONDARY SCHOOL,NEW YORK CITY GEOGRAPHIC DISTRICT #21,8310 21ST AVE,BROOKLYN,11214,36047,40.604868,-73.994745,3,1,1,0,0,0,6,12,933,61
2018,360015204312,JOHN DEWEY HIGH SCHOOL,NEW YORK CITY GEOGRAPHIC DISTRICT #21,50 AVE X,BROOKLYN,11223,36047,40.587712,-73.981583,3,1,1,0,0,0,9,12,2189,130
2018,360015205823,INTERNATIONAL HIGH SCHOOL AT LAFAYETTE,NEW YORK CITY GEOGRAPHIC DISTRICT #21,2630 BENSON AVE,BROOKLYN,11214,36047,40.59304,-73.986281,3,1,1,0,0,0,9,12,341,24
2018,360015205826,RACHEL CARSON HIGH SCHOOL FOR COASTAL STUDIES,NEW YORK CITY GEOGRAPHIC DISTRICT #21,521 WEST AVE,BROOKLYN,11224,36047,40.582323,-73.971863,3,1,1,0,0,0,9,12,606,40
2018,360015205827,HIGH SCHOOL OF SPORTS MANAGEMENT,NEW YORK CITY GEOGRAPHIC DISTRICT #21,2630 BENSON AVE,BROOKLYN,11214,36047,40.593795,-73.986103,3,1,1,0,0,0,9,12,246,16
2018,360015205926,KINGSBOROUGH EARLY COLLEGE SCHOOL,NEW YORK CITY GEOGRAPHIC DISTRICT #21,2630 BENSON AVE,BROOKLYN,11214,36047,40.59304,-73.986281,3,1,1,0,0,0,6,12,668,39
2018,360015205940,LIFE ACADEMY HIGH SCHOOL FOR FILM AND MUSIC,NEW YORK CITY GEOGRAPHIC DISTRICT #21,2630 BENSON AVE,BROOKLYN,11214,36047,40.593827,-73.986042,3,1,1,0,0,0,9,12,284,22
2018,360015205941,EXPEDITIONARY LEARNING SCHOOL FOR COMMUNITY LEADERS,NEW YORK CITY GEOGRAPHIC DISTRICT #21,2630 BENSON AVE,BROOKLYN,11214,36047,40.593862,-73.986077,3,1,1,0,0,0,9,12,375,27
2018,360015205942,LIBERATION DIPLOMA PLUS,NEW YORK CITY GEOGRAPHIC DISTRICT #21,2865 W 19TH ST,BROOKLYN,11224,36047,40.577142,-73.985702,3,1,1,0,0,0,9,12,208,10
2018,360015300800,PS 245,NEW YORK CITY GEOGRAPHIC DISTRICT #22,249 E 17TH ST,BROOKLYN,11226,36047,40.644845,-73.962854,1,1,1,0,1,0,-1,5,306,22
2018,360015300829,BROOKLYN COLLEGE ACADEMY,NEW YORK CITY GEOGRAPHIC DISTRICT #22,350 CONEY ISLAND AVE,BROOKLYN,11218,36047,40.64919,-73.971861,3,1,1,0,0,0,9,12,658,33
2018,360015300871,LEON M GOLDSTEIN HIGH SCHOOL FOR THE SCIENCES,NEW YORK CITY GEOGRAPHIC DISTRICT #22,1830 SHORE BLVD,BROOKLYN,11235,36047,40.580384,-73.935019,3,1,1,0,0,0,9,12,1061,52
2018,360015301788,PS 109,NEW YORK CITY GEOGRAPHIC DISTRICT #22,1001 E 45TH ST,BROOKLYN,11210,36047,40.636041,-73.933199,1,1,1,0,0,0,-1,8,573,46
2018,360015302003,JHS 14 SHELL BANK,NEW YORK CITY GEOGRAPHIC DISTRICT #22,2424 BATCHELDER ST,BROOKLYN,11235,36047,40.59346,-73.937899,2,1,1,0,0,0,6,8,527,43
2018,360015302007,JHS 78 ROY H MANN,NEW YORK CITY GEOGRAPHIC DISTRICT #22,1420 E 68TH ST,BROOKLYN,11234,36047,40.620908,-73.913297,2,1,1,0,0,0,6,8,573,38
2018,360015302009,JAMES MADISON HIGH SCHOOL,NEW YORK CITY GEOGRAPHIC DISTRICT #22,3787 BEDFORD AVE,BROOKLYN,11229,36047,40.609993,-73.947945,3,1,1,0,0,0,9,12,3811,195
2018,360015302012,JHS 278 MARINE PARK,NEW YORK CITY GEOGRAPHIC DISTRICT #22,1925 STUART ST,BROOKLYN,11229,36047,40.606758,-73.93888,2,1,1,0,0,0,6,8,1202,87
2018,360015302032,MIDWOOD HIGH SCHOOL,NEW YORK CITY GEOGRAPHIC DISTRICT #22,2839 BEDFORD AVE,BROOKLYN,11210,36047,40.632793,-73.952449,3,1,1,0,0,0,9,12,4156,202
2018,360015302230,PS 52 SHEEPSHEAD BAY,NEW YORK CITY GEOGRAPHIC DISTRICT #22,2675 E 29TH ST,BROOKLYN,11235,36047,40.587702,-73.939994,1,1,1,0,0,0,-1,5,814,54
2018,360015302443,PS 119 AMERSFORT,NEW YORK CITY GEOGRAPHIC DISTRICT #22,3829 AVE K,BROOKLYN,11210,36047,40.625967,-73.938737,1,1,1,0,0,0,-1,5,446,31
2018,360015302507,PS 139 ALEXINE A FENTY,NEW YORK CITY GEOGRAPHIC DISTRICT #22,330 RUGBY RD,BROOKLYN,11226,36047,40.641058,-73.965784,1,1,1,0,0,0,-1,5,955,64
2018,360015302549,SCHOOL OF SCIENCE AND TECHNOLOGY,NEW YORK CITY GEOGRAPHIC DISTRICT #22,725 E 23RD ST,BROOKLYN,11210,36047,40.632599,-73.954251,1,1,1,0,0,0,-1,5,654,46
2018,360015302660,PS 193 GIL HODGES,NEW YORK CITY GEOGRAPHIC DISTRICT #22,2515 AVE L,BROOKLYN,11210,36047,40.621776,-73.950305,1,1,1,0,0,0,-1,5,699,56
2018,360015302662,PS 194 RAOUL WALLENBERG,NEW YORK CITY GEOGRAPHIC DISTRICT #22,3117 AVE W,BROOKLYN,11229,36047,40.597214,-73.934042,1,1,1,0,0,0,-1,5,555,46
2018,360015302665,PS 195 MANHATTAN BEACH,NEW YORK CITY GEOGRAPHIC DISTRICT #22,131 IRWIN ST,BROOKLYN,11235,36047,40.58038,-73.943772,1,1,1,0,0,0,-1,5,486,27
2018,360015302669,PS 197 KINGS HIGHWAY ACADEMY (THE),NEW YORK CITY GEOGRAPHIC DISTRICT #22,1599 E 22ND ST,BROOKLYN,11210,36047,40.612557,-73.951594,1,1,1,0,0,0,-1,5,765,57
2018,360015302673,PS 198,NEW YORK CITY GEOGRAPHIC DISTRICT #22,4105 FARRAGUT RD,BROOKLYN,11210,36047,40.637397,-73.937055,1,1,1,0,1,0,-1,5,410,31
2018,360015302695,PS 206 JOSEPH F LAMB,NEW YORK CITY GEOGRAPHIC DISTRICT #22,2200 GRAVESEND NECK RD,BROOKLYN,11229,36047,40.597251,-73.948528,1,1,1,0,0,0,0,8,1517,90
2018,360015302697,PS 207 ELIZABETH G LEARY,NEW YORK CITY GEOGRAPHIC DISTRICT #22,4011 FILLMORE AVE,BROOKLYN,11234,36047,40.613724,-73.930117,1,1,1,0,0,0,-1,8,1163,82
2018,360015302717,PS 217 COLONEL DAVID MARCUS SCHOOL,NEW YORK CITY GEOGRAPHIC DISTRICT #22,1100 NEWKIRK AVE,BROOKLYN,11230,36047,40.633625,-73.966561,1,1,1,0,0,0,-1,5,1145,78
2018,360015302727,PS 222 KATHERINE R SNYDER,NEW YORK CITY GEOGRAPHIC DISTRICT #22,3301 QUENTIN RD,BROOKLYN,11234,36047,40.613697,-73.938851,1,1,1,0,0,0,0,5,882,75
2018,360015302748,JHS 234 ARTHUR W CUNNINGHAM,NEW YORK CITY GEOGRAPHIC DISTRICT #22,1875 E 17TH ST,BROOKLYN,11229,36047,40.604361,-73.95519,2,1,1,0,0,0,6,8,1767,108
2018,360015302752,PS 236 MILL BASIN,NEW YORK CITY GEOGRAPHIC DISTRICT #22,6302 AVE U,BROOKLYN,11234,36047,40.615898,-73.912474,1,1,1,0,0,0,-1,5,556,35
2018,360015302755,ANDRIES HUDDE,NEW YORK CITY GEOGRAPHIC DISTRICT #22,2500 NOSTRAND AVE,BROOKLYN,11210,36047,40.623736,-73.946592,2,1,1,0,1,0,6,8,692,46
2018,360015302768,PS 254 DAG HAMMARSKJOLD,NEW YORK CITY GEOGRAPHIC DISTRICT #22,1801 AVE Y,BROOKLYN,11235,36047,40.590721,-73.951543,1,1,1,0,0,0,0,5,766,48
2018,360015302769,PS 255 BARBARA REING SCHOOL,NEW YORK CITY GEOGRAPHIC DISTRICT #22,1866 E 17TH ST,BROOKLYN,11229,36047,40.604335,-73.955865,1,1,1,0,0,0,0,5,881,64
2018,360015302783,PS 269 NOSTRAND,NEW YORK CITY GEOGRAPHIC DISTRICT #22,1957 NOSTRAND AVE,BROOKLYN,11210,36047,40.637715,-73.947828,-1,1,2,0,,,,,,
2018,360015302814,PS 312 BERGEN BEACH,NEW YORK CITY GEOGRAPHIC DISTRICT #22,7103 AVE T,BROOKLYN,11234,36047,40.621906,-73.909047,1,1,1,0,0,0,-1,5,779,50
2018,360015302852,PS 203 FLOYD BENNETT SCHOOL,NEW YORK CITY GEOGRAPHIC DISTRICT #22,5101 AVE M,BROOKLYN,11234,36047,40.621759,-73.925736,1,1,1,0,0,0,-1,5,675,48
2018,360015302853,PS 251 PAERDEGAT,NEW YORK CITY GEOGRAPHIC DISTRICT #22,1037 E 54TH ST,BROOKLYN,11234,36047,40.631362,-73.924058,1,1,1,0,0,0,-1,5,493,33
2018,360015302854,PS 277 GERRITSEN BEACH,NEW YORK CITY GEOGRAPHIC DISTRICT #22,2529 GERRITSEN AVE,BROOKLYN,11229,36047,40.596141,-73.928235,1,1,1,0,0,0,-1,5,429,33
2018,360015303385,PS 315,NEW YORK CITY GEOGRAPHIC DISTRICT #22,2310 GLENWOOD RD,BROOKLYN,11210,36047,40.6326,-73.954257,1,1,1,0,0,0,-1,5,648,44
2018,360015303387,PS 361 EAST FLATBUSH EARLY CHILDHOOD SCHOOL,NEW YORK CITY GEOGRAPHIC DISTRICT #22,1957 NOSTRAND AVE,BROOKLYN,11210,36047,40.63775,-73.947981,1,1,1,0,0,0,-1,5,631,45
2018,360015304067,PS 134,NEW YORK CITY GEOGRAPHIC DISTRICT #22,4001 18TH AVE,BROOKLYN,11218,36047,40.632226,-73.973223,1,1,1,0,0,0,0,5,584,47
2018,360015304070,IS 381,NEW YORK CITY GEOGRAPHIC DISTRICT #22,2500 NOSTRAND AVE,BROOKLYN,11210,36047,40.62376,-73.946491,2,1,1,0,0,0,6,8,254,20
2018,360015304885,PS 326,NEW YORK CITY GEOGRAPHIC DISTRICT #22,1800 UTICA AVE,BROOKLYN,11234,36047,40.628394,-73.928163,1,1,1,0,0,0,-1,2,169,15
2018,360015306422,ORIGINS HIGH SCHOOL,NEW YORK CITY GEOGRAPHIC DISTRICT #22,3000 AVE X,BROOKLYN,11235,36047,40.5931,-73.9366,3,1,1,0,0,0,9,12,408,37
2018,360015306423,PROFESSIONAL PATHWAYS HIGH SCHOOL,NEW YORK CITY GEOGRAPHIC DISTRICT #22,3000 AVE X,BROOKLYN,11235,36047,40.59317,-73.936336,3,1,1,0,0,0,9,12,210,15
2018,360015306618,PS 889,NEW YORK CITY GEOGRAPHIC DISTRICT #22,21 HINCKLEY PL,BROOKLYN,11218,36047,40.644777,-73.97108,1,1,1,0,0,0,-1,1,137,10
2018,360015306619,MS 890,NEW YORK CITY GEOGRAPHIC DISTRICT #22,21 HINCKLEY PL,BROOKLYN,11218,36047,40.6447,-73.971171,2,1,1,0,0,0,6,7,213,18
2018,360015705846,EXPLORE CHARTER SCHOOL,EXPLORE CHARTER SCHOOL,655 PARKSIDE AVE,BROOKLYN,11226,36047,40.648774,-73.957495,1,1,1,1,0,0,0,8,509,52
2018,360015805847,DEMOCRACY PREPARATORY CHARTER SCHOOL,DEMOCRACY PREPARATORY CHARTER SCHOOL,2230 5TH AVE,NEW YORK,10037,36061,40.81318,-73.937601,3,1,1,1,0,0,6,12,705,54
2018,360015905898,COMMUNITY ROOTS CHARTER SCHOOL,COMMUNITY ROOTS CHARTER SCHOOL,51 ST EDWARDS ST-3RD FL,BROOKLYN,11205,36047,40.695165,-73.977882,1,1,1,1,0,0,0,8,473,51
2018,360016105893,SOUTH BRONX CLASSICAL CHARTER SCHOOL,SOUTH BRONX CLASSICAL CHARTER SCHOOL,977 FOX ST,BRONX,10459,36005,40.822114,-73.894381,1,1,1,1,0,0,0,8,503,44
2018,360016305923,INTERNATIONAL LEADERSHIP CHARTER  HIGH SCHOOL,INTERNATIONAL LEADERSHIP CHARTER  HIGH SCHOOL,3030 RIVERDALE AVE,BRONX,10463,36005,40.881003,-73.909273,3,1,1,1,0,0,9,12,358,20
2018,360016505889,HYDE LEADERSHIP CHARTER SCHOOL,HYDE LEADERSHIP CHARTER SCHOOL,730 BRYANT AVE,BRONX,10474,36005,40.815756,-73.885312,4,1,1,1,0,0,0,12,976,118
2018,360016605902,ACHIEVEMENT FIRST-BUSHWICK CHARTER SCHOOL,ACHIEVEMENT FIRST-BUSHWICK CHARTER SCHOOL,1300 GREENE AVE,BROOKLYN,11237,36047,40.697753,-73.919215,1,1,1,1,0,0,0,8,914,84
2018,360016705891,NEW HEIGHTS ACADEMY CHARTER SCHOOL,NEW HEIGHTS ACADEMY CHARTER SCHOOL,1818 AMSTERDAM AVE,NEW YORK,10031,36061,40.828824,-73.945368,3,1,1,1,0,0,5,12,784,49
2018,360016905862,SUCCESS ACADEMY CHARTER SCHOOL-HARLEM 1,SUCCESS ACADEMY CHARTER SCHOOL-HARLEM 1,34 W 118TH ST-2ND FL,NEW YORK,10026,36061,40.8023,-73.946918,4,1,1,1,0,0,0,12,1225,95
2018,360017005867,ACHIEVEMENT FIRST ENDEAVOR CHARTER SCHOOL,ACHIEVEMENT FIRST ENDEAVOR CHARTER SCHOOL,510 WAVERLY AVE,BROOKLYN,11238,36047,40.682476,-73.966006,4,1,1,1,0,0,0,12,805,68
2018,360017205868,LEADERSHIP PREPARATORY BEDFORD STUYVESANT CHARTER SCHOOL,LEADERSHIP PREPARATORY BEDFORD STUYVESANT CHARTER SCHOOL,141 MACON ST-1ST FL,BROOKLYN,11216,36047,40.681992,-73.945229,4,1,1,1,0,0,0,12,1154,95
2018,360094305973,ICAHN CHARTER SCHOOL 2,ICAHN CHARTER SCHOOL 2,1640 BRONXDALE AVE,BRONX,10462,36005,40.844959,-73.85803,1,1,1,1,0,0,0,8,325,24
2018,360094405974,KINGS COLLEGIATE CHARTER SCHOOL,KINGS COLLEGIATE CHARTER SCHOOL,905 WINTHROP ST,BROOKLYN,11203,36047,40.658715,-73.928686,4,1,1,1,0,0,0,10,817,73
2018,360094806058,NORTHSIDE CHARTER HIGH SCHOOL,NORTHSIDE CHARTER HIGH SCHOOL,424 LEONARD ST-4TH FL,BROOKLYN,11222,36047,40.719728,-73.948354,3,1,1,1,0,0,9,12,385,39
2018,360094906082,PAVE ACADEMY CHARTER SCHOOL,PAVE ACADEMY CHARTER SCHOOL,732 HENRY ST,BROOKLYN,11231,36047,40.677225,-74.011716,1,1,1,1,0,0,0,8,478,43
2018,360095206000,THE EQUITY PROJECT CHARTER SCHOOL,THE EQUITY PROJECT CHARTER SCHOOL,549 AUDUBON AVE-TRAILER 30,NEW YORK,10040,36061,40.856678,-73.926411,2,1,1,1,0,0,0,8,845,67
2018,360095306018,SUCCESS ACADEMY CHARTER SCHOOL-HARLEM 4,SUCCESS ACADEMY CHARTER SCHOOL-HARLEM 4,240 W 113TH ST-3RD FL,NEW YORK,10026,36061,40.801756,-73.955571,1,1,1,1,0,0,0,4,424,29
2018,360095406017,SUCCESS ACADEMY CHARTER SCHOOL-HARLEM 2,SUCCESS ACADEMY CHARTER SCHOOL-HARLEM 2,144 E 128TH ST-3RD FL,NEW YORK,10035,36061,40.8056,-73.9356,1,1,1,1,0,0,0,8,708,63
2018,360095506027,ICAHN CHARTER SCHOOL 3,ICAHN CHARTER SCHOOL 3,1500 PELHAM PKWY S,BRONX,10461,36005,40.856754,-73.842916,1,1,1,1,0,0,0,8,322,26
2018,360095606025,BRONX ACADEMY OF PROMISE CHARTER SCHOOL,BRONX ACADEMY OF PROMISE CHARTER SCHOOL,1349 INWOOD AVE,BRONX,10452,36005,40.833783,-73.921643,1,1,1,1,0,0,0,8,599,
2018,360095706068,VOICE CHARTER SCHOOL OF NEW YORK,VOICE CHARTER SCHOOL OF NEW YORK,36-24 12TH ST,LONG ISLAND CITY,11106,36081,40.760256,-73.939747,1,1,1,1,0,0,0,8,684,53
2018,360095806007,ST. HOPE LEADERSHIP ACADEMY CHARTER SCHOOL,ST. HOPE LEADERSHIP ACADEMY CHARTER SCHOOL,222 W 134TH ST-RM 111,NEW YORK,10030,36061,40.81511,-73.945866,2,1,1,1,0,0,6,8,300,30
2018,360095906073,NYC CHARTER HS - AECI,NYC CHARTER HS - AECI,838 BROOK AVE,BRONX,10451,36005,40.821884,-73.9106,3,1,1,1,0,0,9,12,444,38
2018,360096006013,MOTT HAVEN ACADEMY CHARTER SCHOOL,MOTT HAVEN ACADEMY CHARTER SCHOOL,170 BROWN PL,BRONX,10454,36005,40.806385,-73.92146,1,1,1,1,0,0,-1,7,414,44
2018,360096106071,LA CIMA CHARTER SCHOOL,LA CIMA CHARTER SCHOOL,800 GATES AVE,BROOKLYN,11221,36047,40.688094,-73.932316,1,1,1,1,0,0,0,5,371,31
2018,360096206037,SUCCESS ACADEMY CHARTER SCHOOL-HARLEM 3,SUCCESS ACADEMY CHARTER SCHOOL-HARLEM 3,410 E 100TH ST,NEW YORK,10029,36061,40.785327,-73.942373,4,1,1,1,0,0,0,10,1111,66
2018,360096306039,UNIVERSITY PREP CHARTER HIGH SCHOOL,UNIVERSITY PREP CHARTER HIGH SCHOOL,600 ST ANNS AVE,BRONX,10455,36005,40.814824,-73.912089,3,1,1,1,0,0,9,12,434,33
2018,360096406038,DREAM CHARTER SCHOOL,DREAM CHARTER SCHOOL,1991 2ND AVE,NEW YORK,10029,36061,40.789077,-73.944376,4,1,1,1,0,0,-1,10,681,71
2018,360096506044,BEDFORD STUYVESANT COLLEGIATE CHARTER SCHOOL,BEDFORD STUYVESANT COLLEGIATE CHARTER SCHOOL,800 GATES AVE-4TH FL,BROOKLYN,11221,36047,40.688102,-73.93238,2,1,1,1,0,0,5,8,355,34
2018,360096606069,BROOKLYN ASCEND CHARTER SCHOOL,BROOKLYN ASCEND CHARTER SCHOOL,205 ROCKAWAY PKWY-2ND FL,BROOKLYN,11212,36047,40.662096,-73.920842,4,1,1,1,0,0,0,12,1539,131
2018,360096706008,BGLIG-SHIRLEY RODRIGUEZ-REMENESKI CS,BGLIG-SHIRLEY RODRIGUEZ-REMENESKI CS,750 CONCOURSE VILLAGE W-LOWER LEVEL,BRONX,10451,36005,40.823159,-73.922935,1,1,1,1,0,0,0,8,422,24
2018,360096806074,BRONX COMMUNITY CHARTER SCHOOL,BRONX COMMUNITY CHARTER SCHOOL,3170 WEBSTER AVE,BRONX,10467,36005,40.872746,-73.87479,1,1,1,1,0,0,0,8,509,58
2018,360096906014,ACHIEVEMENT FIRST BROWNSVILLE CHARTER SCHOOL,ACHIEVEMENT FIRST BROWNSVILLE CHARTER SCHOOL,2021 BERGEN ST-RM 149,BROOKLYN,11233,36047,40.674482,-73.913259,4,1,1,1,0,0,0,11,1099,60
2018,360098406165,BROWNSVILLE COLLEGIATE  CHARTER SCHOOL,BROWNSVILLE COLLEGIATE  CHARTER SCHOOL,364 SACKMAN ST-4TH FL,BROOKLYN,11212,36047,40.668661,-73.904944,2,1,1,1,0,0,5,10,353,29
2018,360098606161,GIRLS PREPARATORY CHARTER SCHOOL OF THE BRONX,GIRLS PREPARATORY CHARTER SCHOOL OF THE BRONX,681 KELLY ST-RM 205,BRONX,10455,36005,40.815787,-73.90165,1,1,1,1,0,0,-1,8,726,68
2018,360098706124,GROWING UP GREEN CHARTER SCHOOL,GROWING UP GREEN CHARTER SCHOOL,39-27 28TH ST,LONG ISLAND CITY,11101,36081,40.753052,-73.935773,1,1,1,1,0,0,0,8,826,53
2018,360098906097,BROOKLYN SCHOLARS CHARTER SCHOOL,BROOKLYN SCHOLARS CHARTER SCHOOL,2635 LINDEN BLVD,BROOKLYN,11208,36047,40.669324,-73.867271,1,1,1,1,0,0,0,8,697,41
2018,360099106123,BROOKLYN PROSPECT CHARTER SCHOOL-CSD 15,BROOKLYN PROSPECT CHARTER SCHOOL-CSD 15,3002 FORT HAMILTON PKWY,BROOKLYN,11218,36047,40.647959,-73.978753,3,1,1,1,0,0,6,12,772,74
2018,360099306157,LEADERSHIP PREPARATORY OCEAN HILL CHARTER SCHOOL,LEADERSHIP PREPARATORY OCEAN HILL CHARTER SCHOOL,51 CHRISTOPHER AVE,BROOKLYN,11212,36047,40.668584,-73.904889,4,1,1,1,0,0,0,12,1202,96
2018,360099406151,EXPLORE EMPOWER CHARTER SCHOOL,EXPLORE EMPOWER CHARTER SCHOOL,188 ROCHESTER AVE,BROOKLYN,11213,36047,40.672714,-73.928313,1,1,1,1,0,0,0,8,509,53
2018,360099506103,ICAHN CHARTER SCHOOL 4,ICAHN CHARTER SCHOOL 4,1500 PELHAM PKWY SOUTH,BRONX,10461,36005,40.856754,-73.842916,1,1,1,1,0,0,0,8,317,28
2018,360099606147,JOHN W LAVELLE PREPARATORY CHARTER SCHOOL,JOHN W LAVELLE PREPARATORY CHARTER SCHOOL,1 CORPORATE COMMONS-1 TELEPORT DR,STATEN ISLAND,10311,36085,40.605571,-74.179667,4,1,1,1,0,0,3,12,755,74
2018,360099806114,SUMMIT ACADEMY CHARTER SCHOOL,SUMMIT ACADEMY CHARTER SCHOOL,27 HUNTINGTON ST,BROOKLYN,11231,36047,40.677617,-74.004827,3,1,1,1,0,0,6,12,326,34
2018,360100006112,EXCELLENCE GIRLS CHARTER SCHOOL,EXCELLENCE GIRLS CHARTER SCHOOL,794 MONROE ST-3RD FL,BROOKLYN,11221,36047,40.688145,-73.924464,4,1,1,1,0,0,0,12,1443,123
2018,360100106154,ACADEMIC LEADERSHIP CHARTER SCHOOL,ACADEMIC LEADERSHIP CHARTER SCHOOL,677 E 141ST ST,BRONX,10454,36005,40.807696,-73.912805,1,1,1,1,0,0,0,8,523,20
2018,360100206167,BROWNSVILLE ASCEND CHARTER SCHOOL,BROWNSVILLE ASCEND CHARTER SCHOOL,1501 PITKIN AVE,BROOKLYN,11212,36047,40.66217,-73.920871,1,1,1,1,0,0,0,8,1051,85
2018,360100306159,HEBREW LANGUAGE ACADEMY CHARTER SCHOOL,HEBREW LANGUAGE ACADEMY CHARTER SCHOOL,2186 MILL AVE,BROOKLYN,11234,36047,40.612337,-73.914196,1,1,1,1,0,0,0,8,720,67
2018,360100406101,CONEY ISLAND PREPARATORY PUBLIC CHARTER SCHOOL,CONEY ISLAND PREPARATORY PUBLIC CHARTER SCHOOL,501 WEST AVE,BROOKLYN,11224,36047,40.582524,-73.972554,4,1,1,1,0,0,0,12,1007,97
2018,360100506110,EQUALITY CHARTER SCHOOL,EQUALITY CHARTER SCHOOL,4140 HUTCHINSON RIVER PKWY E,BRONX,10475,36005,40.864344,-73.824135,3,1,1,1,0,0,6,12,621,62
2018,360100906212,SUCCESS ACADEMY CHARTER SCHOOL-HARLEM 5,SUCCESS ACADEMY CHARTER SCHOOL-HARLEM 5,301 W 140TH ST-3RD FL,NEW YORK,10030,36061,40.820154,-73.944491,1,1,1,1,0,0,0,8,748,54
2018,360101006183,DEMOCRACY PREP HARLEM CHARTER SCHOOL,DEMOCRACY PREP HARLEM CHARTER SCHOOL,207 W 133RD ST,NEW YORK,10030,36061,40.814807,-73.946002,4,1,1,1,0,0,0,12,1033,85
2018,360101106211,SUCCESS ACADEMY CHARTER SCHOOL-BRONX 1,SUCCESS ACADEMY CHARTER SCHOOL-BRONX 1,339 MORRIS AVE-2ND FL,BRONX,10451,36005,40.809259,-73.917945,1,1,1,1,0,0,0,6,588,32
2018,360101206219,SUCCESS ACADEMY CHARTER SCHOOL-BRONX 2,SUCCESS ACADEMY CHARTER SCHOOL-BRONX 2,450 ST PAULS PL-5TH FL,BRONX,10456,36005,40.824807,-73.905937,1,1,1,1,0,0,0,8,754,41
2018,360101306203,NEW HOPE ACADEMY CHARTER SCHOOL,NEW HOPE ACADEMY CHARTER SCHOOL,475 E 57TH ST-3RD FL,BROOKLYN,11203,36047,40.643738,-73.92245,-1,1,2,1,,,,,,
2018,360101406171,CULTURAL ARTS ACADEMY CHARTER SCHOOL AT SPRING CREEK,CULTURAL ARTS ACADEMY CHARTER SCHOOL AT SPRING CREEK,1400 LINDEN BLVD,BROOKLYN,11212,36047,40.654191,-73.908376,1,1,1,1,0,0,0,5,256,16
2018,360101506206,BROOKLYN DREAMS CHARTER SCHOOL,BROOKLYN DREAMS CHARTER SCHOOL,259 PARKVILLE AVE,BROOKLYN,11230,36047,40.63207,-73.969768,1,1,1,1,0,0,0,8,624,42
2018,360101606201,LEADERSHIP PREPARATORY BROWNSVILLE CHARTER SCHOOL,LEADERSHIP PREPARATORY BROWNSVILLE CHARTER SCHOOL,985 ROCKAWAY AVE-3RD FL,BROOKLYN,11212,36047,40.65571,-73.906749,1,1,1,1,0,0,0,8,789,64
2018,360101706172,BUSHWICK ASCEND CHARTER SCHOOL,BUSHWICK ASCEND CHARTER SCHOOL,751 KNICKERBOCKER AVE,BROOKLYN,11221,36047,40.693714,-73.908976,1,1,1,1,0,0,0,8,887,62
2018,360101806192,CHALLENGE PREPARATORY CHARTER SCHOOL,CHALLENGE PREPARATORY CHARTER SCHOOL,710 HARTMAN LANE,FAR ROCKAWAY,11691,36081,40.600225,-73.763886,1,1,1,1,0,0,0,8,791,26
2018,360101906215,NEW WORLD PREPARATORY CHARTER SCHOOL,NEW WORLD PREPARATORY CHARTER SCHOOL,26 SHAPE AVE,STATEN ISLAND,10302,36085,40.639532,-74.136932,2,1,1,1,0,0,5,8,412,42
2018,360102306232,NEW YORK FRENCH-AMERICAN CHARTER SCHOOL,NEW YORK FRENCH-AMERICAN CHARTER SCHOOL,311 W 120TH ST,NEW YORK,10027,36061,40.807561,-73.954233,1,1,1,1,0,0,-1,6,282,22
2018,360102406241,INWOOD ACADEMY FOR LEADERSHIP CHARTER SCHOOL,INWOOD ACADEMY FOR LEADERSHIP CHARTER SCHOOL,108 COOPER ST,NEW YORK,10034,36061,40.869039,-73.921003,3,1,1,1,0,0,5,12,916,67
2018,360102506233,METROPOLITAN LIGHTHOUSE CHARTER SCHOOL,METROPOLITAN LIGHTHOUSE CHARTER SCHOOL,180 W 165TH ST,BRONX,10452,36005,40.83441,-73.930131,4,1,1,1,0,0,0,10,606,52
2018,360102706234,DR RICHARD IZQUIERDO HEALTH AND SCIENCE CHARTER SCHOOL,DR RICHARD IZQUIERDO HEALTH AND SCIENCE CHARTER SCHOOL,800 HOME ST-RM 205,BRONX,10456,36005,40.827336,-73.900191,3,1,1,1,0,0,6,12,797,70
2018,360102806237,ACHIEVEMENT FIRST APOLLO CHARTER SCHOOL,ACHIEVEMENT FIRST APOLLO CHARTER SCHOOL,350 LINWOOD ST,BROOKLYN,11208,36047,40.677027,-73.883904,4,1,1,1,0,0,0,9,865,78
2018,360102906236,BEDFORD STUYVESANT NEW BEGINNINGS CHARTER SCHOOL,BEDFORD STUYVESANT NEW BEGINNINGS CHARTER SCHOOL,82 LEWIS AVE,BROOKLYN,11206,36047,40.694666,-73.937554,1,1,1,1,0,0,0,8,702,75
2018,360103006230,HYDE LEADERSHIP CHARTER SCHOOL - BROOKLYN,HYDE LEADERSHIP CHARTER SCHOOL - BROOKLYN,330 ALABAMA AVE,BROOKLYN,11207,36047,40.667798,-73.897948,1,1,1,1,0,0,0,6,456,43
2018,360103106238,IMAGINE ME LEADERSHIP CHARTER SCHOOL,IMAGINE ME LEADERSHIP CHARTER SCHOOL,818 SCHENCK AVE,BROOKLYN,11207,36047,40.66007,-73.883541,1,1,1,1,0,0,0,5,225,24
2018,360103206229,OCEAN HILL COLLEGIATE CHARTER SCHOOL,OCEAN HILL COLLEGIATE CHARTER SCHOOL,1137 HERKIMER ST-2ND FL,BROOKLYN,11233,36047,40.678117,-73.915894,2,1,1,1,0,0,5,8,387,35
2018,360103306240,BROOKLYN EAST COLLEGIATE CHARTER SCHOOL,BROOKLYN EAST COLLEGIATE CHARTER SCHOOL,832 MARCY AVE-1ST FL,BROOKLYN,11216,36047,40.68472,-73.947271,2,1,1,1,0,0,5,8,310,26
2018,360103406224,ROCHDALE EARLY ADVANTAGE CHARTER SCHOOL,ROCHDALE EARLY ADVANTAGE CHARTER SCHOOL,122-05 SMITH ST,JAMAICA,11434,36081,40.67974,-73.77816,1,1,1,1,0,0,-1,5,286,20
2018,360103506226,RIVERTON STREET CHARTER SCHOOL,RIVERTON STREET CHARTER SCHOOL,118-34 RIVERTON ST,SAINT ALBANS,11412,36081,40.689347,-73.763553,1,1,1,1,0,0,0,8,963,55
2018,360103606225,RENAISSANCE CHARTER HIGH SCHOOL FOR INNOVATION,RENAISSANCE CHARTER HIGH SCHOOL FOR INNOVATION,410 E 100TH ST-2ND FL,NEW YORK,10029,36061,40.785149,-73.941946,3,1,1,1,0,0,9,12,449,51
2018,360103906260,SUCCESS ACADEMY CHARTER SCHOOL-UPPER WEST,SUCCESS ACADEMY CHARTER SCHOOL-UPPER WEST,145 W 84TH ST-2ND FL,NEW YORK,10024,36061,40.785961,-73.974053,1,1,1,1,0,0,0,8,790,60
2018,360104106263,NEW VISIONS CHARTER HIGH SCHOOL FOR THE HUMANITIES,NEW VISIONS CHARTER HIGH SCHOOL FOR THE HUMANITIES,99 TERRACE VIEW AVE-RM 360,BRONX,10463,36061,40.87717,-73.912747,3,1,1,1,0,0,9,12,525,38
2018,360104206252,EAST HARLEM SCHOLARS ACADEMY CHARTER SCHOOL,EAST HARLEM SCHOLARS ACADEMY CHARTER SCHOOL,2050 2ND AVE,NEW YORK,10026,36061,40.790024,-73.942589,1,1,1,1,0,0,-1,8,586,51
2018,360104306268,BROOME STREET ACADEMY CHARTER HIGH SCHOOL,BROOME STREET ACADEMY CHARTER HIGH SCHOOL,121 AVE OF THE AMERICAS,NEW YORK,10013,36061,40.724138,-74.005073,3,1,1,1,0,0,9,12,302,29
2018,360104406248,NEW YORK CITY MONTESSORI CHARTER SCHOOL,NEW YORK CITY MONTESSORI CHARTER SCHOOL,423 E 138TH ST,BRONX,10454,36005,40.808927,-73.921843,1,1,1,1,0,0,-1,5,283,53
2018,360104706254,NEW VISIONS CHARTER HS-ADV MATH/SCIE,NEW VISIONS CHARTER HS-ADV MATH/SCIE,99 TERRACE VIEW AVE-RM 254,BRONX,10463,36061,40.87717,-73.912747,3,1,1,1,0,0,9,12,494,44
2018,360104806255,EMBER CHARTER SCHOOL,EMBER CHARTER SCHOOL,616 QUINCY ST-3RD FL,BROOKLYN,11221,36047,40.688515,-73.93563,1,1,1,1,0,0,0,8,523,48
2018,360104906265,ICAHN CHARTER SCHOOL 5,ICAHN CHARTER SCHOOL 5,1500 PELHAM PKWY S,BRONX,10461,36005,40.856754,-73.842916,1,1,1,1,0,0,0,8,319,28
2018,360105006293,INVICTUS PREPARATORY CHARTER SCHOOL,INVICTUS PREPARATORY CHARTER SCHOOL,370 FOUNTAIN AVE-3RD FL,BROOKLYN,11208,36047,40.670452,-73.874681,-1,1,2,1,,,,,,
2018,360105206271,EXPLORE EXCEL CHARTER SCHOOL,EXPLORE EXCEL CHARTER SCHOOL,1077 REMSEN AVE,BROOKLYN,11236,36047,40.642677,-73.908159,1,1,1,1,0,0,0,8,530,55
2018,360105306289,ACADEMY OF THE CITY CHARTER SCHOOL,ACADEMY OF THE CITY CHARTER SCHOOL,31-29 60TH ST,WOODSIDE,11377,36081,40.756936,-73.902428,1,1,1,1,0,0,0,5,411,19
2018,360105406295,SUCCESS ACADEMY CHARTER SCHOOL - BED STUY 1,SUCCESS ACADEMY CHARTER SCHOOL - BED STUY 1,70 TOMPKINS AVE-2ND FL,BROOKLYN,11206,36047,40.696729,-73.947046,1,1,1,1,0,0,0,8,766,51
2018,360105606317,CENTRAL QUEENS ACADEMY CHARTER SCHOOL,CENTRAL QUEENS ACADEMY CHARTER SCHOOL,55-30 JUNCTION BLVD,ELMHURST,11373,36081,40.737347,-73.866402,2,1,1,1,0,0,5,8,420,33
2018,360105706324,NEW VISIONS AIM CHARTER HIGH SCHOOL I,NEW VISIONS AIM CHARTER HIGH SCHOOL I,1495 HERKIMER ST,BROOKLYN,11233,36047,40.677568,-73.903944,3,1,1,1,0,0,9,12,187,18
2018,360105806354,EXPLORE EXCEED CHARTER SCHOOL,EXPLORE EXCEED CHARTER SCHOOL,443 ST MARKS AVE-RM 114,BROOKLYN,11238,36047,40.676898,-73.959812,1,1,1,1,0,0,0,8,499,55
2018,360105906349,LAUNCH EXPEDITIONARY LEARNING CHARTER SCHOOL,LAUNCH EXPEDITIONARY LEARNING CHARTER SCHOOL,1580 DEAN ST-3RD FL,BROOKLYN,11213,36047,40.675792,-73.935219,2,1,1,1,0,0,6,8,310,38
2018,360106006359,SUCCESS ACADEMY CHARTER SCHOOL-COBBLE HILL,SUCCESS ACADEMY CHARTER SCHOOL-COBBLE HILL,284 BALTIC ST-LOWER LEVEL,BROOKLYN,11201,36047,40.685271,-73.993565,1,1,1,1,0,0,0,7,333,26
2018,360106106343,NEW DAWN CHARTER HIGH SCHOOL,NEW DAWN CHARTER HIGH SCHOOL,242 HOYT ST,BROOKLYN,11217,36047,40.683022,-73.990353,3,4,1,1,0,0,9,12,217,15
2018,360106206346,SUCCESS ACADEMY CHARTER SCHOOL-WILLIAMSBURG,SUCCESS ACADEMY CHARTER SCHOOL-WILLIAMSBURG,183 S 3RD ST-4TH FL,BROOKLYN,11211,36047,40.711853,-73.960193,1,1,1,1,0,0,0,7,437,31
2018,360106306327,SUCCESS ACADEMY CHARTER SCHOOL-BED STUY 2,SUCCESS ACADEMY CHARTER SCHOOL-BED STUY 2,211 THROOP AVE-3RD FL,BROOKLYN,11206,36047,40.697805,-73.943527,1,1,1,1,0,0,0,4,345,23
2018,360106406305,BEGINNING WITH CHILDREN CHARTER SCHOOL II,BEGINNING WITH CHILDREN CHARTER SCHOOL II,215 HEYWARD ST,BROOKLYN,11206,36047,40.703857,-73.953432,1,1,1,1,0,0,0,7,412,41
2018,360106506342,URBAN DOVE TEAM CHARTER SCHOOL,URBAN DOVE TEAM CHARTER SCHOOL,600 LAFAYETTE AVE,BROOKLYN,11216,36047,40.689698,-73.950782,3,4,1,1,0,0,10,12,293,22
2018,360106606303,CHILDRENS AID COLLEGE PREPARATORY CHARTER SCHOOL,CHILDRENS AID COLLEGE PREPARATORY CHARTER SCHOOL,1919 PROSPECT AVE,BRONX,10457,36005,40.843756,-73.890036,1,1,1,1,0,0,0,7,586,56
2018,360106706319,NEW VISIONS AIM CHARTER HIGH SCHOOL II,NEW VISIONS AIM CHARTER HIGH SCHOOL II,1010 REV JAMES POLITE AVE,BRONX,10459,36005,40.823433,-73.898447,3,1,1,1,0,0,9,12,200,15
2018,360106906355,ICAHN CHARTER SCHOOL 6,ICAHN CHARTER SCHOOL 6,1701 FULTON AVE,BRONX,10457,36005,40.84176,-73.897961,1,1,1,1,0,0,0,8,355,29
2018,360107006318,FAMILY LIFE ACADEMY CHARTER SCHOOL II,FAMILY LIFE ACADEMY CHARTER SCHOOL II,296 E 140TH ST,BRONX,10454,36005,40.81147,-73.925101,1,1,1,1,0,0,0,8,576,32
2018,360107106328,MOTT HALL CHARTER SCHOOL,MOTT HALL CHARTER SCHOOL,1260 FRANKLIN AVE,BRONX,10456,36005,40.831004,-73.902119,2,1,1,1,0,0,6,8,269,27
2018,360107206365,NEW VISIONS CHTR HS-ADV MA/SCI II,NEW VISIONS CHTR HS-ADV MA/SCI II,900 TINTON AVE,BRONX,10456,36005,40.821786,-73.90277,3,1,1,1,0,0,9,12,557,48
2018,360107306320,NEW VISIONS CHARTER HIGH SCHOOL FOR HUMANITIES II,NEW VISIONS CHARTER HIGH SCHOOL FOR HUMANITIES II,455 SOUTHERN BLVD,BRONX,10455,36005,40.810427,-73.9074,3,1,1,1,0,0,9,12,486,40
2018,360107406336,HEKETI COMMUNITY CHARTER SCHOOL,HEKETI COMMUNITY CHARTER SCHOOL,403 CONCORD AVE,BRONX,10454,36005,40.809314,-73.909783,1,1,1,1,0,0,0,5,268,20
2018,360107506307,KIPP NYC WASHINGTON HEIGHTS ACADEMY CHARTER SCHOOL,KIPP NYC WASHINGTON HEIGHTS ACADEMY CHARTER SCHOOL,21 JUMEL PL-RM D109,NEW YORK,10032,36061,40.839379,-73.935739,4,1,1,1,0,0,0,12,1050,75
2018,360107606315,GLOBAL COMMUNITY CHARTER SCHOOL,GLOBAL COMMUNITY CHARTER SCHOOL,2350 5TH AVE,NEW YORK,10037,36061,40.817086,-73.935053,1,1,1,1,0,0,0,5,422,54
2018,360107706308,NEIGHBORHOOD CHARTER SCHOOL OF HARLEM,NEIGHBORHOOD CHARTER SCHOOL OF HARLEM,132 W 124TH ST,NEW YORK,10027,36061,40.807492,-73.947365,1,1,1,1,0,0,0,7,585,61
2018,360107806310,DEMOCRACY PREP ENDURANCE CHARTER SCHOOL,DEMOCRACY PREP ENDURANCE CHARTER SCHOOL,250 W 127TH ST,NEW YORK,10027,36061,40.810713,-73.94896,3,1,1,1,0,0,6,12,654,54
2018,360107906341,MANHATTAN CHARTER SCHOOL II,MANHATTAN CHARTER SCHOOL II,220 HENRY ST,NEW YORK,10002,36061,40.713327,-73.986103,1,1,1,1,0,0,0,5,184,20
2018,360108206433,MIDDLE VILLAGE PREPARATORY CHARTER SCHOOL,MIDDLE VILLAGE PREPARATORY CHARTER SCHOOL,6802 METROPOLITAN AVE,MIDDLE VILLAGE,11379,36081,40.710711,-73.888348,2,1,1,1,0,0,6,8,402,27
2018,360108306374,SUCCESS ACADEMY CHARTER SCHOOL-UNION SQUARE,SUCCESS ACADEMY CHARTER SCHOOL-UNION SQUARE,40 IRVING PL-2ND FL,NEW YORK,10003,36061,40.735504,-73.987439,1,1,1,1,0,0,0,7,720,48
2018,360108506376,GREAT OAKS CHARTER SCHOOL,GREAT OAKS CHARTER SCHOOL,38 DELANCEY ST-3RD FL,NEW YORK,10002,36061,40.719909,-73.991729,2,1,1,1,0,0,6,8,263,20
2018,360108606403,SUCCESS ACADEMY CHARTER SCHOOL-FORT GREENE,SUCCESS ACADEMY CHARTER SCHOOL-FORT GREENE,101 PARK AVE-3RD FL,BROOKLYN,11205,36047,40.696803,-73.976069,1,1,1,1,0,0,0,4,294,22
2018,360108806425,NEW VISIONS CHTR HS-ADV MA/SCI III,NEW VISIONS CHTR HS-ADV MA/SCI III,3000 AVE X,BROOKLYN,11235,36047,40.593414,-73.936386,3,1,1,1,1,0,9,12,397,35
2018,360108906412,SUCCESS ACADEMY CHARTER SCHOOL-PROSPECT HEIGHTS,SUCCESS ACADEMY CHARTER SCHOOL-PROSPECT HEIGHTS,790 PROSPECT PL,BROOKLYN,11216,36047,40.67373,-73.9514,1,1,1,1,0,0,0,7,630,43
2018,360109006378,EAST HARLEM SCHOLARS ACADEMY CHARTER SCHOOL II,EAST HARLEM SCHOLARS ACADEMY CHARTER SCHOOL II,1573 MADISON AVE-RM 320,NEW YORK,10029,36061,40.793703,-73.948683,1,1,1,1,0,0,-1,6,416,51
2018,360109106389,ICAHN CHARTER SCHOOL 7,ICAHN CHARTER SCHOOL 7,1535 STORY AVE,BRONX,10473,36005,40.822446,-73.877407,1,1,1,1,0,0,0,7,263,21
2018,360109206415,NEW AMERICAN ACADEMY CHARTER SCHOOL (THE),NEW AMERICAN ACADEMY CHARTER SCHOOL (THE),9301 AVE B,BROOKLYN,11236,36047,40.65134,-73.913941,1,1,1,1,0,0,0,5,365,33
2018,360109306429,MATH ENGINEERING AND SCIENCE ACADEMY CHARTER HIGH SCHOOL,MATH ENGINEERING AND SCIENCE ACADEMY CHARTER HIGH SCHOOL,231 PALMETTO ST,BROOKLYN,11221,36047,40.695534,-73.915414,3,1,1,1,0,0,9,12,475,44
2018,360109406404,UNITY PREPARATORY CHARTER SCHOOL OF BROOKLYN,UNITY PREPARATORY CHARTER SCHOOL OF BROOKLYN,432 MONROE ST,BROOKLYN,11221,36047,40.686303,-73.940964,7,1,1,1,0,0,6,11,513,56
2018,360109506413,SUCCESS ACADEMY CHARTER SCHOOL-CROWN HEIGHTS,SUCCESS ACADEMY CHARTER SCHOOL-CROWN HEIGHTS,330 CROWN ST-5TH FL,BROOKLYN,11225,36047,40.66604,-73.949211,1,1,1,1,0,0,0,6,630,40
2018,360109606390,SUCCESS ACADEMY CHARTER SCHOOL-BRONX 3,SUCCESS ACADEMY CHARTER SCHOOL-BRONX 3,1000 TELLER AVE,BRONX,10469,36005,40.827634,-73.913847,1,1,1,1,0,0,0,6,637,44
2018,360109706377,HARLEM HEBREW LANGUAGE ACADEMY CHARTER SCHOOL,HARLEM HEBREW LANGUAGE ACADEMY CHARTER SCHOOL,147 ST NICHOLAS AVE,NEW YORK,10026,36061,40.8048,-73.953,1,1,1,1,0,0,0,6,494,30
2018,360109806405,CITIZENS OF THE WORLD CHARTER SCHOOL - WILLIAMSBURG,CITIZENS OF THE WORLD CHARTER SCHOOL - WILLIAMSBURG,424 LEONARD ST-3RD FL,BROOKLYN,11222,36047,40.719728,-73.948354,-1,1,2,1,,,,,,
2018,360109906375,SUCCESS ACADEMY CHARTER SCHOOL-HELLS KITCHEN,SUCCESS ACADEMY CHARTER SCHOOL-HELLS KITCHEN,439 W 49TH ST-2ND FL,NEW YORK,10019,36061,40.763876,-73.990402,1,1,1,1,0,0,0,5,464,27
2018,360110006402,BROOKLYN URBAN GARDEN CHARTER SCHOOL,BROOKLYN URBAN GARDEN CHARTER SCHOOL,500 19TH ST,BROOKLYN,11215,36047,40.656281,-73.982607,2,1,1,1,0,0,6,8,286,37
2018,360110106411,CITIZENS OF THE WORLD CHARTER SCHOOL - CROWN HEIGHTS,CITIZENS OF THE WORLD CHARTER SCHOOL - CROWN HEIGHTS,791 EMPIRE BLVD,BROOKLYN,11213,36047,40.663939,-73.9362,-1,1,2,1,,,,,,
2018,360110206414,CANARSIE ASCEND CHARTER SCHOOL,CANARSIE ASCEND CHARTER SCHOOL,9719 FLATLANDS AVE,BROOKLYN,11236,36047,40.644167,-73.900792,1,1,1,1,0,0,0,6,865,65
2018,360110306424,NEW VISIONS CHARTER HIGH SCHOOL FOR THE HUMANITIES III,NEW VISIONS CHARTER HIGH SCHOOL FOR THE HUMANITIES III,3000 AVE X,BROOKLYN,11235,36047,40.593669,-73.936629,3,1,1,1,0,0,9,12,236,26
2018,360110506385,SOUTH BRONX CLASSICAL CHARTER SCHOOL II,SOUTH BRONX CLASSICAL CHARTER SCHOOL II,333 E 135TH ST,BRONX,10454,36005,40.808151,-73.925622,1,1,1,1,0,0,0,6,357,32
2018,360110606410,LEADERSHIP PREPARATORY CANARSIE CHARTER SCHOOL,LEADERSHIP PREPARATORY CANARSIE CHARTER SCHOOL,1070 E 104TH ST,BROOKLYN,11236,36047,40.644148,-73.892556,1,1,1,1,0,0,0,8,794,63
2018,360110806384,BRILLA COLLEGE PREPARATORY CHARTER SCHOOL,BRILLA COLLEGE PREPARATORY CHARTER SCHOOL,413 E 144TH ST,BRONX,10454,36005,40.8128,-73.9193,1,1,1,1,0,0,0,6,572,51
2018,360110906421,ACHIEVEMENT FIRST ASPIRE CHARTER SCHOOL,ACHIEVEMENT FIRST ASPIRE CHARTER SCHOOL,982 HEGEMAN AVE,BROOKLYN,11208,36047,40.666139,-73.87634,1,1,1,1,0,0,0,6,638,62
2018,360111006501,SUCCESS ACADEMY CHARTER SCHOOL - WASHINGTON HEIGHTS,SUCCESS ACADEMY CHARTER SCHOOL - WASHINGTON HEIGHTS,701 FORT WASHINGTON AVE,NEW YORK,10040,36061,40.85784,-73.935371,1,1,1,1,0,0,0,5,502,29
2018,360111106493,BROOKLYN LABORATORY CHARTER SCHOOL,BROOKLYN LABORATORY CHARTER SCHOOL,240 JAY ST,BROOKLYN,11201,36047,40.697093,-73.987213,2,1,1,1,0,0,6,10,688,56
2018,360111206517,ACHIEVEMENT FIRST LINDEN CHARTER SCHOOL,ACHIEVEMENT FIRST LINDEN CHARTER SCHOOL,800 VAN SICLEN AVE,BROOKLYN,11207,36047,40.660087,-73.885767,1,1,1,1,0,0,0,5,562,7
2018,360111406511,CENTRAL BROOKLYN ASCEND CHARTER SCHOOL,CENTRAL BROOKLYN ASCEND CHARTER SCHOOL,465 E 29TH ST,BROOKLYN,11226,36047,40.638949,-73.949085,1,1,1,1,0,0,0,5,553,38
2018,360111506454,BOYS PREPARATORY CHARTER SCHOOL OF NEW YORK,BOYS PREPARATORY CHARTER SCHOOL OF NEW YORK,192 E 151ST ST,BRONX,10451,36005,40.820295,-73.927409,1,1,1,1,0,0,-1,5,542,53
2018,360111606476,SUCCESS ACADEMY CHARTER SCHOOL - ROSEDALE,SUCCESS ACADEMY CHARTER SCHOOL - ROSEDALE,147-65 249TH ST,ROSEDALE,11422,36081,40.655512,-73.738219,1,1,1,1,0,0,0,4,437,22
2018,360111806486,SUCCESS ACADEMY CHARTER SCHOOL - SPRINGFIELD GARDENS,SUCCESS ACADEMY CHARTER SCHOOL - SPRINGFIELD GARDENS,132-55 RIDGEDALE ST,SPRINGFIELD GARDENS,11413,36081,40.681772,-73.753086,1,1,1,1,0,0,0,6,643,31
2018,360111906495,AMERICAN DREAM CHARTER SCHOOL,AMERICAN DREAM CHARTER SCHOOL,510 E 141ST ST-4TH FL,BRONX,10454,36005,40.809155,-73.917454,2,1,1,1,0,0,6,10,424,32
2018,360112006529,SUCCESS ACADEMY CHARTER SCHOOL - BRONX 4,SUCCESS ACADEMY CHARTER SCHOOL - BRONX 4,885 BOLTON AVE-3RD FL,BRONX,10473,36005,40.823296,-73.859866,1,1,1,1,0,0,0,5,548,31
2018,360112106516,COMPASS CHARTER SCHOOL,COMPASS CHARTER SCHOOL,300 ADELPHI-4TH FL,BROOKLYN,11205,36047,40.688562,-73.971417,1,1,1,1,0,0,0,5,316,56
2018,360112206469,SUCCESS ACADEMY CHARTER SCHOOL - BENSONHURST,SUCCESS ACADEMY CHARTER SCHOOL - BENSONHURST,99 AVE P-4TH FL,BROOKLYN,11204,36047,40.607797,-73.984895,1,1,1,1,0,0,0,5,509,25
2018,360112306534,SUCCESS ACADEMY CS - BERGEN BEACH,SUCCESS ACADEMY CS - BERGEN BEACH,1420 E 68TH ST-3RD FL,BROOKLYN,11234,36047,40.620908,-73.913297,1,1,1,1,0,0,0,5,553,31
2018,360112406457,ACHIEVEMENT FIRST NORTH BROOKLYN PREPARATORY CHARTER SCHOOL,ACHIEVEMENT FIRST NORTH BROOKLYN PREPARATORY CHARTER SCHOOL,200 WOODBINE ST,BROOKLYN,11221,36047,40.693885,-73.9149,1,1,1,1,0,0,0,5,533,56
2018,360112506479,FAMILY LIFE ACADEMY CHARTER SCHOOL III,FAMILY LIFE ACADEMY CHARTER SCHOOL III,370 GERARD AVE,BRONX,10451,36005,40.8163,-73.930151,1,1,1,1,0,0,0,4,255,14
2018,360112706551,BRONX CHARTER SCHOOL FOR BETTER LEARNING II,BRONX CHARTER SCHOOL FOR BETTER LEARNING II,2545 GUNTHER AVE,BRONX,10469,36005,40.8642,-73.836301,1,1,1,1,0,0,0,3,296,25
2018,360112906566,ROSALYN YALOW CHARTER SCHOOL,ROSALYN YALOW CHARTER SCHOOL,116 E 169TH ST,BRONX,10452,36005,40.83691,-73.917581,1,1,1,1,0,0,0,4,426,40
2018,360113006565,NEW VENTURES CHARTER SCHOOL,NEW VENTURES CHARTER SCHOOL,CORPORATE COMMONS ONE AT 1 TELEPORT DR,STATEN ISLAND,10311,36085,40.605633,-74.179863,3,1,1,1,0,0,9,12,117,10
2018,360113106555,SOUTH BRONX EARLY COLLEGE ACADEMY CHARTER SCHOOL,SOUTH BRONX EARLY COLLEGE ACADEMY CHARTER SCHOOL,766 WESTCHESTER AVE,BRONX,10455,36005,40.81807,-73.904221,2,1,1,1,0,0,6,8,334,18
2018,360113206570,SOUTH BRONX CLASSICAL CHARTER SCHOOL III,SOUTH BRONX CLASSICAL CHARTER SCHOOL III,3458 THIRD AVE,BRONX,10456,36005,40.82952,-73.906201,1,1,1,1,0,0,0,4,320,22
2018,360113306569,CHARTER HIGH SCHOOL FOR LAW AND SOCIAL JUSTICE,CHARTER HIGH SCHOOL FOR LAW AND SOCIAL JUSTICE,1960 UNIVERSITY AVE,BRONX,10453,36005,40.853624,-73.911775,3,1,1,1,0,0,9,12,422,27
2018,360113406558,INTERNATIONAL CHARTER SCHOOL OF NEW YORK (THE),INTERNATIONAL CHARTER SCHOOL OF NEW YORK (THE),47-55 WILLOUGHBY ST,BROOKLYN,11201,36047,40.69233,-73.986911,1,1,1,1,0,0,0,4,343,24
2018,360113606549,NEW VISIONS CHTR HS-ADV MA/SCI IV,NEW VISIONS CHTR HS-ADV MA/SCI IV,156-10 BAISLEY BLVD,JAMAICA,11434,36081,40.67406,-73.782741,3,1,1,1,0,0,9,12,472,35
2018,360113706552,STOREFRONT ACADEMY CHARTER SCHOOL,STOREFRONT ACADEMY CHARTER SCHOOL,609 JACKSON AVE,BRONX,10455,36005,40.808939,-73.921733,1,1,1,1,0,0,0,4,227,14
2018,360113806563,ATMOSPHERE ACADEMY PUBLIC CHARTER SCHOOL,ATMOSPHERE ACADEMY PUBLIC CHARTER SCHOOL,22 MARBLE HILL AVE,BRONX,10463,36061,40.87514,-73.910311,2,1,1,1,0,0,6,8,407,19
2018,360113906571,SCHOOL IN THE SQUARE PUBLIC CHARTER SCHOOL,SCHOOL IN THE SQUARE PUBLIC CHARTER SCHOOL,120 WADSWORTH AVE,NEW YORK,10033,36061,40.84874,-73.936031,2,1,1,1,0,0,6,8,301,29
2018,360114006583,SUCCESS ACADEMY CHARTER SCHOOL-BED STUY 3,SUCCESS ACADEMY CHARTER SCHOOL-BED STUY 3,787 LAFAYETTE AVE,BROOKLYN,11221,36047,40.69125,-73.940671,1,1,1,1,0,0,3,3,1,38
2018,360114106598,SUCCESS ACADEMY CHARTER SCHOOL-SOUTH JAMAICA,SUCCESS ACADEMY CHARTER SCHOOL-SOUTH JAMAICA,120-27 141ST ST,JAMAICA,11436,36081,40.675589,-73.799787,1,1,1,1,0,0,0,3,310,11
2018,360114206578,BRONX CHARTER SCHOOL FOR EXCELLENCE 2,BRONX CHARTER SCHOOL FOR EXCELLENCE 2,1804 HOLLAND AVE,BRONX,10462,36005,40.845902,-73.864229,1,1,1,1,0,0,0,3,234,11
2018,360114306591,ACHIEVEMENT FIRST VOYAGER CHARTER SCHOOL,ACHIEVEMENT FIRST VOYAGER CHARTER SCHOOL,601 PARKSIDE AVE,BROOKLYN,11226,36047,40.656279,-73.954088,2,1,1,1,0,0,5,7,242,40
2018,360114406597,CAPITAL PREPARATORY (CP) HARLEM CHARTER SCHOOL,CAPITAL PREPARATORY (CP) HARLEM CHARTER SCHOOL,1 E 104TH ST,NEW YORK,10029,36061,40.79286,-73.951531,2,1,1,1,0,0,6,9,338,10
2018,360114506574,COLLEGIATE ACADEMY-MATH-PERSONAL AWA,COLLEGIATE ACADEMY-MATH-PERSONAL AWA,1962-84 LINDEN BLVD,BROOKLYN,11207,36047,40.658777,-73.889203,2,1,1,1,0,0,6,8,109,7
2018,360114606580,SUCCESS ACADEMY CHARTER SCHOOL-BUSHWICK,SUCCESS ACADEMY CHARTER SCHOOL-BUSHWICK,139 MENAHAN ST,BROOKLYN,11221,36047,40.696026,-73.919454,1,1,1,1,0,0,0,4,349,21
2018,360114706595,SOUTH BRONX COMMUNITY CHARTER HIGH SCHOOL,SOUTH BRONX COMMUNITY CHARTER HIGH SCHOOL,730 CONCOURSE VILLAGE WEST,BRONX,10451,36005,40.82257,-73.923551,7,1,1,1,0,0,9,11,289,14
2018,360114806585,SUCCESS ACADEMY CHARTER SCHOOL-FLATBUSH,SUCCESS ACADEMY CHARTER SCHOOL-FLATBUSH,15 SNYDER AVE,BROOKLYN,11226,36047,40.64867,-73.957501,1,1,1,1,0,0,0,3,337,16
2018,360114906588,AMBER CHARTER SCHOOL KINGSBRIDGE,AMBER CHARTER SCHOOL KINGSBRIDGE,3120 CORLEAR AVE,BRONX,10463,36005,40.88069,-73.906991,1,1,1,1,0,0,0,3,357,19
2018,360115006582,BROOKLYN PROSPECT CHARTER SCHOOL-CSD 13,BROOKLYN PROSPECT CHARTER SCHOOL-CSD 13,80 WILLOUGHBY AVE,BROOKLYN,11205,36047,40.692068,-73.985529,1,1,1,1,0,0,0,8,701,61
2018,360115106581,SUCCESS ACADEMY CHARTER SCHOOL-FAR ROCKAWAY,SUCCESS ACADEMY CHARTER SCHOOL-FAR ROCKAWAY,10-45 NAMEOKE ST,FAR ROCKAWAY,11691,36081,40.60394,-73.749851,1,1,1,1,0,0,0,3,407,19
2018,360115206577,GROWING UP GREEN CHARTER SCHOOL II,GROWING UP GREEN CHARTER SCHOOL II,84-35 152ND ST,JAMAICA,11432,36081,40.71307,-73.807541,1,1,1,1,0,0,-1,4,359,42
2018,360115406586,NEW YORK CITY CHARTER SCHOOL OF THE ARTS,NEW YORK CITY CHARTER SCHOOL OF THE ARTS,26 BROADWAY-12TH FL,NEW YORK,10004,36061,40.705433,-74.012941,2,1,1,1,0,0,6,8,273,23
2018,360115506608,WHIN MUSIC COMMUNITY CHARTER SCHOOL,WHIN MUSIC COMMUNITY CHARTER SCHOOL,401 W 164TH ST-4TH FL,NEW YORK,10032,36061,40.8367,-73.937321,1,1,1,1,0,0,0,2,139,18
2018,360115606620,SOUTH BRONX CLASSICAL CHARTER SCHOOL IV,SOUTH BRONX CLASSICAL CHARTER SCHOOL IV,3458 3RD AVE,BRONX,10456,36005,40.82952,-73.906201,1,1,1,1,0,0,0,2,157,16
2018,360115706601,BRONX CHARTER SCHOOL FOR EXCELLENCE 3,BRONX CHARTER SCHOOL FOR EXCELLENCE 3,3956 CARPENTER AVE,BRONX,10466,36005,40.88813,-73.863521,1,1,1,1,0,0,0,2,234,7
2018,360115806600,LEGACY COLLEGE PREPARATORY CHARTER SCHOOL,LEGACY COLLEGE PREPARATORY CHARTER SCHOOL,416 WILLIS AVE,BRONX,10454,36005,40.81323,-73.919641,2,1,1,1,0,0,6,7,252,14
2018,360115906610,SUCCESS ACADEMY CHARTER SCHOOL-HARLEM 6,SUCCESS ACADEMY CHARTER SCHOOL-HARLEM 6,461 W 131ST ST,NEW YORK,10027,36061,40.81621,-73.953491,1,1,1,1,0,0,0,2,227,17
2018,360116006622,BROOKLYN EMERGING LEADERS ACADEMY CHARTER SCHOOL,BROOKLYN EMERGING LEADERS ACADEMY CHARTER SCHOOL,125 STUYVESANT AVE-RM 205,BROOKLYN,11221,36047,40.69122,-73.933531,3,1,1,1,0,0,9,12,116,14
2018,360116106615,NEW YORK CENTER FOR AUTISM CHARTER SCHOOL BRONX,NEW YORK CENTER FOR AUTISM CHARTER SCHOOL BRONX,1180 TINTON AVE,BRONX,10459,36005,40.828652,-73.900121,1,2,1,1,0,0,0,0,20,5
2018,360116206621,NEW VISIONS CHARTER HIGH SCHOOL FOR THE HUMANITIES IV,NEW VISIONS CHARTER HIGH SCHOOL FOR THE HUMANITIES IV,100-00 BEACH CHANNEL DR,ROCKAWAY PARK,11694,36081,40.58615,-73.825021,7,1,1,1,0,0,9,10,190,16
2018,360116406623,FORTE PREPARATORY ACADEMY CHARTER SCHOOL,FORTE PREPARATORY ACADEMY CHARTER SCHOOL,32-20 108TH ST,EAST ELMHURST,11369,36081,40.75928,-73.861561,2,1,1,1,0,0,5,6,179,27
2018,360116506617,BRILLA VERTIAS CHARTER SCHOOL,BRILLA VERTIAS CHARTER SCHOOL,500 COURTLANDT AVE,BRONX,10451,36005,40.81539,-73.919951,1,1,1,1,0,0,0,1,163,14
2018,360116606625,HEBREW LANGUAGE ACADEMY CHARTER SCHOOL 2,HEBREW LANGUAGE ACADEMY CHARTER SCHOOL 2,1870 STILLWELL AVE,BROOKLYN,11223,36047,40.60075,-73.986221,1,1,1,1,0,0,0,2,233,15
2018,360116706607,SUCCESS ACADEMY CHARTER SCHOOL-HUDSON YARDS,SUCCESS ACADEMY CHARTER SCHOOL-HUDSON YARDS,500 W 41ST ST,NEW YORK,10018,36061,40.759011,-73.99647,1,1,1,1,0,0,0,2,228,14
2018,360117106637,ZETA CHARTER SCHOOL - INWOOD 1,ZETA CHARTER SCHOOL - INWOOD 1,652 W 187TH ST,NEW YORK,10033,36061,40.85361,-73.93278,1,1,3,1,0,0,0,1,167,12
2018,360117506654,CYPRESS HILLS ASCEND CHARTER SCHOOL,CYPRESS HILLS ASCEND CHARTER SCHOOL,396 GRANT AVE,BROOKLYN,11208,36047,40.68116,-73.866901,1,1,3,1,0,0,0,1,125,12
2018,360117606647,KIPP FREEDOM CHARTER SCHOOL,KIPP FREEDOM CHARTER SCHOOL,2246 JEROME AVE,BRONX,10453,36005,40.85788,-73.903971,1,1,3,1,0,0,5,5,191,12
2018,360117706638,ZETA CHARTER SCHOOL - BRONX 1,ZETA CHARTER SCHOOL - BRONX 1,222 ALEXANDER AVE,BRONX,10454,36005,40.80942,-73.925391,1,1,3,1,0,0,0,1,183,12
2018,360117806656,ELM COMMUNITY CHARTER SCHOOL,ELM COMMUNITY CHARTER SCHOOL,149-34 35TH AVE,FLUSHING,11354,36081,40.76621,-73.816071,1,1,3,1,0,0,0,1,103,7
2018,360117906664,LOIS AND RICHARD NICOTRA EARLY COLLEGE CHARTER SCHOOL,LOIS AND RICHARD NICOTRA EARLY COLLEGE CHARTER SCHOOL,1 TELEPORT DR-3RD FL CORPORATE COMMONS TWO,STATEN ISLAND,10311,36085,40.60533,-74.179171,7,1,3,1,0,0,8,9,78,7
2018,360118006636,BRONX CHARTER SCHOOL FOR EXCELLENCE 4,BRONX CHARTER SCHOOL FOR EXCELLENCE 4,3956 CARPENTER AVE,BRONX,10466,36005,40.88813,-73.863521,1,1,3,1,0,0,0,1,105,5
2018,360118206634,URBAN ASSEMBLY CHARTER SCHOOL FOR COMPUTER SCIENCE,URBAN ASSEMBLY CHARTER SCHOOL FOR COMPUTER SCIENCE,1300 BOYNTON AVE-3RD FL,BRONX,10472,36005,40.83263,-73.878351,7,1,3,1,0,0,9,9,112,13
2018,360118306663,OUR WORLD NEIGHBORHOOD CHARTER SCHOOL 2,OUR WORLD NEIGHBORHOOD CHARTER SCHOOL 2,135-25 79TH ST,HOWARD BEACH,11414,36081,40.671392,-73.855578,1,1,3,1,0,0,0,2,95,11
2018,360118406641,EMBLAZE ACADEMY CHARTER SCHOOL,EMBLAZE ACADEMY CHARTER SCHOOL,1744 WILLIAMSBRIDGE RD,BRONX,10461,36005,40.85014,-73.850711,2,1,3,1,0,0,5,8,90,10
2018,360118506657,KEY COLLEGIATE CHARTER SCHOOL,KEY COLLEGIATE CHARTER SCHOOL,257 CHESTER ST,BROOKLYN,11212,36047,40.6653,-73.910461,1,1,3,1,0,0,4,5,113,10
2018,360118606645,EDMUND W GORDON BROOKLYN LABORATORY CHARTER SCHOOL,EDMUND W GORDON BROOKLYN LABORATORY CHARTER SCHOOL,77 SANDS ST,BROOKLYN,11201,36047,40.70032,-73.987231,2,1,3,1,0,0,6,6,50,24
2018,360118706628,URBAN DOVE TEAM CHARTER SCHOOL II,URBAN DOVE TEAM CHARTER SCHOOL II,860 FOREST AVE,BRONX,10456,36005,40.82084,-73.905001,3,1,3,1,0,0,9,12,98,8
2018,361407001519,GELLER HOUSE SCHOOL,HAWTHORNE-CEDAR KNOLLS UNION FREE SCHOOL DISTRICT,77 CHICAGO AVE,STATEN ISLAND,10305,36085,40.6017,-74.069771,4,2,1,0,0,0,3,11,21,2
